event_id,package_ndc,company_name,status,update_type,availability,shortage_reason,initial_posting_date,update_date,change_date,discontinued_date,related_info,related_info_link,resolved_note,contact_info
1,0009-0225-02,Pfizer Inc.,To Be Discontinued,New,,,2026-02-25,2026-02-25,,2026-02-25,Discontinuation of the manufacture of the drug,,,844-646-4398
2,0409-2253-01,"Hospira, Inc., a Pfizer Company",Current,Reverified,Available,,2018-02-20,2026-09-22,,,Historical NDC: 0409-1582-29,,,844-646-4398
3,0781-3317-80,Sandoz Inc.,To Be Discontinued,New,,,2025-10-20,2025-10-20,,2025-10-20,Discontinuation of the manufacture of the drug,,,800-525-8747
4,0378-6857-77,"Mylan Pharmaceuticals Inc., a Viatris Company",Current,Reverified,Available,,2023-07-14,2026-09-17,,,,,,800-796-9526
5,72572-128-08,"Azurity Pharmaceuticals, Inc",Current,Reverified,Available,,2020-04-10,2026-09-16,,,Distributed by Civica,,,877-495-6856
6,61269-605-10,Cheplapharm Arzneimittel GmbH,Current,Reverified,Available,,2023-03-10,2026-09-16,,,Marketed by H2-Pharma,,,orders@h2-pharma.com
7,0009-3073-01,Pfizer Inc.,Current,Revised,Limited Availability,Demand increase for the drug,2021-12-15,2026-09-21,,,Limited Supply Available. Next Delivery: October 2026; Estimated Recovery: December 2026,,,844-646-4398
8,70069-753-10,"Somerset Therapeutics, LLC",Current,Reverified,Available,,2018-02-20,2026-09-11,,,,,,732-554-1037
9,0781-3519-90,Sandoz Inc.,To Be Discontinued,New,,,2025-10-10,2025-10-10,,2025-10-10,Discontinuation of the manufacture of the drug,,,800-525-8747
10,65162-024-09,Amneal Pharmaceuticals,Current,Reverified,Available,,2023-07-14,2026-06-17,,,,,,866-525-7270
11,0338-0017-31,Baxter Healthcare,Current,Reverified,Available,,2022-02-14,2026-09-17,,,,,,888-229-0001
12,0069-2299-30,Pfizer Inc.,To Be Discontinued,New,,,2026-06-08,2026-06-08,,2026-06-08,Discontinuation of the manufacture of the drug,,,800-533-4535
13,59651-722-01,Aurobindo Pharma USA,Current,Reverified,Available,,2023-03-10,2026-06-02,,,,,,866-850-2876
14,67457-893-08,"Mylan Institutional, a Viatris Company",To Be Discontinued,New,,,2025-10-24,2025-10-24,,2025-10-24,Discontinuation of the manufacture of the drug.,,,800-796-9526
15,0641-0929-25,"Hikma Pharmaceuticals USA, Inc.",Current,Revised,Limited Availability,Demand increase for the drug,2023-11-21,2026-09-18,,,Estimated recovery: TBD,,,800-631-2174
16,59417-103-10,Takeda Pharmaceuticals USA Inc.,Current,Reverified,Available,,2023-07-14,2026-09-15,,,,,,877-TAKEDA-7 (1-877-825-3327)
17,0409-0042-12,"Hospira, Inc., a Pfizer Company",Current,Reverified,Available,,2017-11-06,2026-09-22,,,,,,844-646-4398
18,76045-0210-10,"Fresenius Kabi USA, LLC",Current,Reverified,Available,,2019-02-08,2026-09-15,,,Checkwholesalers for inventory,,,888-386-1300
19,61958-1401-1,"Gilead Sciences, Inc.",To Be Discontinued,New,,,2025-10-07,2025-10-07,,2025-10-07,Gilead plans to sell through the end of February 2026. Discontinuation of the manufacture of the drug due to business reasons.,,,800-445-3235
20,0941-0413-07,Vantive US Healthcare LLC,To Be Discontinued,New,,,2026-08-03,2026-08-03,,2026-08-03,A business decision was made to discontinue manufacture of the drug.,,,800-284-4060
21,0071-0530-23,Pfizer Inc.,To Be Discontinued,New,,,2025-10-01,2025-10-01,,2025-10-01,Discontinuation of the manufacture of the drug,,,800-533-4535
22,76329-8261-1,"Amphastar Pharmaceuticals, Inc.",Current,Reverified,Available,,2018-05-03,2026-09-16,,,,,,800-423-4136
23,63323-487-37,"Fresenius Kabi USA, LLC",Current,Reverified,Available,,2016-10-14,2026-09-15,,,Check wholesalers for inventory,,,888-386-1300
24,44567-603-24,HQ Specialty Pharma,Current,Reverified,Available,,2020-04-10,2026-08-17,,,Marketed by WG Critical Care,,,WG Critical Care 888-493-0861
25,25021-652-82,InfoRLife SA,Current,Reverified,Available,,2018-03-27,2026-08-18,,,Marketed by Sagent Pharmaceuticals,,,Sagent: 866-625-1618
26,72572-076-24,Sandoz Inc.,Current,Reverified,Available,,2023-03-21,2026-09-18,,,Civica Label,,,800-525-8747
27,63323-426-05,"Fresenius Kabi USA, LLC",Current,Reverified,Unavailable,Delay in shipping of the drug,2023-02-15,2026-09-15,,,Next release October 2026. Check wholesalers for inventory.,,,888-386-1300
28,13811-707-10,"Trigen Laboratories, LLC",Current,Reverified,Limited Availability,Demand increase for the drug,2023-07-26,2026-09-16,,,Allocation to current contracted customers,,,800-541-4802
29,0527-0760-37,"Lannett Company, Inc.",Current,Reverified,Available,,2022-10-12,2026-09-15,,,,,,844-834-0530
30,0409-7838-24,Pfizer Inc.,Current,Reverified,Available,,2020-04-10,2026-09-21,,,,,,844-646-4398
31,55150-196-99,Eugia US LLC,Current,Reverified,Available,,2018-03-23,2026-09-17,,,Check wholesalers for inventory,,,888-238-7880
32,0574-0601-15,Padagis US LLC,To Be Discontinued,New,,,2026-07-23,2026-07-23,,2026-07-23,Discontinuation of the manufacture of the drug,,,(800) 775-2054
33,72888-154-01,Rubicon Research Private Limited,Current,Reverified,Available,,2023-03-10,2026-06-01,,,Marketed by Advagen Pharma Ltd.,,,sales@advagenpharma.com
34,65219-632-20,"Fresenius Kabi USA, LLC",Current,Reverified,Available,,2018-03-23,2026-09-15,,,,,,888-386-1300
35,68025-095-30,"Vertical Pharmaceuticals, LLC",Current,Reverified,Available,,2023-07-26,2026-09-16,,,,,,800-541-4802
36,0093-7767-24,"Teva Pharmaceuticals USA, Inc.",To Be Discontinued,New,,,2026-03-02,2026-03-02,,2026-03-02,Discontinuation of the manufacture of the drug,,,800-545-8800
37,0143-9532-25,"Hikma Pharmaceuticals USA, Inc.",Current,Reverified,Unavailable,Demand increase for the drug,2020-04-10,2026-09-18,,,Product temporarily on backorder.  Additional lots will be available in the September 2026 timeframe.,,,800-631-2174
38,63323-285-65,"Fresenius Kabi USA, LLC",Current,Reverified,Available,,2018-03-23,2026-09-15,,,Check wholesalers for inventory,,,888-386-1300
39,43066-027-10,"Caplin Steriles, Ltd.",Current,Reverified,Available,,2020-12-22,2026-06-10,,,Check wholesalers for inventory; Marketed by Baxter,,,888-229-0001
40,0093-0832-05,"Teva Pharmaceuticals USA, Inc.",Current,Reverified,Available,,2023-03-10,2026-09-15,,,,,,800-545-8800
41,61314-454-36,Sandoz Inc.,To Be Discontinued,New,,,2026-01-13,2026-01-13,,2026-01-13,Equivalent Sandoz format is available.,,,800-525-8747
42,45963-709-11,"Teva Pharmaceuticals USA, Inc.",To Be Discontinued,New,,,2026-08-31,2026-08-31,,2026-08-31,A business decision was made to discontinue manufacture of the drug.,,,800-545-8800
43,0574-0520-76,Padagis US LLC,To Be Discontinued,New,,,2026-05-15,2026-05-15,,2026-05-15,Discontinuation of the manufacture of the drug,,,866-634-9120
44,47781-176-01,Alvogen,Current,Reverified,Available,,2022-10-12,2026-09-17,,,,,,844-842-8672 and email: CustomerService-US@alvogen.com
45,63323-185-10,"Fresenius Kabi USA, LLC",Current,Reverified,Unavailable,Demand increase for the drug,2021-11-23,2026-09-15,,,Next release September 2026. Check wholesalers for inventory.,,,888-386-1300
46,0143-9606-01,"Hikma Pharmaceuticals USA, Inc.",Current,Reverified,Available,,2020-12-18,2026-09-18,,,Additional lots are scheduled for manufacturing to meet demand.  Product will be made available as it is released.,,,1-800-631-2174
47,63323-165-30,"Fresenius Kabi USA, LLC",Current,Reverified,Available,,2019-02-08,2026-09-15,,,Check wholesalers for inventory,,,888-386-1300
48,71357-002-10,Milla Pharmaceuticals,Current,Reverified,Available,,2016-02-03,2026-09-16,,,,,,833-251-8463
49,0409-2305-17,"Hospira, Inc., a Pfizer Company",Current,Revised,Limited Availability,Demand increase for the drug,2020-04-02,2026-09-22,,,Next Estimated Delivery and Estimated Recovery: December 2026,,,844-646-4398
50,65219-084-15,"Jiangsu Hengrui Pharmaceuticals Co., Ltd.",To Be Discontinued,New,,,2026-06-30,2026-06-30,,2026-06-30,"Marketed by Fresenius Kabi, USA; Discontinuation of the manufacture of the drug",,,888-386-1800
51,0409-7517-16,"Hospira, Inc., a Pfizer Company",Current,Reverified,Available,,2022-01-13,2026-09-22,,,,,,844-646-4398
52,0264-2101-10,B. Braun Medical Inc.,Current,Reverified,Available,,2023-04-28,2026-09-22,,,,,,800-227-2862
53,64764-805-30,Takeda Pharmaceuticals USA Inc.,To Be Discontinued,New,,,2026-03-19,2026-03-19,,2026-03-19,Product is expected to be available through June 2027.,,,877-825-3327
54,72572-127-10,"Azurity Pharmaceuticals, Inc",Current,Reverified,Available,,2020-04-10,2026-09-16,,,Distributed by Civica,,,877-495-6856
55,51754-5012-4,"Exela Pharma Sciences, LLC",Current,Reverified,Available,,2017-07-24,2026-09-15,,,,,,828-758-5474 ext. 154
56,0641-6039-01,"Hikma Pharmaceuticals USA, Inc.",Current,Revised,Unavailable,Demand increase for the drug,2017-11-03,2026-09-18,,,Additional lots will be available in the October 2026 timeframe.  Product will be made available as it is released.,,,800-631-2174
57,0409-1312-30,"Hospira, Inc., a Pfizer Company",Current,Reverified,Available,,2017-10-31,2026-09-22,,,,,,844-646-4398
58,0409-4350-03,"Hospira, Inc., a Pfizer Company",To Be Discontinued,New,,,2026-01-05,2026-01-05,,2026-01-05,Discontinuation of the manufacture of the drug,,,844-646-4398
59,25021-321-04,Sagent Pharmaceuticals,Current,Revised,Limited Availability,Delay in shipping of the drug,2018-01-31,2026-09-18,,,Estimated recovery: late September 2026,,,866-625-1618
60,63323-771-39,"Fresenius Kabi USA, LLC",Current,Reverified,Unavailable,Discontinuation of the manufacture of the drug,2020-12-18,2026-09-15,,,Discontinuation of the manufacture of the drug,,,1-888-386-1300
61,0338-0017-11,Baxter Healthcare,Current,Reverified,Available,,2022-02-14,2026-09-17,,,,,,888-229-0001
62,72607-100-00,"Epizyme, Inc. (An Ipsen Company)",To Be Discontinued,New,,,2026-03-27,2026-03-27,,2026-03-27,Discontinuation of the manufacture of the drug product,,,(855)-463-5127
63,0781-2859-31,Sandoz Inc.,To Be Discontinued,New,,,2025-10-09,2025-10-09,,2025-10-09,Discontinuation of the manufacture of the drug,,,800-525-8747
64,0006-3516-59,Merck Sharp & Dohme Corp.,To Be Discontinued,New,,,2026-01-08,2026-01-08,,2026-01-08,To be discontinued approximately 11/30/2026,,,800-672-6372
65,55150-222-20,Eugia US LLC,Current,Reverified,Unavailable,Demand increase for the drug,2022-10-05,2026-09-17,,,On backorder. Recovery: TBD. Check wholesalers for inventory,,,888-238-7880
66,63323-464-31,"Fresenius Kabi USA, LLC",Current,Reverified,Unavailable,Demand increase for the drug,2018-02-20,2026-09-15,,,Estimated recovery: TBD,,,888-386-1300
67,63323-083-05,"Fresenius Kabi USA, LLC",Current,Reverified,Available,,2017-07-24,2026-09-15,,,Check wholesalers for inventory.,,,888-386-1300
68,69238-1248-3,Amneal Pharmaceuticals,To Be Discontinued,New,,,2026-06-15,2026-06-15,,2026-06-15,Discontinuation of the manufacture of the drug,,,866-525-7270
69,55150-250-50,Eugia US LLC,Current,Reverified,Available,,2018-02-20,2026-09-17,,,Check wholesalers for inventory,,,888-238-7880
70,39822-3050-2,"XGen Pharmaceuticals DJB, Inc.",To Be Discontinued,New,,,2026-03-23,2026-03-23,,2026-03-23,A business decision was made to discontinue manufacture of the drug.,,,866-390-4411
71,49884-605-11,"Par Health, Inc.",To Be Discontinued,New,,,2026-04-29,2026-04-29,,2026-04-29,Discontinuation of the manufacture of the drug,,,800-828-9393
72,72572-161-10,"Hikma Pharmaceuticals USA, Inc.",Current,Reverified,Available,,2022-10-05,2026-09-18,,,Distributed by Civica,,,800-631-2174
73,0409-1749-29,"Hospira, Inc., a Pfizer Company",Current,Reverified,Available,,2018-02-20,2026-09-22,,,,,,844-646-4398
74,42806-799-60,"Epic Pharma, LLC",Current,Reverified,Available,,2021-12-22,2026-09-15,,,,,,(718) 276-8600 ext. 3
75,63323-483-57,"Fresenius Kabi USA, LLC",Current,Reverified,Available,,2016-10-14,2026-09-15,,,Check wholesalers for inventory,,,888-386-1300
76,71288-723-52,Kindos Pharmaceuticals Co. Ltd.,Current,Revised,Limited Availability,Discontinuation of the manufacture of the drug,2018-02-20,2026-05-05,,,Meitheal Pharmaceuticals is distributor/labeler,https://www.accessdata.fda.gov/scripts/drugshortages/dsp_ActiveIngredientDetails.cfm?AI=Bupivacaine%20Hydrochloride%20Injection&st=d,,844-824-8426
77,63323-604-01,"Fresenius Kabi USA, LLC",Current,Reverified,Available,,2023-10-31,2026-09-15,,,Check wholesalers for inventory,,,888-386-1300
78,83634-651-50,Anthea Pharma,Current,Reverified,Available,,2012-02-22,2026-09-15,,,"Distributed by Avenacy, LLC",,,"Avenacy, LLC: 877-283-6229"
79,63323-280-04,"Fresenius Kabi USA, LLC",Current,Reverified,Available,,2020-04-07,2026-09-15,,,Check wholesalers for inventory,,,888-386-1300
80,0409-4928-34,"Hospira, Inc., a Pfizer Company",To Be Discontinued,New,,,2025-11-07,2025-11-07,,2025-11-07,Discontinuation of the manufacture of the drug,,,844-646-4398
81,76329-3352-1,"Amphastar Pharmaceuticals, Inc.",Current,Reverified,Limited Availability,Demand increase for the drug,2017-03-01,2026-09-16,,,Available on allocation,,,800-423-4136
82,0409-9094-22,"Hospira, Inc., a Pfizer Company",Current,Reverified,Available,,2012-01-01,2026-09-22,,,,,,844-646-4398
83,31722-275-32,Aspiro Pharma Limited,Current,New,Available,,2018-02-20,2026-07-17,,,,,,"732-529-0430, customerservice@camberpharma.com"
84,67457-228-05,"Mylan Institutional, a Viatris Company",Current,Reverified,Available,,2023-02-15,2026-09-17,,,,,,800-796-9526
85,55150-252-20,Eugia US LLC,Current,Revised,Unavailable,Demand increase for the drug,2018-06-13,2026-09-17,,,On backorder. Recovery: late September 2026. Check wholesalers for inventory,,,888-238-7880
86,0409-6102-25,"Hospira, Inc., a Pfizer Company",Current,Revised,Unavailable,Other,2020-04-07,2026-09-22,,,Next Delivery and Estimated Recovery: December 2027; Shortage per Manufacturer: Manufacturing Delay,,,844-646-4398
87,21586-011-02,"SteriMax, Inc.",Current,Revised,Available,,2015-02-17,2026-06-15,,,,https://www.fda.gov/media/193116/download?attachment,,800-881-3550
88,0641-6147-10,"Hikma Pharmaceuticals USA, Inc.",Current,Reverified,Available,,2021-11-23,2026-09-18,,,Additional lots will be scheduled for manufacturing. Product will be made available as it is released.,,,800-631-2174
89,63323-806-01,"Fresenius Kabi USA, LLC",Current,Reverified,Available,,2012-01-01,2026-09-15,,,Check wholesalers for inventory,,,888-386-1300
90,0941-0415-07,Vantive US Healthcare LLC,To Be Discontinued,New,,,2026-08-03,2026-08-03,,2026-08-03,A business decision was made to discontinue manufacture of the drug.,,,800-284-4060
91,59572-102-01,Bristol Myers Squibb Co.,Current,Reverified,Available,,2020-12-18,2026-09-15,,,,,,1-888-423-5436
92,63323-484-57,"Fresenius Kabi USA, LLC",Current,Reverified,Unavailable,Demand increase for the drug,2012-02-22,2026-09-15,,,Estimated recovery: TBD,,,888-386-1300
93,0409-1312-36,"Hospira, Inc., a Pfizer Company",Current,Revised,Limited Availability,Other,2017-10-31,2026-09-22,,,Limited Supply Available. Next Delivery: January 2027; Estimated Recovery: March 2027; Shortage per Manufacturer: Manufacturing Delay,,,844-646-4398
94,0009-0775-26,Pfizer Inc.,Current,Reverified,Available,,2023-03-21,2026-09-21,,,,https://www.accessdata.fda.gov/scripts/drugshortages/dsp_ActiveIngredientDetails.cfm?AI=Clindamycin%20Phosphate%20Injection&st=d,,800-533-4535
95,70726-0304-1,"EDW Pharma, Inc. (formerly Italfarmaco Pharma, Inc.)",Current,Reverified,Available,,2024-01-26,2026-09-15,,,,https://www.fda.gov/media/185611/download?attachment,,610-937-6172
96,16729-502-43,Accord Healthcare Inc.,Current,Reverified,Unavailable,Requirements related to complying with good manufacturing practices,2020-04-07,2026-09-15,,,Estimated recovery: TBD,,,866-941-7875
97,61703-360-18,"Hospira, Inc., a Pfizer Company",Current,Revised,Unavailable,Other,2023-04-28,2026-09-22,,,Next Delivery: February 2027; Estimated Recovery: March 2027; Shortage per Manufacturer: Manufacturing Delay,,,844-646-4398
98,43066-023-10,"Caplin Steriles, Ltd.",Current,Reverified,Limited Availability,Other,2020-12-22,2026-06-10,,,Limited supply; Check wholesalers for inventory; Marketed by Baxter,,,888-229-0001
99,39822-0355-6,"XGen Pharmaceuticals DJB, Inc.",To Be Discontinued,New,,,2026-03-26,2026-03-26,,2026-03-26,A business decision was made to discontinue manufacture of the drug.,,,866-390-4411
100,61474-9711-1,Apotex Corp.,To Be Discontinued,New,,,2026-04-01,2026-04-01,,2026-04-01,Discontinuation of the manufacture of the drug,,,800-706-5575
101,43547-407-50,"Prinston Pharmaceutical, Inc.",Current,Reverified,Available,,2023-03-10,2026-09-02,,,Marketed by Solco Healthcare,,,"For orders, Solco Healthcare 866-931-9829"
102,0025-1031-31,Pfizer Inc.,To Be Discontinued,New,,,2025-12-10,2025-12-10,,2025-12-10,Discontinuation of the manufacture of the drug.,,,800-533-4535
103,65219-086-20,"Jiangsu Hengrui Pharmaceuticals Co., Ltd.",To Be Discontinued,New,,,2026-05-21,2026-05-21,,2026-05-21,Discontinuation of the manufacture of the drug,,,"Marketed by Fresenius Kabi, USA; Customer service: 888-386-1300"
104,0781-3290-09,Sandoz Inc.,Current,Reverified,Available,,2023-03-21,2026-09-18,,,,,,800-525-8747
105,70069-063-25,"Somerset Therapeutics, LLC",Current,Reverified,Available,,2018-03-23,2026-09-11,,,,,,732-554-1037
106,42858-163-01,Rhodes Pharmaceuticals L.P.,Current,Revised,Limited Availability,Shortage of an active ingredient,2023-07-14,2026-06-24,,,Estimated recovery: TBD,,,888-827-0616
107,0338-0069-10,Baxter Healthcare,Current,Revised,Unavailable,Demand increase for the drug,2018-06-06,2026-09-17,,,Estimated recovery: October 2026,,,888-229-0001
108,0781-6172-86,"Jiangsu Hengrui Pharmaceuticals Co. (US Agent eVenus Pharmaceutical Laboratories, Inc.)",To Be Discontinued,New,,,2026-07-02,2026-07-02,,2026-07-02,"Discontinuation of the manufacture of the drug; Distributed by Sandoz, Inc.",,,Sandoz: 800-525-8747
109,0378-5815-77,"Mylan Pharmaceuticals Inc., a Viatris Company",To Be Discontinued,New,,,2025-11-19,2025-11-19,,2025-11-19,A business decision was made to discontinue manufacture of the drug.,,,800-796-9526
110,0228-2853-11,"Actavis Pharma, Inc.",To Be Discontinued,New,,,2025-11-13,2025-11-13,,2025-11-13,A business decision was made to discontinue manufacture of the drug.,,,800-545-8800
111,72888-153-05,Rubicon Research Private Limited,Current,Reverified,Available,,2023-03-10,2026-06-01,,,Marketed by Advagen Pharma Ltd.,,,sales@advagenpharma.com
112,51754-5001-5,"Exela Pharma Sciences, LLC",Current,Reverified,Available,,2017-07-24,2026-09-15,,,,,,828-758-5474 ext. 154
113,57664-047-88,"Sun Pharmaceutical Industries, Inc.",Current,Revised,Limited Availability,Other,2023-07-14,2026-09-18,,,Estimated Recovery: TBD,,,800-818-4555
114,0002-4312-62,Eli Lilly and Co.,To Be Discontinued,New,,,2025-11-03,2025-11-03,,2025-11-03,"A business decision was made to discontinue manufacture of the 50 mg and 100 mg tablets. Distribution will end on May 31, 2026.",,,800-545-5979
115,52536-126-08,"Azurity Pharmaceuticals, Inc",Current,Reverified,Available,,2020-04-10,2026-09-16,,,"Distributed by Wilshire Pharmaceuticals, Inc.",,,877-495-6856
116,63323-286-20,"Fresenius Kabi USA, LLC",Current,Reverified,Unavailable,Delay in shipping of the drug,2018-03-23,2026-09-15,,,Estimated recovery: TBD,,,888-386-1300
117,57844-120-01,"Teva Pharmaceuticals USA, Inc.",Current,Reverified,Available,,2022-10-12,2026-09-15,,,,,,800-545-8800
118,63323-165-05,"Fresenius Kabi USA, LLC",Current,Reverified,Available,,2019-02-08,2026-09-15,,,Check wholesalers for inventory,,,888-386-1300
119,0025-1001-31,Pfizer Inc.,To Be Discontinued,New,,,2025-12-10,2025-12-10,,2025-12-10,Discontinuation of the manufacture of the drug.,,,800-533-4535
120,59417-101-10,Takeda Pharmaceuticals USA Inc.,Current,Reverified,Available,,2023-07-14,2026-09-15,,,,,,877-TAKEDA-7 (1-877-825-3327)
121,63323-486-57,"Fresenius Kabi USA, LLC",Current,Reverified,Available,,2012-02-22,2026-09-15,,,Check wholesalers for inventory,,,888-386-1300
122,0409-7853-24,Pfizer Inc.,Current,Reverified,Available,,2020-04-10,2026-09-21,,,,,,844-646-4398
123,0378-5814-77,"Mylan Pharmaceuticals Inc., a Viatris Company",To Be Discontinued,New,,,2025-11-19,2025-11-19,,2025-11-19,A business decision was made to discontinue manufacture of the drug.,,,800-796-9526
124,55513-810-60,Amgen Inc.,To Be Discontinued,New,,,2026-03-24,2026-03-24,,2026-01-01,Discontinuation of the manufacture of the drug product,,,1-800-772-6436
125,71225-126-05,Slayback Pharma,To Be Discontinued,New,,,2026-06-05,2026-06-05,,2026-06-05,Discontinuation of the manufacture of the drug,,,800-461-7449
126,0378-5813-77,"Mylan Pharmaceuticals Inc., a Viatris Company",To Be Discontinued,New,,,2025-11-19,2025-11-19,,2025-11-19,A business decision was made to discontinue manufacture of the drug.,,,800-796-9526
127,0480-3565-01,"Teva Pharmaceuticals USA, Inc.",Current,Reverified,Available,,2023-07-14,2026-09-15,,,,,,800-545-8800
128,71288-563-84,"Meitheal Pharmaceuticals, Inc.",Current,Revised,Available,,2023-07-18,2026-08-27,,,,,,844-824-8426
129,70121-1388-1,Amneal Pharmaceuticals,Current,Reverified,Available,,2020-04-10,2026-06-17,,,,,,877-835-5472
130,0574-7045-12,Padagis US LLC,To Be Discontinued,New,,,2026-07-23,2026-07-23,,2026-07-23,Discontinuation of the manufacture of the drug,,,(800) 775-2054
131,0409-4904-34,"Hospira, Inc., a Pfizer Company",To Be Discontinued,New,,,2025-11-07,2025-11-07,,2025-11-07,Discontinuation of the manufacture of the drug,,,844-646-4398
132,0990-7930-09,Otsuka ICU Medical LLC,Current,Reverified,Available,,2022-03-01,2026-09-16,,,"This product is distributed by ICU Medical. For questions regarding this product, please contact ICU Medical.",,,1-866-829-9025 or ProductAvailability@icumed.com
133,0574-7040-12,Padagis US LLC,To Be Discontinued,New,,,2026-07-23,2026-07-23,,2026-07-23,Discontinuation of the manufacture of the drug,,,(800) 775-2054
134,62037-727-01,"Teva Pharmaceuticals USA, Inc.",Current,Reverified,Available,,2023-07-26,2026-09-15,,,,,,800-545-8800
135,0054-0372-25,"Hikma Pharmaceuticals USA, Inc.",Current,Reverified,Limited Availability,Shortage of an active ingredient,2023-07-14,2026-09-18,,,Available on allocation,,,800-631-2174
136,47781-178-01,Alvogen,Current,Reverified,Available,,2022-10-12,2026-09-17,,,,,,844-842-8672 and email: CustomerService-US@alvogen.com
137,0169-4303-30,"Novo Nordisk, Inc.",To Be Discontinued,New,,,2026-06-04,2026-06-04,,2026-06-04,Discontinuation of the manufacture of the drug. These products will be replaced by Ozempic (semaglutide) tablets.,,,833-493-4689
138,63323-485-57,"Fresenius Kabi USA, LLC",Current,Reverified,Available,,2012-02-22,2026-09-15,,,Check wholesalers for inventory,,,888-386-1300
139,0338-0017-10,Baxter Healthcare,Current,Reverified,Available,,2022-02-14,2026-09-17,,,,,,888-229-0001
140,0409-1162-02,"Hospira, Inc., a Pfizer Company",Current,Reverified,Available,,2018-02-20,2026-09-22,,,,,,844-646-4398
141,45963-677-96,"Teva Pharmaceuticals USA, Inc.",To Be Discontinued,New,,,2026-08-31,2026-08-31,,2026-08-31,A business decision was made to discontinue manufacture of the drug.,,,800-545-8800
142,13107-073-01,Aurobindo Pharma USA,Current,Reverified,Unavailable,Shortage of an active ingredient,2022-10-12,2026-07-21,,,Estimated availability: October 2026,,,(866) 850-2876 or CustomerService@AurobindoUSA.com
143,0409-6648-02,"Hospira, Inc., a Pfizer Company",Current,Revised,Limited Availability,Other,2022-01-13,2026-08-24,,,Next Delivery: November 2026; Estimated Recovery: December 2026. Shortage per Manufacturer: Manufacturing Delay,,,844-646-4398
144,0574-7045-04,Padagis US LLC,To Be Discontinued,New,,,2026-07-23,2026-07-23,,2026-07-23,Discontinuation of the manufacture of the drug,,,(800) 775-2054
145,47781-562-01,Alvogen,Current,Reverified,Available,,2023-07-14,2026-09-17,,,,,,844-842-8672 and email: CustomerService-US@alvogen.com
146,50742-463-16,Ingenus Pharmaceuticals LLC,To Be Discontinued,New,,,2026-02-20,2026-02-20,,2026-02-20,A business decision was made to discontinue manufacture of the drug.,,,866-321-5031
147,31722-277-34,Aspiro Pharma Limited,Current,New,Available,,2018-02-20,2026-07-17,,,,,,"732-529-0430, customerservice@camberpharma.com"
148,0641-6061-25,"Hikma Pharmaceuticals USA, Inc.",Current,Reverified,Available,,2020-04-02,2026-09-18,,,Additional lots are scheduled to be manufactured.  Product will be made available as it is released.,,,800-631-2174
149,57664-084-88,"Sun Pharmaceutical Industries, Inc.",Current,Revised,Available,,2023-07-14,2026-09-18,,,,,,800-818-4555
150,0025-2732-31,Pfizer Inc.,To Be Discontinued,New,,,2026-08-24,2026-08-24,,2026-08-24,Discontinuation of the manufacture of the drug,,,800-533-4535
151,71288-726-52,Kindos Pharmaceuticals Co. Ltd.,To Be Discontinued,New,,,2026-05-05,2026-05-05,,2026-05-05,Discontinuation of the manufacture of the drug,,,844-824-8426
152,0378-6854-77,"Mylan Pharmaceuticals Inc., a Viatris Company",Current,Reverified,Available,,2023-07-14,2026-09-17,,,,,,800-796-9526
153,63323-482-57,"Fresenius Kabi USA, LLC",Current,Reverified,Unavailable,Other,2016-10-14,2026-09-15,,,Next release September 2026. Check wholesalers for inventory.,,,888-386-1300
154,0409-9043-01,"Hospira, Inc., a Pfizer Company",Current,Revised,Unavailable,Other,2018-02-20,2026-09-22,,,Next Delivery and Estimated Recovery: December 2028; Shortage per Manufacturer: Manufacturing Delay,,,844-646-4398
155,13668-355-30,Torrent Pharmaceuticals Limited,To Be Discontinued,New,,,2026-03-25,2026-03-25,,2026-03-25,Discontinuation of the manufacture of the drug,,,908-280-3333
156,0074-6799-22,AbbVie Inc.,To Be Discontinued,New,,,2026-07-24,2026-07-24,,2026-07-24,Discontinuation of the manufacture of the drug,,,800-633-9110
157,58468-0126-1,Sanofi-Aventis U.S. LLC,To Be Discontinued,New,,,2025-12-10,2025-12-10,,2025-12-10,Discontinuation of the manufacture of the drug,,,800-633-1610
158,0990-6139-03,Otsuka ICU Medical LLC,Current,Reverified,Unavailable,Discontinuation of the manufacture of the drug,2023-04-28,2026-09-16,,,"Product temporarily unavailable. Estimated recovery: TBD. This product is distributed by ICU Medical. For questions regarding this product, please contact ICU Medical.",https://www.fda.gov/media/182619/download?attachment,,1-866-829-9025 or ProductAvailability@icumed.com
159,43547-604-10,"Solco Healthcare US, LLC",Current,Reverified,Limited Availability,Shortage of an active ingredient,2023-07-14,2026-06-29,,,On allocation,,,866-931-9829
160,0641-6247-25,"Hikma Pharmaceuticals USA, Inc.",Current,Reverified,Available,,2023-12-20,2026-09-18,,,Additional lots will be scheduled for manufacturing to meet demand.  Product will be made available as it is released.,,,800-631-2174
161,60505-6282-3,Teyro Labs,Current,Reverified,Unavailable,Discontinuation of the manufacture of the drug,2023-04-28,2026-09-16,,,Wholesaler & Distributor through Marketing partner (Apotex Inc.); Discontinuation of the manufacture of the drug,https://www.accessdata.fda.gov/scripts/drugshortages/dsp_ActiveIngredientDetails.cfm?AI=Carboplatin%20Injection&st=d,,Apotex Inc.: 800-706-5575
162,0781-2859-01,Sandoz Inc.,To Be Discontinued,New,,,2025-10-09,2025-10-09,,2025-10-09,Discontinuation of the manufacture of the drug,,,800-525-8747
163,0143-9519-10,"Hikma Pharmaceuticals USA, Inc.",Current,Revised,Unavailable,Demand increase for the drug,2023-03-13,2026-09-18,,,Additional lots will be available in the October 2026 timeframe.  Product will be made available as it is released.,,,800-631-2174
164,72266-146-10,Gland Pharma Limited,Current,Reverified,Available,,2022-10-05,2026-07-22,,,"Distributed by Fosun Pharma USA, Inc.. To order, contact: 833-291-9645.",,,833-291-9645
165,71288-723-52,Kindos Pharmaceuticals Co. Ltd.,To Be Discontinued,New,,,2026-05-05,2026-05-05,,2026-05-05,Discontinuation of the manufacture of the drug,,,844-824-8426
166,0641-6000-10,"Hikma Pharmaceuticals USA, Inc.",Current,Reverified,Unavailable,Other,2018-09-05,2026-09-18,,,Estimated recovery: TBD,,,800-631-2174
167,0527-0763-37,"Lannett Company, Inc.",Current,Reverified,Available,,2022-10-12,2026-09-15,,,,,,844-834-0530
168,61703-339-56,"Hospira, Inc., a Pfizer Company",Current,Revised,Limited Availability,Other,2023-04-28,2026-09-22,,,Limited Supply Available. Next Delivery and Estimated Recovery: September 2026; Shortage per Manufacturer: Manufacturing Delay,,,844-646-4398
169,60793-701-10,Pfizer Inc.,Current,Revised,Limited Availability,Other,2023-04-26,2026-09-21,,,Next Delivery:  Fourth Quarter 2026 Estimated Recovery: 3Q 2027; Manufacturing delay,https://www.fda.gov/media/190713/download,,800-533-4535
170,57664-609-88,"Sun Pharmaceutical Industries, Inc.",Current,Revised,Unavailable,Discontinuation of the manufacture of the drug,2023-07-26,2026-09-18,,,Currently not marketed,,,800-818-4555
171,10147-0570-1,Janssen Research and Development,To Be Discontinued,New,,,2026-04-28,2026-04-28,,2026-04-28,Discontinuation of the manufacture of the drug,,,800-526-7736
172,0409-9045-17,"Hospira, Inc., a Pfizer Company",Current,Revised,Unavailable,Other,2018-02-20,2026-09-22,,,Next Delivery and Estimated Recovery: December 2028; Shortage per Manufacturer: Manufacturing Delay,,,844-646-4398
173,61703-350-10,"Hospira, Inc., a Pfizer Company",Current,Reverified,Available,,2023-03-13,2026-09-22,,,,,,844-646-4398
174,63323-806-20,"Fresenius Kabi USA, LLC",Current,Reverified,Available,,2012-01-01,2026-09-15,,,Check wholesalers for inventory,,,888-386-1300
175,63323-326-20,"Fresenius Kabi USA, LLC",To Be Discontinued,New,,,2026-02-10,2026-02-10,,2026-02-10,Discontinuation of the manufacture of the drug.,,,888-386-1300
176,0310-6615-02,AstraZeneca AB,To Be Discontinued,New,,,2025-10-27,2025-10-27,,2025-10-27,Discontinuation of the manufacture of the drug.,,,800-236-9933
177,25021-820-10,Sagent Pharmaceuticals,Current,Revised,Unavailable,Shortage of an active ingredient,2021-12-15,2026-09-18,,,"Estimated recovery: November 2026,",,,866-625-1618
178,0409-6102-26,"Hospira, Inc., a Pfizer Company",Current,Revised,Unavailable,Other,2020-04-07,2026-09-22,,,Next Delivery and Estimated Recovery: December 2027; Shortage per Manufacturer: Manufacturing Delay,,,844-646-4398
179,17478-050-05,"Hikma Pharmaceuticals USA, Inc.",Current,Reverified,Unavailable,Other,2022-05-03,2026-09-18,,,Not currently manufactured,,,800-631-2174
180,70121-1573-5,Amneal Pharmaceuticals,Current,Revised,Available,,2021-12-15,2026-06-17,,,,,,866-525-7270
181,65219-082-10,"Jiangsu Hengrui Pharmaceuticals Co., Ltd.",To Be Discontinued,New,,,2026-05-21,2026-05-21,,2026-05-21,Discontinuation of the manufacture of the drug,,,"Marketed by Fresenius Kabi, USA; Customer service: 888-386-1300"
182,0338-0502-03,Baxter Healthcare,Current,Reverified,Available,,2020-12-08,2026-09-17,,,,,,888-229-0001
183,0641-6082-25,"Hikma Pharmaceuticals USA, Inc.",Current,Reverified,Unavailable,Other,2023-11-21,2026-09-18,,,Additional lots are scheduled to be manufactured. Product will be made available as it is released.,,,800-631-2174
184,0172-5240-60,"Teva Pharmaceuticals USA, Inc.",To Be Discontinued,New,,,2025-11-19,2025-11-19,,2025-11-19,A business decision was made to discontinue manufacture of the drug.,,,800-545-8800
185,76045-009-11,"Fresenius Kabi USA, LLC",Current,Reverified,Unavailable,Other,2017-10-31,2026-09-15,,,Next release October 2026. Check wholesalers for inventory.,,,888-386-1300
186,0409-9045-01,"Hospira, Inc., a Pfizer Company",Current,Revised,Unavailable,Other,2018-02-20,2026-09-22,,,Next Delivery and Estimated Recovery: December 2028; Shortage per Manufacturer: Manufacturing Delay,,,844-646-4398
187,0009-3475-01,Pfizer Inc.,Current,Revised,Limited Availability,Demand increase for the drug,2021-12-15,2026-09-21,,,Limited Supply Available. Next Delivery and Estimated Recovery: December 2026,,,844-646-4398
188,0228-2850-11,"Actavis Pharma, Inc.",To Be Discontinued,New,,,2025-11-13,2025-11-13,,2025-11-13,A business decision was made to discontinue manufacture of the drug.,,,800-545-8800
189,72888-153-00,Rubicon Research Private Limited,Current,Reverified,Available,,2023-03-10,2026-06-01,,,Marketed by Advagen Pharma Ltd.,,,sales@advagenpharma.com
190,70069-641-25,"Somerset Therapeutics, LLC",Current,Reverified,Available,,2012-01-01,2026-09-11,,,,,,732-554-1037
191,0409-3814-12,"Hospira, Inc., a Pfizer Company",Current,Reverified,Available,,2017-10-31,2026-09-22,,,,,,844-646-4398
192,61958-1701-1,"Gilead Sciences, Inc.",To Be Discontinued,New,,,2026-04-07,2026-04-07,,2026-04-07,Discontinuation in the manufacturing of the drug,,,800-445-3235
193,55150-335-01,Eugia US LLC,Current,Revised,Unavailable,Demand increase for the drug,2023-04-28,2026-09-17,,,On backorder. Recovery: late October 2026. Check wholesalers for inventory,,,888-238-7880
194,63323-412-10,"Fresenius Kabi USA, LLC",Current,Reverified,Unavailable,Demand increase for the drug,2020-04-02,2026-09-15,,,Estimated recovery: TBD,,,888-386-1300
195,57844-112-01,"Teva Pharmaceuticals USA, Inc.",Current,Revised,Unavailable,Other,2022-10-12,2026-09-15,,,Estimated recovery: October 2026,,,800-545-8800
196,0093-3213-01,"Teva Pharmaceuticals USA, Inc.",Current,Reverified,Available,,2023-03-10,2026-09-15,,,,,,800-545-8800
197,39822-4200-6,"XGen Pharmaceuticals DJB, Inc.",Current,Reverified,Available,,2023-02-15,2026-09-22,,,Tamarang is the application holder and X-Gen is the distributor/labeler,,,866-390-4411
198,0069-0188-21,Pfizer Inc.,To Be Discontinued,New,,,2026-04-22,2026-04-22,,2026-04-22,Discontinuation of the manufacturing of the capsule presentation. 100 mg Tablet NDC 0069-0486-03 will continue to be manufactured.,,,800-533-4535
199,0338-0072-25,Baxter Healthcare,Current,Revised,Available,,2018-06-06,2026-09-17,,,,,,888-229-0001
200,0641-6008-10,"Hikma Pharmaceuticals USA, Inc.",Current,Reverified,Available,,2018-01-31,2026-09-18,,,Additional lots are scheduled for manufacturing to meet demand.  Product will be made available as it is released.,,,800-631-2174
201,0409-2022-01,"Hospira, Inc., a Pfizer Company",Current,Revised,Unavailable,Other,2017-10-31,2026-09-22,,,Next Delivery: January 2027; Estimated Recovery: March 2027; Shortage per Manufacturer: Manufacturing Delay,,,844-646-4398
202,0002-8980-05,Eli Lilly and Co.,To Be Discontinued,New,,,2026-09-01,2026-09-01,,2026-09-01,"A business decision was made to discontinue manufacture of the drug. Distribution projected to end June 2027. If patients or prescribers have any questions, the Lilly Answers Center (1-800-545-5979) is available Monday through Friday from 9am to 8pm for assistance.",,,800-545-5979
203,16729-432-93,Accord Healthcare Inc.,Current,Reverified,Unavailable,Discontinuation of the manufacture of the drug,2020-04-10,2026-09-15,,,Discontinuation of the manufacture of the drug,,,"866-941-7875, option 2"
204,70069-062-10,"Somerset Therapeutics, LLC",Current,Reverified,Available,,2018-03-23,2026-09-11,,,,,,732-554-1019
205,0603-5167-32,"Endo Pharmaceuticals, Inc.",To Be Discontinued,New,,,2025-10-31,2025-10-31,,2025-10-31,Discontinuation of the manufacture of the drug,,,800-828-9393
206,0002-4491-08,Eli Lilly and Co.,To Be Discontinued,New,,,2025-11-03,2025-11-03,,2025-11-03,"A business decision was made to discontinue manufacture of the 50 mg and 100 mg tablets. Distribution will end on May 31, 2026.",,,800-545-5979
207,60505-6282-6,Teyro Labs,Current,Reverified,Unavailable,Discontinuation of the manufacture of the drug,2023-04-28,2026-09-16,,,Wholesaler & Distributor through Marketing partner (Apotex Inc.); Discontinuation of the manufacture of the drug,https://www.accessdata.fda.gov/scripts/drugshortages/dsp_ActiveIngredientDetails.cfm?AI=Carboplatin%20Injection&st=d,,Apotex Inc.: 800-706-5575
208,0574-7034-12,Padagis US LLC,To Be Discontinued,New,,,2026-07-23,2026-07-23,,2026-07-23,Discontinuation of the manufacture of the drug,,,(800) 775-2054
209,50458-290-04,Janssen Pharmaceuticals,To Be Discontinued,New,,,2026-02-27,2026-02-27,,2026-02-27,Discontinuation of the manufacture of the drug,,,800-JANSSEN (1-800-526-7736)
210,67457-251-02,"Mylan Institutional, a Viatris Company",Current,Reverified,Available,,2020-04-10,2026-09-17,,,,,,800-796-9526
211,0409-6625-14,"Hospira, Inc., a Pfizer Company",Current,Reverified,Available,,2017-03-01,2026-09-22,,,,,,844-646-4398
212,43547-413-09,"Solco Healthcare US, LLC",Current,Reverified,Unavailable,Shortage of an active ingredient,2023-01-19,2026-06-29,,,Not available. Long-term backorder for all NDCs. No estimated release date at this time.,,,866-931-9829
213,0143-9594-25,"Hikma Pharmaceuticals USA, Inc.",Current,Reverified,Available,,2018-06-13,2026-09-18,,,Additional lots are scheduled to be manufactured.  Product will be made available as it is released.,,,800-631-2174
214,59417-106-10,Takeda Pharmaceuticals USA Inc.,Current,Reverified,Available,,2023-07-14,2026-09-15,,,,,,877-TAKEDA-7 (1-877-825-3327)
215,13668-354-05,Torrent Pharmaceuticals Limited,To Be Discontinued,New,,,2026-03-25,2026-03-25,,2026-03-25,Discontinuation of the manufacture of the drug,,,908-280-3333
216,83634-653-30,Anthea Pharma,Current,Reverified,Available,,2012-02-22,2026-09-15,,,"Distributed by Avenacy, LLC",,,"Avenacy, LLC: 877-283-6229"
217,0338-0017-18,Baxter Healthcare,Current,Reverified,Available,,2022-02-14,2026-09-17,,,,,,888-229-0001
218,45567-0060-2,"Sun Pharmaceutical Industries, Inc.",Current,Revised,Unavailable,Other,2023-12-27,2026-09-18,,,Estimated Recovery: TBD,,,800-818-4555
219,62135-667-90,Chartwell Molecular Holdings LLC,Current,Reverified,Available,,2023-01-19,2026-09-15,,,,,,845-268-5000 x 510 or Chartwell Customer service at cs@chartwellpharma.com
220,63323-495-27,"Fresenius Kabi USA, LLC",Current,Reverified,Available,,2012-02-22,2026-09-15,,,Check wholesalers for inventory,,,888-386-1300
221,0143-9930-10,"Hikma Pharmaceuticals USA, Inc.",Current,Reverified,Unavailable,Demand increase for the drug,2015-02-17,2026-09-18,,,Estimated recovery: TBD,,,800-631-2174
222,61314-473-64,Sandoz Inc.,To Be Discontinued,New,,,2026-01-13,2026-01-13,,2026-01-13,Equivalent Sandoz format is available.,,,800-525-8747
223,0143-9595-25,"Hikma Pharmaceuticals USA, Inc.",Current,Reverified,Available,,2018-06-13,2026-09-18,,,Additional lots are scheduled for manufacturing to meet demand.  Product will be made available as it is released.,,,800-631-2174
224,0990-7922-03,Otsuka ICU Medical LLC,Current,Reverified,Available,,2022-02-14,2026-09-16,,,"This product is distributed by ICU Medical. For questions regarding this product, please contact ICU Medical.",,,1-866-829-9025 or ProductAvailability@icumed.com
225,63323-494-05,"Fresenius Kabi USA, LLC",Current,Reverified,Available,,2020-12-30,2026-09-15,,,Checkwholesalers for inventory,,,888-386-1300
226,42806-801-01,"Epic Pharma, LLC",Current,Reverified,Unavailable,Discontinuation of the manufacture of the drug,2021-12-22,2026-09-15,,,Discontinuation of the manufacture of the drug,,,(718) 276-8600 ext. 3
227,71288-563-85,"Meitheal Pharmaceuticals, Inc.",Current,Revised,Available,,2023-07-18,2026-08-27,,,,,,844-824-8426
228,0409-3613-01,"Hospira, Inc., a Pfizer Company",Current,Revised,Limited Availability,Demand increase for the drug,2018-02-20,2026-09-22,,,Limited Supply Available. Next Delivery: May 2027; Estimated Recovery: June 2027,,,844-646-4398
229,62037-710-01,"Teva Pharmaceuticals USA, Inc.",To Be Discontinued,New,,,2025-11-21,2025-11-21,,2025-11-21,Discontinuation of the manufacture of the drug,,,800-545-8800
230,63323-201-10,"Fresenius Kabi USA, LLC",Current,Reverified,Unavailable,Demand increase for the drug,2012-02-22,2026-09-15,,,Next release October 2026. Check wholesalers for inventory.,,,888-386-1300
231,63323-489-27,"Fresenius Kabi USA, LLC",Current,Reverified,Unavailable,Other,2016-10-14,2026-09-15,,,Next release September 2026. Check wholesalers for inventory.,,,888-386-1300
232,76204-027-01,"Ritedose Pharmaceuticals, LLC",Resolved,Revised,,,2022-10-25,2026-08-27,2026-08-27,,,,Available,803-806-3300
233,70726-0306-1,"EDW Pharma, Inc. (formerly Italfarmaco Pharma, Inc.)",Current,Reverified,Available,,2024-01-26,2026-09-15,,,,https://www.fda.gov/media/185612/download?attachment,,610-937-6172
234,61703-600-05,"Hospira, Inc., a Pfizer Company",Current,Revised,Unavailable,Other,2023-04-28,2026-09-22,,,Next Delivery: October 2026; Estimated Recovery: December 2026; Shortage per Manufacturer: Manufacturing Delay,,,844-646-4398
235,72078-036-05,"Mylan Institutional, a Viatris Company",Current,Reverified,Available,,2022-06-28,2026-09-17,,,,,,800-796-9526
236,42858-165-01,Rhodes Pharmaceuticals L.P.,Current,Revised,Limited Availability,Shortage of an active ingredient,2023-07-14,2026-06-24,,,Estimated recovery: TBD,,,888-827-0616
237,0409-3183-01,"Hospira, Inc., a Pfizer Company",Current,Reverified,Available,,2012-02-22,2026-09-22,,,,,,844-646-4398
238,0409-1160-01,"Hospira, Inc., a Pfizer Company",Current,Reverified,Available,,2018-02-20,2026-09-22,,,,,,844-646-4398
239,43066-019-10,"Caplin Steriles, Ltd.",Current,Reverified,Available,,2020-12-22,2026-06-10,,,Check wholesalers for inventory; Marketed by Baxter,,,888-229-0001
240,0264-4500-00,B. Braun Medical Inc.,Current,Reverified,Available,,2020-12-08,2026-09-22,,,,,,800-227-2862
241,50458-575-01,Janssen Pharmaceuticals,To Be Discontinued,New,,,2026-09-18,2026-09-18,,2026-09-18,Business Decision,,,800-526-7736
242,60505-4744-1,Apotex Corp.,Current,Reverified,Available,,2023-11-01,2026-09-16,,,,,,800-706-5575
243,0378-4415-01,"Rising Pharma Holdings, Inc.",Current,Reverified,Unavailable,Regulatory delay,2022-08-03,2026-09-01,,,Anticipated availability: Q4 2026; Delay is due to manufacturing delays at the contract manufacturing facility.,,,1-844-874-7464
244,31722-275-34,Aspiro Pharma Limited,Current,New,Available,,2018-02-20,2026-07-17,,,,,,"732-529-0430, customerservice@camberpharma.com"
245,63323-285-10,"Fresenius Kabi USA, LLC",Current,Reverified,Unavailable,Demand increase for the drug,2018-03-23,2026-09-15,,,Estimated recovery: TBD,,,888-386-1300
246,0009-0051-01,Pfizer Inc.,To Be Discontinued,New,,,2026-08-31,2026-08-31,,2026-08-31,Discontinuation of the manufacture of the drug; Withdrawal from sale expected September 2026.,,,800-533-4535
247,63323-288-20,"Fresenius Kabi USA, LLC",Current,Reverified,Unavailable,Delay in shipping of the drug,2018-03-23,2026-09-15,,,Estimated recovery: TBD,,,888-386-1300
248,64850-505-01,"Elite Laboratories, Inc.",Current,Reverified,Available,,2022-10-12,2026-09-16,,,,,,888-852-6657
249,71288-203-05,"Meitheal Pharmaceuticals, Inc.",Current,Reverified,Available,,2020-04-07,2026-08-27,,,Check wholesalers for inventory,,,844-824-8426
250,0941-0433-51,Vantive US Healthcare LLC,To Be Discontinued,New,,,2026-08-03,2026-08-03,,2026-08-03,A business decision was made to discontinue manufacture of the drug.,,,800-284-4060
251,70069-067-25,"Somerset Therapeutics, LLC",Current,Reverified,Available,,2018-03-23,2026-09-11,,,,,,732-554-1037
252,63323-462-37,"Fresenius Kabi USA, LLC",Current,Reverified,Available,,2018-02-20,2026-09-15,,,Check wholesalers for inventory,,,888-386-1300
253,63323-286-31,"Fresenius Kabi USA, LLC",Current,Reverified,Unavailable,Delay in shipping of the drug,2018-03-23,2026-09-15,,,Estimated recovery: TBD,,,888-386-1300
254,64850-552-01,"Elite Laboratories, Inc.",Current,Reverified,Limited Availability,Shortage of an active ingredient,2023-07-14,2026-09-16,,,Estimated recovery: TBD,,,888-852-6657
255,63323-469-05,"Fresenius Kabi USA, LLC",To Be Discontinued,New,,,2026-01-09,2026-01-09,,2026-01-09,Discontinuation of the manufacture of the drug,,,888-386-1300
256,54288-167-01,Gland Pharma Limited,Current,Revised,Limited Availability,Demand increase for the drug,2023-04-28,2026-09-15,,,"Recovery estimated in late Q4 2026; Distributed by BPI Labs, LLC",,,"Distributed by BPI Labs, LLC; Customer service number: (727) 471-0850 Ext 270"
257,0487-6105-01,Nephron Pharmaceuticals Corporation,Current,Reverified,Limited Availability,Other,2021-11-23,2026-08-04,,,Small amount of inventory available with 12/31/2026 dating,,,800-443-4313
258,63323-340-20,"Fresenius Kabi USA, LLC",To Be Discontinued,New,,,2026-02-10,2026-02-10,,2026-02-10,Discontinuation of the manufacture of the drug.,,,888-386-1300
259,70069-047-25,"Somerset Therapeutics, LLC",Current,Reverified,Available,,2016-02-03,2026-09-11,,,,,,732-554-1037
260,59417-116-01,Takeda Pharmaceuticals USA Inc.,Current,Reverified,Available,,2023-07-14,2026-09-15,,,,,,877-TAKEDA-7 (1-877-825-3327)
261,0574-7093-12,Padagis US LLC,To Be Discontinued,New,,,2026-07-23,2026-07-23,,2026-07-23,Discontinuation of the manufacture of the drug,,,(800) 775-2054
262,61703-339-50,"Hospira, Inc., a Pfizer Company",Current,Revised,Limited Availability,Demand increase for the drug,2023-04-28,2026-09-22,,,Limited Supply Available. Next Delivery and Estimated Recovery: December 2026,,,844-646-4398
263,0574-7040-04,Padagis US LLC,To Be Discontinued,New,,,2026-07-23,2026-07-23,,2026-07-23,Discontinuation of the manufacture of the drug,,,(800) 775-2054
264,59651-722-99,Aurobindo Pharma USA,Current,Reverified,Available,,2023-03-10,2026-06-02,,,,,,866-850-2876
265,0409-7299-25,"Hospira, Inc., a Pfizer Company",Current,Reverified,Available,,2016-02-03,2026-09-22,,,,,,844-646-4398
266,62175-312-37,"Lannett Company, Inc.",Current,Revised,Limited Availability,Other,2023-07-26,2026-09-15,,,Estimated recovery: November 2026,,,844-834-0530
267,62332-599-25,Alembic Pharmaceuticals,Current,Reverified,Available,,2018-03-23,2026-05-15,,,,,,908-393-9604
268,0338-0644-04,Baxter Healthcare,Current,Reverified,Available,,2020-12-08,2026-09-17,,,,,,888-229-0001
269,72205-102-01,MSN Laboratories Private Limited,Current,Reverified,Available,,2017-12-13,2026-09-16,,,,,,855-668-2369; customerservice@novadozpharma.com
270,0941-0411-06,Vantive US Healthcare LLC,To Be Discontinued,New,,,2026-08-03,2026-08-03,,2026-08-03,A business decision was made to discontinue manufacture of the drug.,,,800-284-4060
271,0338-0004-02,Baxter Healthcare,Current,Reverified,Available,,2023-04-28,2026-09-17,,,,,,888-229-0001
272,50458-588-01,Janssen Pharmaceuticals,Current,Reverified,Available,,2023-07-26,2026-09-17,,,,,,800-JANSSEN (1-800-526-7736) Monday through Friday from 9:00 AM to 8:00 PM ET
273,25021-700-01,Sagent Pharmaceuticals,Current,Revised,Unavailable,Delay in shipping of the drug,2018-03-26,2026-09-18,,,"Estimated recovery: late September 2026, Product in transit",,,866-625-1618
274,0781-3423-94,"Jiangsu Hengrui Pharmaceuticals Co. (US Agent eVenus Pharmaceutical Laboratories, Inc.)",To Be Discontinued,New,,,2026-06-30,2026-06-30,,2026-06-30,"Marketed by Sandoz, Inc.; Discontinuation of the manufacture of the drug",,,Sandoz: 800-525-8747
275,0409-1165-01,"Hospira, Inc., a Pfizer Company",Current,Reverified,Available,,2018-02-20,2026-09-22,,,,,,844-646-4398
276,0574-2420-65,"Noven Pharmaceuticals, Inc.",Current,Reverified,Available,,2025-02-28,2026-09-02,,,Distributed by Padagis US LLC,,,800-455-8070
277,72143-321-30,Journey Medical Corporation,To Be Discontinued,New,,,2026-05-08,2026-05-08,,2026-05-08,Discontinuation of the manufacture of the drug. Manufactured for JG Pharma,,,480-434-6670
278,42023-230-10,"Par Health, USA LLC",To Be Discontinued,New,,,2026-09-11,2026-09-11,,2026-09-11,A business decision was made to discontinue manufacture of the drug.,,,800-828-9393
279,57844-117-01,"Teva Pharmaceuticals USA, Inc.",Current,Reverified,Available,,2022-10-12,2026-09-15,,,,,,800-545-8800
280,0009-0775-26,Pfizer Inc.,To Be Discontinued,New,,,2026-06-01,2026-06-01,,2026-06-01,Discontinuation of the manufacture of the drug,,,844-646-4398
281,63323-468-37,"Fresenius Kabi USA, LLC",Current,Reverified,Available,,2018-02-20,2026-09-15,,,Check wholesaler for inventory,,,888-386-1300
282,0264-4500-05,B. Braun Medical Inc.,Current,Reverified,Available,,2020-12-08,2026-09-22,,,,,,800-227-2862
283,63323-467-57,"Fresenius Kabi USA, LLC",Current,Reverified,Available,,2018-02-20,2026-09-15,,,Check wholesalers for inventory,,,888-386-1300
284,0002-8011-27,Eli Lilly and Co.,To Be Discontinued,New,,,2025-12-22,2025-12-22,,2025-12-22,A business decision was made to discontinue. Distribution will end April 2026. The 200 mg/2 mL injection presentation (NDC 0002-3116-11) will remain.,,,800-545-5979
285,63323-492-37,"Fresenius Kabi USA, LLC",Current,Reverified,Available,,2012-02-22,2026-09-15,,,Check wholesalers for inventory,,,888-386-1300
286,72888-154-05,Rubicon Research Private Limited,Current,Reverified,Available,,2023-03-10,2026-06-01,,,Marketed by Advagen Pharma Ltd.,,,sales@advagenpharma.com
287,60951-701-70,"Endo Pharmaceuticals, Inc.",To Be Discontinued,New,,,2025-11-03,2025-11-03,,2025-11-03,Discontinuation of the manufacture of the drug,,,800-828-9393
288,43547-406-10,"Prinston Pharmaceutical, Inc.",Current,Reverified,Available,,2023-03-10,2026-09-02,,,Marketed by Solco Healthcare,,,"For orders, Solco Healthcare 866-931-9829"
289,55150-172-30,Eugia US LLC,Current,Reverified,Available,,2018-02-20,2026-09-17,,,Check wholesalers for inventory,,,888-238-7880
290,69238-2512-9,Amneal Pharmaceuticals,To Be Discontinued,New,,,2026-04-10,2026-04-10,,2026-04-10,Discontinuation of the manufacture of the drug,,,866-525-7270
291,63323-493-97,"Fresenius Kabi USA, LLC",Current,Reverified,Unavailable,Demand increase for the drug,2012-02-22,2026-09-15,,,Estimated recovery: TBD,,,888-386-1300
292,0093-3212-01,"Teva Pharmaceuticals USA, Inc.",Current,Reverified,Limited Availability,Other,2023-03-10,2026-08-17,,,Estimated supply: August 2026,,,800-545-8800
293,0409-1103-01,"Hospira, Inc., a Pfizer Company",To Be Discontinued,New,,,2026-05-06,2026-05-06,,2026-05-06,Supply expected to exhaust late June 2026; Discontinuation of the manufacture of the drug,,,844-646-4398
294,0143-9378-01,"Jiangsu Hengrui Pharmaceuticals Co. (US Agent eVenus Pharmaceutical Laboratories, Inc.)",To Be Discontinued,New,,,2026-06-30,2026-06-30,,2026-06-30,"Discontinuation of the manufacture of the drug; Marketed by Hikma Pharmaceuticals USA, Inc.",,,609-395-8625 ext. 203
295,0228-2855-11,"Actavis Pharma, Inc.",To Be Discontinued,New,,,2025-11-13,2025-11-13,,2025-11-13,A business decision was made to discontinue manufacture of the drug.,,,800-545-8800
296,0990-7930-02,Otsuka ICU Medical LLC,Current,Reverified,Available,,2022-03-01,2026-09-16,,,"This product is distributed by ICU Medical. For questions regarding this product, please contact ICU Medical.",,,1-866-829-9025 or ProductAvailability@icumed.com
297,71288-115-30,"Meitheal Pharmaceuticals, Inc.",Current,Reverified,Available,,2020-12-18,2026-08-27,,,,,,844-824-8426
298,23155-601-41,"Avet Pharmaceuticals, Inc.",Current,Reverified,Available,,2020-04-02,2026-09-01,,,,,,855-228-9470
299,11534-193-01,"Sunrise Pharmaceutical, Inc.",Current,Reverified,Available,,2022-10-12,2026-09-16,,,,,,732-382-6085 Monday to Friday 9 am to 3:45 pm
300,76045-211-20,"Fresenius Kabi USA, LLC",Current,Reverified,Unavailable,Demand increase for the drug,2020-04-02,2026-09-15,,,Next release October 2026. Check wholesalers for inventory.,,,888-386-1300
301,55513-813-28,Amgen Inc.,To Be Discontinued,New,,,2026-03-24,2026-03-24,,2026-01-01,Discontinuation of the manufacture of the drug product,,,1-800-772-6436
302,0990-7923-36,Otsuka ICU Medical LLC,Current,Reverified,Available,,2022-02-14,2026-09-16,,,"This product is distributed by ICU Medical. For questions regarding this product, please contact ICU Medical.",,,1-866-829-9025 or ProductAvailability@icumed.com
303,0409-5534-14,"Hospira, Inc., a Pfizer Company",To Be Discontinued,New,,,2025-11-07,2025-11-07,,2025-11-07,Discontinuation of the manufacture of the drug,,,844-646-4398
304,0832-0274-11,"Upsher-Smith Laboratories, LLC",To Be Discontinued,New,,,2025-12-22,2025-12-22,,2025-12-22,Discontinuation of the manufacture of the drug,,,763-315-2000
305,67457-902-10,"Mylan Institutional, a Viatris Company",Current,Reverified,Available,,2022-10-05,2026-09-17,,,,,,800-796-9526
306,0093-3213-05,"Teva Pharmaceuticals USA, Inc.",Current,Reverified,Available,,2023-03-10,2026-09-15,,,,,,800-545-8800
307,57844-130-01,"Teva Pharmaceuticals USA, Inc.",Current,Reverified,Available,,2022-10-12,2026-09-15,,,,,,800-545-8800
308,0228-2551-11,"Teva Pharmaceuticals USA, Inc.",To Be Discontinued,New,,,2026-08-13,2026-08-13,,2026-08-13,A business decision was made to discontinue manufacture of the drug.,,,800-545-8800
309,82667-800-01,"Harrow Eye, LLC",Resolved,New,,,2021-09-27,2026-07-31,2026-07-31,,,,,(615) 733-4734
310,13668-356-01,Torrent Pharmaceuticals Limited,To Be Discontinued,New,,,2026-03-25,2026-03-25,,2026-03-25,Discontinuation of the manufacture of the drug,,,908-280-3333
311,0781-3465-95,"Jiangsu Hengrui Pharmaceuticals Co. (US Agent eVenus Pharmaceutical Laboratories, Inc.)",To Be Discontinued,New,,,2025-09-29,2025-09-29,,2025-09-29,Discontinuation of the manufacture of the drug; Distributed by Sandoz Inc.,,,"609-395-8625 ext. 203 (US Agent eVenus Pharmaceutical Laboratories, Inc.)"
312,0409-1660-20,Pfizer Inc.,Current,Reverified,Available,,2020-04-10,2026-09-21,,,,,,844-646-4398
313,0409-4776-01,"Hospira, Inc., a Pfizer Company",Current,Reverified,Available,,2012-02-22,2026-09-22,,,,,,844-646-4398
314,0338-1073-02,Baxter Healthcare,Current,Reverified,Available,,2017-11-06,2026-09-17,,,,,,888-229-0001
315,0409-2253-25,"Hospira, Inc., a Pfizer Company",Current,Reverified,Available,,2018-02-20,2026-09-22,,,Historical NDC: 0409-1582-29,,,844-646-4398
316,0409-1630-10,"Hospira, Inc., a Pfizer Company",Current,Revised,Unavailable,Other,2012-01-01,2026-08-24,,,Next Delivery: August 2026; Estimated Recovery: September 2026; Shortage per Manufacturer: Manufacturing Delay,,,844-646-4398
317,36000-283-25,Baxter Healthcare,Current,Reverified,Available,,2020-04-07,2026-09-17,,,,,,888-229-0001
318,67457-423-12,"Mylan Institutional, a Viatris Company",Current,Reverified,Available,,2019-02-08,2026-09-17,,,,,,800-796-9526
319,63323-492-27,"Fresenius Kabi USA, LLC",Current,Revised,Unavailable,Other,2012-02-22,2026-09-15,,,Next release October 2026. Check wholesalers for inventory.,,,888-386-1300
320,63323-481-57,"Fresenius Kabi USA, LLC",Current,Reverified,Unavailable,Demand increase for the drug,2016-10-14,2026-09-15,,,Next release September 2026. Check wholesalers for inventory.,,,888-386-1300
321,0338-1130-04,Baxter Healthcare,Current,Reverified,Available,,2020-12-08,2026-09-17,,,,,,888-229-0001
322,57664-656-88,"Sun Pharmaceutical Industries, Inc.",To Be Discontinued,New,,,2026-01-30,2026-01-30,,2026-01-30,Discontinuation of the manufacture of the drug; Expiry date of last distributed batch October 2026,,,800-818-4555
323,65219-281-10,"Jiangsu Hengrui Pharmaceuticals Co., Ltd.",To Be Discontinued,New,,,2026-06-30,2026-06-30,,2026-06-30,"Discontinuance of single dose vials, the other two Imaging Bulk Package(IBP) strengths are to remain in supply: the IBP strengths (18.1416 g/30 mL and 39.3068 g/65 mL); Marketed by Fresenius Kabi, USA",,,888-386-1300
324,0409-2596-05,"Hospira, Inc., a Pfizer Company",Current,Reverified,Available,,2020-04-02,2026-09-22,,,,,,844-646-4398
325,0409-1323-05,"Hospira, Inc., a Pfizer Company",Current,Reverified,Available,,2012-02-22,2026-09-22,,,,,,844-646-4398
326,0527-0761-37,"Lannett Company, Inc.",Current,Reverified,Available,,2022-10-12,2026-09-15,,,,,,844-834-0530
327,16729-295-33,Accord Healthcare Inc.,Current,Reverified,Unavailable,Discontinuation of the manufacture of the drug,2023-04-28,2026-09-15,,,Estimated recovery: TBD,,,"866-941-7875, option 2"
328,0069-4310-71,Pfizer Inc.,To Be Discontinued,New,,,2023-04-28,2023-04-28,2023-04-28,2023-04-28,Discontinuation of the manufacture of the drug. Supply expected to exhaust in August 2023,,,800-533-4535
329,0574-7090-12,Padagis US LLC,To Be Discontinued,New,,,2026-07-23,2026-07-23,,2026-07-23,Discontinuation of the manufacture of the drug,,,(800) 775-2054
330,55150-209-02,Eugia US LLC,Current,Reverified,Available,,2020-04-10,2026-09-17,,,Check wholesalers for inventory,,,888-238-7880
331,47781-563-01,Alvogen,Current,Reverified,Available,,2023-07-14,2026-09-17,,,,,,844-842-8672 and email: CustomerService-US@alvogen.com
332,0093-7768-24,"Teva Pharmaceuticals USA, Inc.",To Be Discontinued,New,,,2026-03-02,2026-03-02,,2026-03-02,Discontinuation of the manufacture of the drug,,,800-545-8800
333,60505-6282-1,Teyro Labs,To Be Discontinued,New,,,2026-06-01,2026-06-01,,2026-06-01,Wholesaler & Distributor through Marketing partner (Apotex Inc.); Discontinuation of the manufacture of the drug,,,Apotex Inc.: 800-706-5575
334,0088-2102-24,Sanofi-Aventis U.S. LLC,Resolved,Revised,,,2020-03-25,2026-08-06,2026-08-06,,,,Available,800-633-1610 Option 7
335,63323-851-10,"Fresenius Kabi USA, LLC",Current,Reverified,Available,,2017-10-31,2026-09-15,,,Check wholesalers for inventory,,,888-386-1300
336,42806-343-01,"Epic Pharma, LLC",Current,Reverified,Limited Availability,Shortage of an active ingredient,2022-10-12,2026-09-15,,,Estimated recovery: TBD,,,(718) 276-8600 ext. 3
337,0378-6855-77,"Mylan Pharmaceuticals Inc., a Viatris Company",Current,Reverified,Available,,2023-07-14,2026-09-17,,,,,,800-796-9526
338,65219-086-20,"Jiangsu Hengrui Pharmaceuticals Co., Ltd.",To Be Discontinued,New,,,2026-06-30,2026-06-30,,2026-06-30,"Marketed by Fresenius Kabi, USA; Discontinuation of the manufacture of the drug",,,888-386-1800
339,72888-153-30,Rubicon Research Private Limited,Current,Reverified,Available,,2023-03-10,2026-06-01,,,Marketed by Advagen Pharma Ltd.,,,sales@advagenpharma.com
340,67457-228-10,"Mylan Institutional, a Viatris Company",Current,Reverified,Available,,2023-02-15,2026-09-17,,,,,,800-796-9526
341,0574-7224-06,Padagis US LLC,To Be Discontinued,New,,,2026-07-23,2026-07-23,,2026-07-23,Discontinuation of the manufacture of the drug,,,(800) 775-2054
342,55150-297-10,Eugia US LLC,Current,Reverified,Available,,2020-04-10,2026-09-17,,,Check wholesalers for inventory,,,888-238-7880
343,0409-1304-31,"Hospira, Inc., a Pfizer Company",Current,Reverified,Available,,2017-10-31,2026-09-22,,,,,,844-646-4398
344,16729-136-00,Accord Healthcare Inc.,Current,Reverified,Available,,2023-03-10,2026-09-15,,,,,,"866-941-7875, option 2"
345,63323-285-13,"Fresenius Kabi USA, LLC",Current,Reverified,Available,,2018-03-23,2026-09-15,,,Check wholesaler for inventory,,,888-386-1300
346,57664-047-88,"Sun Pharmaceutical Industries, Inc.",Current,Revised,Limited Availability,Other,2023-07-14,2026-09-18,,,Estimated Recovery: TBD,,,800-818-4555
347,0143-9531-01,"Hikma Pharmaceuticals USA, Inc.",Current,Reverified,Unavailable,Demand increase for the drug,2026-06-12,2026-09-18,,,Additional lots will be available in the September 2026 timeframe.  Product will be made available as it is released.,,,800-631-2174
348,13668-353-05,Torrent Pharmaceuticals Limited,To Be Discontinued,New,,,2026-03-25,2026-03-25,,2026-03-25,Discontinuation of the manufacture of the drug,,,908-280-3333
349,0574-0521-25,Padagis US LLC,To Be Discontinued,New,,,2026-05-15,2026-05-15,,2026-05-15,Discontinuation of the manufacture of the drug,,,866-634-9120
350,0338-0502-06,Baxter Healthcare,Current,Reverified,Available,,2020-12-08,2026-09-17,,,,,,888-229-0001
351,0409-3299-06,"Hospira, Inc., a Pfizer Company",Current,Reverified,Limited Availability,Other,2016-02-03,2026-08-24,,,Next Delivery and Estimated Recovery: September 2026. Shortage per Manufacturer: Manufacturing Delay,,,844-646-4398
352,0480-3566-01,"Teva Pharmaceuticals USA, Inc.",Current,Reverified,Available,,2023-07-14,2026-09-15,,,,,,800-545-8800
353,49884-562-11,"Par Health, Inc.",To Be Discontinued,New,,,2026-04-29,2026-04-29,,2026-04-29,Discontinuation of the manufacture of the drug,,,800-828-9393
354,42023-146-25,"Par Health, USA LLC",Current,Reverified,Available,,2020-04-10,2026-08-18,,,Please check wholesalers for inventory,,,800-828-9393
355,0185-2098-01,Sandoz Inc.,Current,Reverified,Available,,2022-10-12,2026-09-18,,,,,,800-525-8747
356,76204-025-96,Ailex Pharmaceuticals,Current,Reverified,Limited Availability,Other,2023-11-03,2026-08-31,,,"No longer manufactured, some supplies still available in supply chain. Distributed by Ritedose Pharmaceuticals, LLC (855) 806 3300",,,Distributed by Omnivium Pharmaceuticals LLC (888) 807-9195 or customerservice@omniviumpharma.com
357,63323-943-10,"Fresenius Kabi USA, LLC",To Be Discontinued,New,,,2026-07-23,2026-07-23,,2026-07-23,Discontinuation of the manufacture of the drug,,,888-386-1300
358,13811-706-10,"Trigen Laboratories, LLC",Current,Reverified,Limited Availability,Demand increase for the drug,2023-07-26,2026-09-16,,,Allocation to current contracted customers,,,800-541-4802
359,55150-163-30,Eugia US LLC,Current,Reverified,Available,,2018-02-20,2026-09-17,,,Check wholesalers for inventory,,,888-238-7880
360,66794-230-42,Gland Pharma Limited,Current,Reverified,Available,,2020-04-10,2026-07-22,,,Marketed by Piramal Critical Care Inc.: 800-414-1901,,,855-273-0154
361,0006-3856-02,Merck Sharp & Dohme LLC,To Be Discontinued,New,,,2026-09-09,2026-09-09,,2026-09-09,To be discontinued on or near late September 2026.,,,800-672-6372
362,70069-759-04,"Somerset Therapeutics, LLC",Current,Reverified,Available,,2020-04-10,2026-09-11,,,,,,732-554-1037
363,0093-5031-56,"Teva Pharmaceuticals USA, Inc.",To Be Discontinued,New,,,2026-04-15,2026-04-15,,2026-04-15,Discontinuation of the manufacture of the drug,,,888-838-2872
364,45963-678-11,"Teva Pharmaceuticals USA, Inc.",To Be Discontinued,New,,,2026-08-31,2026-08-31,,2026-08-31,A business decision was made to discontinue manufacture of the drug.,,,800-545-8800
365,55150-256-50,Eugia US LLC,Current,Reverified,Unavailable,Demand increase for the drug,2018-06-13,2026-09-17,,,On backorder. Recovery: TBD. Check wholesalers for inventory,,,888-238-7880
366,42806-341-01,"Epic Pharma, LLC",Current,Reverified,Limited Availability,Shortage of an active ingredient,2022-10-12,2026-09-15,,,Estimated recovery: TBD,,,(718) 276-8600 ext. 3
367,10147-1700-3,Janssen Pharmaceuticals,To Be Discontinued,New,,,2026-02-27,2026-02-27,,2026-02-27,Discontinuation of the manufacture of the drug,,,800-JANSSEN (1-800-526-7736)
368,63323-671-50,"Fresenius Kabi USA, LLC",Current,Reverified,Unavailable,Delay in shipping of the drug,2020-04-10,2026-09-15,,,Estimated recovery: TBD,,,888-386-1300
369,63323-472-17,"Fresenius Kabi USA, LLC",Current,Reverified,Available,,2018-02-20,2026-09-15,,,Check wholesalers for inventory,,,888-386-1300
370,0641-6060-10,"Hikma Pharmaceuticals USA, Inc.",Current,Reverified,Available,,2020-04-02,2026-09-18,,,Additional lots are scheduled to be manufactured.  Product will be made available as it is released.,,,800-631-2174
371,65162-023-09,Amneal Pharmaceuticals,Current,Reverified,Available,,2023-07-14,2026-06-17,,,,,,866-525-7270
372,13668-356-90,Torrent Pharmaceuticals Limited,To Be Discontinued,New,,,2026-03-25,2026-03-25,,2026-03-25,Discontinuation of the manufacture of the drug,,,908-280-3333
373,0002-4312-08,Eli Lilly and Co.,To Be Discontinued,New,,,2025-11-03,2025-11-03,,2025-11-03,"A business decision was made to discontinue manufacture of the 50 mg and 100 mg tablets. Distribution will end on May 31, 2026.",,,800-545-5979
374,0338-0017-02,Baxter Healthcare,Current,Reverified,Available,,2022-02-14,2026-09-17,,,,,,888-229-0001
375,0487-9901-30,Nephron Pharmaceuticals Corporation,Resolved,Revised,,,2022-10-25,2026-08-27,2026-08-27,,,,Available,800-443-4313
376,0641-6020-10,"Hikma Pharmaceuticals USA, Inc.",Current,Reverified,Available,,2017-11-03,2026-09-18,,,Additional lots are scheduled to be manufactured. Product will be made available as it is released.,,,800-631-2174
377,59417-102-10,Takeda Pharmaceuticals USA Inc.,Current,Reverified,Available,,2023-07-14,2026-09-15,,,,,,877-TAKEDA-7 (1-877-825-3327)
378,0338-0017-38,Baxter Healthcare,Current,Reverified,Available,,2022-02-14,2026-09-17,,,,,,888-229-0001
379,83634-653-02,Anthea Pharma,Current,Reverified,Available,,2012-02-22,2026-09-15,,,"Distributed by Avenacy, LLC",,,"Avenacy, LLC: 877-283-6229"
380,0143-9252-25,"Hikma Pharmaceuticals USA, Inc.",Current,Reverified,Unavailable,Demand increase for the drug,2017-11-06,2026-09-18,,,Product temporarily on backorder.  Additional lots will be available in the February 2027 timeframe.,,,800-631-2174
381,70069-752-25,"Somerset Therapeutics, LLC",Current,Reverified,Available,,2018-02-20,2026-09-11,,,,,,732-554-1037
382,13668-355-90,Torrent Pharmaceuticals Limited,To Be Discontinued,New,,,2026-03-25,2026-03-25,,2026-03-25,Discontinuation of the manufacture of the drug,,,908-280-3333
383,0074-3956-46,AbbVie Inc.,To Be Discontinued,New,,,2026-07-24,2026-07-24,,2026-07-24,Discontinuation of the manufacture of the drug,,,800-633-9110
384,0338-0551-11,Baxter Healthcare,Current,Reverified,Available,,2022-02-14,2026-09-17,,,,,,888-229-0001
385,55150-254-10,Eugia US LLC,Current,Reverified,Unavailable,Demand increase for the drug,2018-06-13,2026-09-17,,,On backorder. Recovery: TBD. Check wholesalers for inventory,,,888-238-7880
386,0409-3178-02,"Hospira, Inc., a Pfizer Company",Current,Revised,Unavailable,Other,2012-02-22,2026-09-22,,,Next Delivery: November 2026; Estimated Recovery: June 2027; Shortage per Manufacturer: Manufacturing Delay,,,844-646-4398
387,0941-0427-53,Vantive US Healthcare LLC,To Be Discontinued,New,,,2026-08-03,2026-08-03,,2026-08-03,A business decision was made to discontinue manufacture of the drug.,,,800-284-4060
388,0781-2859-10,Sandoz Inc.,To Be Discontinued,New,,,2025-10-09,2025-10-09,,2025-10-09,Discontinuation of the manufacture of the drug,,,800-525-8747
389,0409-1985-30,"Hospira, Inc., a Pfizer Company",Current,Revised,Limited Availability,Demand increase for the drug,2018-05-03,2026-09-22,,,Limited Supply Available. Next Delivery: July 2027; Estimated Recovery: September 2027,,,844-646-4398
390,63481-627-70,"Endo Pharmaceuticals, Inc.",To Be Discontinued,New,,,2025-11-03,2025-11-03,,2025-11-03,Discontinuation of the manufacture of the drug,,,800-828-9393
391,63323-491-57,"Fresenius Kabi USA, LLC",Current,Reverified,Available,,2012-02-22,2026-09-15,,,Check wholesalers for inventory,,,888-386-1300
392,0641-6029-25,"Hikma Pharmaceuticals USA, Inc.",Current,Reverified,Available,,2023-12-20,2026-09-18,,,Additional lots will be scheduled for manufacturing to meet demand.  Product will be made available as it is released.,,,800-631-2174
393,0941-0457-05,Vantive US Healthcare LLC,To Be Discontinued,New,,,2026-08-03,2026-08-03,,2026-08-03,A business decision was made to discontinue manufacture of the drug.,,,800-284-4060
394,60793-702-10,Pfizer Inc.,Current,Revised,Limited Availability,Other,2023-04-26,2026-09-21,,,Next Delivery:  Fourth Quarter 2026 Estimated Recovery: 3Q 2027; Manufacturing delay,https://www.fda.gov/media/190713/download,,800-533-4535
395,54092-191-12,Takeda Pharmaceuticals USA Inc.,To Be Discontinued,New,,,2026-09-16,2026-09-16,,2026-09-16,"Product is anticipated to be available until December 31, 2027",,,877 825 3327
396,0074-9037-30,AbbVie Inc.,To Be Discontinued,New,,,2025-10-07,2025-10-07,,2025-10-07,Discontinuation of the manufacture of the drug,,,800-633-9110
397,42858-164-01,Rhodes Pharmaceuticals L.P.,Current,Revised,Limited Availability,Shortage of an active ingredient,2023-07-14,2026-06-24,,,Estimated recovery: TBD,,,888-827-0616
398,0173-0716-22,GlaxoSmithKline,To Be Discontinued,New,,,2026-07-27,2026-07-27,,2026-07-27,"The anticipated date that GSK will cease distribution of the presentation is approximately December 31, 2026.  The 120 dose presentation of this product will still be available.",,,888-825-5249
399,25021-115-06,Sagent Pharmaceuticals,Current,Reverified,Limited Availability,Discontinuation of the manufacture of the drug,2023-03-21,2026-09-18,,,Selling through remaining short-dated inventory (Dec 2026).,,,866-625-1618
400,0641-6083-25,"Hikma Pharmaceuticals USA, Inc.",Current,Revised,Unavailable,,2023-11-21,2026-09-18,,,Additional lots are scheduled to be manufactured. Product will be made available as it is released.,,,800-631-2174
401,16729-277-30,Accord Healthcare Inc.,Current,Reverified,Unavailable,Other,2023-03-13,2026-09-15,,,Estimated recovery: late September 2026; Short dated inventory with expiry of 09/30/27 available,,,"866-941-7875, option 2"
402,0990-7922-55,Otsuka ICU Medical LLC,Current,Reverified,Available,,2022-02-14,2026-09-16,,,"This product is distributed by ICU Medical. For questions regarding this product, please contact ICU Medical.",,,1-866-829-9025 or ProductAvailability@icumed.com
403,0527-4666-37,"Lannett Company, Inc.",Current,Reverified,Available,,2023-09-20,2026-09-15,,,,,,844-834-0530
404,25021-311-04,Gland Pharma Limited,To Be Discontinued,New,,,2026-04-28,2026-04-28,,2026-04-28,Distributed by Sagent Pharmaceuticals; Discontinuation of the manufacture of the drug,,,Sagent Pharmaceuticals: 866-625-1618
405,0009-0902-18,Pfizer Inc.,To Be Discontinued,New,,,2026-06-01,2026-06-01,,2026-06-01,Discontinuation of the manufacture of the drug,,,844-646-4398
406,25021-687-05,Sagent Pharmaceuticals,Current,Reverified,Available,,2023-02-15,2026-09-18,,,,,,866-625-1618
407,0781-9409-95,Sandoz Inc.,To Be Discontinued,New,,,2025-12-08,2025-12-08,,2025-12-08,Discontinuation of private label only,,,800-525-8747
408,0990-7922-09,Otsuka ICU Medical LLC,Current,Reverified,Available,,2022-02-14,2026-09-16,,,"This product is distributed by ICU Medical. For questions regarding this product, please contact ICU Medical.",,,1-866-829-9025 or ProductAvailability@icumed.com
409,72205-136-91,Novadoz Pharmaceuticals LLC,Current,Reverified,Available,,2023-07-14,2026-09-16,,,,,,(855) 668-2369; customerservice@novadozpharma.com
410,63323-280-10,"Fresenius Kabi USA, LLC",Current,Reverified,Available,,2020-04-07,2026-09-15,,,Check wholesalers for inventory,,,888-386-1300
411,60505-0815-0,Apotex Corp.,Current,Revised,Available,,2021-03-12,2026-09-16,,,,,,800-706-5575
412,70069-481-10,"Somerset Therapeutics, LLC",Current,Reverified,Available,,2012-01-01,2026-09-11,,,,,,732-554-1037
413,0009-0280-51,Pfizer Inc.,Current,Reverified,Available,,2021-12-15,2026-09-21,,,,,,844-646-4398
414,63323-824-74,"Fresenius Kabi USA, LLC",Current,Reverified,Available,,2022-03-01,2026-09-15,,,Check wholesalers for inventory,,,888-386-1300
415,0641-6046-10,"Hikma Pharmaceuticals USA, Inc.",Current,Reverified,Unavailable,Other,2018-09-05,2026-09-18,,,Estimated recovery: TBD,,,800-631-2174
416,63323-578-05,"Fresenius Kabi USA, LLC",To Be Discontinued,New,,,2026-07-30,2026-07-30,,2026-07-30,Discontinuation of the manufacture of the drug,,,888-386-1300
417,0641-6145-25,"Hikma Pharmaceuticals USA, Inc.",Current,Reverified,Available,,2019-02-08,2026-09-18,,,Additional product will be made available as it is released.,,,800-631-2174
418,70069-062-25,"Somerset Therapeutics, LLC",Current,Reverified,Available,,2018-03-23,2026-09-11,,,,,,732-554-1019
419,23155-601-42,"Avet Pharmaceuticals, Inc.",Current,Reverified,Available,,2020-04-02,2026-09-01,,,,,,855-228-9470
420,0641-6251-10,"Hikma Pharmaceuticals USA, Inc.",Current,Reverified,Available,,2023-12-20,2026-09-18,,,,,,800-631-2174
421,0409-1181-30,"Hospira, Inc., a Pfizer Company",Current,Reverified,Available,,2025-05-30,2026-09-22,,,,,,844-646-4398
422,0409-1005-20,"Hospira, Inc., a Pfizer Company",Current,Reverified,Available,,2017-11-14,2026-09-22,,,,,,844-646-4398
423,0409-0155-02,Pfizer Inc.,Current,Reverified,Available,,2020-04-10,2026-09-21,,,,,,844-646-4398
424,0409-6625-35,"Hospira, Inc., a Pfizer Company",Current,Revised,Unavailable,Other,2017-03-01,2026-09-22,,,Next Delivery: January 2027; Estimated Recovery: March 2027; Shortage per Manufacturer: Manufacturing Delay,,,844-646-4398
425,0832-0273-11,"Upsher-Smith Laboratories, LLC",To Be Discontinued,New,,,2025-12-22,2025-12-22,,2025-12-22,Discontinuation of the manufacture of the drug,,,763-315-2000
426,63323-482-17,"Fresenius Kabi USA, LLC",Current,Revised,Available,Demand increase for the drug,2016-10-14,2026-09-15,,,Check wholesalers for inventory,,,888-386-1300
427,0781-9404-95,Sandoz Inc.,To Be Discontinued,New,,,2025-12-08,2025-12-08,,2025-12-08,Discontinuation of private label only,,,800-525-8747
428,0409-2634-50,"Hospira, Inc., a Pfizer Company",Current,Reverified,Available,,2017-10-31,2026-09-22,,,,,,844-646-4398
429,0338-0023-04,Baxter Healthcare,Current,Reverified,Available,,2022-03-01,2026-09-17,,,,,,888-229-0001
430,0169-7703-21,"Novo Nordisk, Inc.",To Be Discontinued,New,,,2025-11-14,2025-11-14,,2025-11-14,Discontinuation of the manufacture of the drug,,,833-493-4689
431,76329-3340-1,"Amphastar Pharmaceuticals, Inc.",Current,Reverified,Available,,2020-01-01,2026-09-16,,,,,,800-423-4136
432,0409-4933-10,"Hospira, Inc., a Pfizer Company",To Be Discontinued,New,,,2025-11-07,2025-11-07,,2025-11-07,Discontinuation of the manufacture of the drug,,,844-646-4398
433,68025-098-10,"Vertical Pharmaceuticals, LLC",Current,Reverified,Available,,2023-07-26,2026-09-16,,,,,,800-541-4802
434,63323-162-01,"Fresenius Kabi USA, LLC",Current,Revised,Unavailable,Delay in shipping of the drug,2018-03-23,2026-09-15,,,Next release October 2026. Check wholesalers for inventory.,,,888-386-1300
435,65219-462-10,"Fresenius Kabi USA, LLC",Current,Revised,Available,Demand increase for the drug,2022-02-14,2026-09-15,,,Check wholesalers for inventory,,,888-386-1300
436,0093-5030-56,"Teva Pharmaceuticals USA, Inc.",To Be Discontinued,New,,,2026-04-15,2026-04-15,,2026-04-15,Discontinuation of the manufacture of the drug,,,888-838-2872
437,57664-655-88,"Sun Pharmaceutical Industries, Inc.",To Be Discontinued,New,,,2026-01-30,2026-01-30,,2026-01-30,Discontinuation of the manufacture of the drug; Expiry date of last distributed batch January 2027,,,800-818-4555
438,0228-2550-11,"Teva Pharmaceuticals USA, Inc.",To Be Discontinued,New,,,2026-08-13,2026-08-13,,2026-08-13,A business decision was made to discontinue manufacture of the drug.,,,800-545-8800
439,0009-0280-02,Pfizer Inc.,Current,Reverified,Available,,2021-12-15,2026-09-21,,,,,,844-646-4398
440,0409-4282-02,"Hospira, Inc., a Pfizer Company",Current,Reverified,Available,,2012-02-22,2026-09-22,,,,,,844-646-4398
441,0409-0025-10,"Hospira, Inc., a Pfizer Company",Current,Revised,Available,,2017-11-06,2026-09-22,,,,,,844-646-4398
442,0378-5807-93,"Mylan Pharmaceuticals Inc., a Viatris Company",To Be Discontinued,New,,,2025-11-19,2025-11-19,,2025-11-19,A business decision was made to discontinue manufacture of the drug.,,,800-796-9526
443,0310-6627-02,AstraZeneca AB,To Be Discontinued,New,,,2025-10-27,2025-10-27,,2025-10-27,Discontinuation of the manufacture of the drug.,,,800-236-9933
444,0023-6150-04,AbbVie Inc.,To Be Discontinued,New,,,2026-03-27,2026-03-27,,2026-03-27,Discontinuation of the manufacture of the drug,,,800-678-1605
445,44567-610-10,WG Critical Care,Current,Reverified,Available,,2020-04-02,2026-09-01,,,Please check wholesalers and distributors for inventory.,,,888-493-0861
446,0555-0971-02,"Teva Pharmaceuticals USA, Inc.",Current,Reverified,Available,,2022-10-12,2026-09-15,,,,,,800-545-8800
447,11534-192-01,"Sunrise Pharmaceutical, Inc.",Current,Reverified,Available,,2022-10-12,2026-09-16,,,,,,732-382-6085 Monday to Friday 9 am to 3:45 pm
448,64980-642-03,"Rising Pharma Holdings, Inc.",Resolved,Revised,,,2022-10-25,2026-08-27,2026-08-27,,,,Available,201-961-9000
449,65862-163-90,Aurobindo Pharma USA,Current,Reverified,Unavailable,Discontinuation of the manufacture of the drug,2023-01-19,2026-06-02,,,Discontinuation of the manufacture of the drug,,,866-850-2876
450,0409-4933-01,"Hospira, Inc., a Pfizer Company",To Be Discontinued,New,,,2025-11-07,2025-11-07,,2025-11-07,Discontinuation of the manufacture of the drug,,,844-646-4398
451,0641-6126-25,"Hikma Pharmaceuticals USA, Inc.",Current,Revised,Unavailable,Demand increase for the drug,2017-11-03,2026-09-18,,,Additional lots will be available in the October 2026 timeframe.  Product will be made available as it is released.,,,800-631-2174
452,60505-4742-1,Apotex Corp.,Current,Reverified,Available,,2023-11-01,2026-09-16,,,,,,800-706-5575
453,0338-1005-03,Baxter Healthcare,Current,Reverified,Available,,2017-11-06,2026-09-17,,,,,,888-229-0001
454,0409-1162-01,"Hospira, Inc., a Pfizer Company",Current,Reverified,Available,,2018-02-20,2026-09-22,,,,,,844-646-4398
455,0068-0597-01,Sanofi-Aventis U.S. LLC,To Be Discontinued,New,,,2026-04-20,2026-04-20,,2026-04-20,Discontinuation of the manufacture of the drug,,,800-633-1610
456,62135-736-30,Chartwell Molecular Holdings LLC,Current,Reverified,Available,,2022-08-03,2026-09-15,,,,,,845-268-5000 Ext. 510
457,0574-7114-12,Padagis US LLC,To Be Discontinued,New,,,2026-07-23,2026-07-23,,2026-07-23,Discontinuation of the manufacture of the drug,,,(800) 775-2054
458,59417-107-10,Takeda Pharmaceuticals USA Inc.,Current,Reverified,Available,,2023-07-14,2026-09-15,,,,,,877-TAKEDA-7 (1-877-825-3327)
459,0591-4550-22,"Teva Pharmaceuticals USA, Inc.",To Be Discontinued,New,,,2026-07-30,2026-07-30,,2026-07-30,Discontinuation of the manufacture of the drug,,,800-545-8800
460,31722-276-34,Aspiro Pharma Limited,Current,New,Available,,2018-02-20,2026-07-17,,,,,,"732-529-0430, customerservice@camberpharma.com"
461,66794-229-41,Piramal Critical Care Inc.,Current,Reverified,Limited Availability,Demand increase for the drug,2023-02-15,2026-09-15,,,On allocation,,,800-414-1901
462,0409-2344-88,"Hospira, Inc., a Pfizer Company",Current,Revised,Unavailable,Other,2017-11-06,2026-09-22,,,Next Delivery and Estimated Recovery: December 2027; Shortage per Manufacturer: Manufacturing Delay,,,844-646-4398
463,0074-7098-05,AbbVie Inc.,To Be Discontinued,New,,,2026-03-24,2026-03-24,,2026-03-24,Discontinuation of the manufacture of the drug,,,800-633-9110
464,0009-0065-01,Pfizer Inc.,To Be Discontinued,New,,,2026-08-31,2026-08-31,,2026-08-31,Discontinuation of the manufacture of the drug; Withdrawal from sale expected early October 2026.,,,800-533-4535
465,0378-0007-85,"Mylan Pharmaceuticals Inc., a Viatris Company",To Be Discontinued,New,,,2025-11-03,2025-11-03,,2025-11-03,Discontinuation of the manufacture of the drug,,,800-796-9526
466,0409-9042-17,"Hospira, Inc., a Pfizer Company",Current,Revised,Unavailable,Other,2018-02-20,2026-09-22,,,Next Delivery and Estimated Recovery: December 2028; Shortage per Manufacturer: Manufacturing Delay,,,844-646-4398
467,63323-286-63,"Fresenius Kabi USA, LLC",Current,Reverified,Available,,2018-03-23,2026-09-15,,,,,,888-386-1300
468,43066-007-10,Baxter Healthcare,Current,Reverified,Available,,2023-02-15,2026-09-17,,,,,,888-229-0001
469,65862-161-90,Aurobindo Pharma USA,Current,Reverified,Unavailable,Discontinuation of the manufacture of the drug,2023-01-19,2026-06-02,,,Discontinuation of the manufacture of the drug,,,866-850-2876
470,0574-2430-65,"Noven Pharmaceuticals, Inc.",Current,Reverified,Available,,2025-02-28,2026-09-02,,,Distributed by Padagis US LLC,,,800-455-8070
471,0409-9094-31,"Hospira, Inc., a Pfizer Company",Current,Revised,Limited Availability,Demand increase for the drug,2012-01-01,2026-09-22,,,Limited Supply Available. Next Delivery: November 2026; Estimated Recovery: December 2026,,,844-646-4398
472,0941-0459-05,Vantive US Healthcare LLC,To Be Discontinued,New,,,2026-08-03,2026-08-03,,2026-08-03,A business decision was made to discontinue manufacture of the drug.,,,800-284-4060
473,0409-3299-05,"Hospira, Inc., a Pfizer Company",Current,Reverified,Available,,2016-02-03,2026-09-22,,,,,,844-646-4398
474,0378-4430-01,"Rising Pharma Holdings, Inc.",Current,Reverified,Unavailable,Regulatory delay,2022-08-03,2026-09-01,,,Anticipated availability: Q4 2026; Delay is due to manufacturing delays at the contract manufacturing facility.,,,1-844-874-7464
475,0068-0597-01,Sanofi-Aventis U.S. LLC,Current,Reverified,Unavailable,Discontinuation of the manufacture of the drug,2021-02-17,2026-09-18,,,Discontinuation of the manufacture of the drug,https://www.accessdata.fda.gov/scripts/drugshortages/dsp_ActiveIngredientDetails.cfm?AI=Rifampin%20Injection&st=d,,800-633-1610
476,13811-700-30,"Trigen Laboratories, LLC",Current,Reverified,Limited Availability,Demand increase for the drug,2023-07-26,2026-09-16,,,Allocation to current contracted customers,,,800-541-4802
477,72516-014-01,Oryza Pharmaceuticals Inc.,Current,Reverified,Unavailable,Shortage of an active ingredient,2022-10-12,2026-09-16,,,Estimated recovery: April 2027,,,855-257-0292
478,60505-6282-1,Teyro Labs,Current,Reverified,Unavailable,Discontinuation of the manufacture of the drug,2023-04-28,2026-09-16,,,Wholesaler & Distributor through Marketing partner (Apotex Inc.); Discontinuation of the manufacture of the drug,https://www.accessdata.fda.gov/scripts/drugshortages/dsp_ActiveIngredientDetails.cfm?AI=Carboplatin%20Injection&st=d,,Apotex Inc.: 800-706-5575
479,68118-100-01,"ESTEVE PHARMACEUTICALS, S.A.",Current,Revised,Available,,2022-07-12,2026-09-16,,,,https://www.fda.gov/media/194857/download,,USSZTOrders@esteve.com
480,25021-311-02,Gland Pharma Limited,Current,Reverified,Unavailable,Discontinuation of the manufacture of the drug,2020-04-07,2026-07-22,,,"Distributed by Sagent Pharmaceuticals: 1-866-625-1618, Discontinued product",https://www.accessdata.fda.gov/scripts/drugshortages/dsp_ActiveIngredientDetails.cfm?AI=Furosemide%20Injection&st=d,,866-625-1618
481,55150-197-20,Eugia US LLC,Current,Reverified,Available,,2018-03-23,2026-09-17,,,Check wholesalers for inventory,,,888-238-7880
482,0009-3073-03,Pfizer Inc.,Current,Revised,Limited Availability,Other,2021-12-15,2026-09-21,,,Limited Supply Available. Next Delivery: September 2026; Estimated Recovery: December 2026; Shortage per Manufacturer: Manufacturing Delay,,,844-646-4398
483,65219-281-02,"Jiangsu Hengrui Pharmaceuticals Co., Ltd.",To Be Discontinued,New,,,2026-06-30,2026-06-30,,2026-06-30,"Discontinuance of single dose vials, the other two Imaging Bulk Package(IBP) strengths are to remain in supply: the IBP strengths (18.1416 g/30 mL and 39.3068 g/65 mL); Marketed by Fresenius Kabi, USA",,,888-386-1300
484,61703-262-05,"Hospira, Inc., a Pfizer Company",Current,Revised,Unavailable,Other,2023-04-28,2026-09-22,,,Next Delivery and Estimated Recovery: December 2026; Shortage per Manufacturer: Manufacturing Delay,,,844-646-4398
485,63323-466-31,"Fresenius Kabi USA, LLC",Current,Reverified,Unavailable,Delay in shipping of the drug,2018-02-20,2026-09-15,,,Estimated recovery: TBD,,,888-386-1300
486,11534-195-01,"Sunrise Pharmaceutical, Inc.",Current,Reverified,Available,,2022-10-12,2026-09-16,,,,,,732-382-6085 Monday to Friday 9 am to 3:45 pm
487,63323-285-64,"Fresenius Kabi USA, LLC",Current,Reverified,Available,,2018-03-23,2026-09-15,,,,,,888-386-1300
488,0409-0152-24,InfoRLife SA,Current,Reverified,Limited Availability,Other,2022-01-13,2026-08-18,,,Labeler: Hospira Inc.,,,Sagent: 866-625-1618
489,0093-9364-10,Sanofi-Aventis U.S. LLC,To Be Discontinued,New,,,2026-08-10,2026-08-10,,2026-08-10,A business decision was made to discontinue manufacture of the drug.,,,800-633-1610
490,63323-358-10,"Fresenius Kabi USA, LLC",To Be Discontinued,New,,,2026-01-12,2026-01-12,,2026-01-12,Discontinuation of the manufacture of the drug,,,888-386-1300
491,71288-728-32,Kindos Pharmaceuticals Co. Ltd.,Current,Revised,Limited Availability,Discontinuation of the manufacture of the drug,2018-02-20,2026-05-05,,,Meitheal Pharmaceuticals is distributor/labeler,https://www.accessdata.fda.gov/scripts/drugshortages/dsp_ActiveIngredientDetails.cfm?AI=Bupivacaine%20Hydrochloride%20Injection&st=d,,844-824-8426
492,63323-286-23,"Fresenius Kabi USA, LLC",Current,Reverified,Available,,2018-03-23,2026-09-15,,,,,,888-386-1300
493,0641-6262-01,"Hikma Pharmaceuticals USA, Inc.",Current,Reverified,Available,,2016-02-03,2026-09-18,,,Additional lots will be available.  Product will be made available as it is released.,,,800-631-2174
494,63323-411-12,"Fresenius Kabi USA, LLC",Current,Reverified,Available,,2020-04-02,2026-09-15,,,Check wholesalers for inventory,,,888-386-1300
495,0338-3991-01,Baxter Healthcare,Current,Revised,Unavailable,Requirements related to complying with good manufacturing practices,2026-06-12,2026-09-17,,,Estimated recovery: September 2026,,,888-229-0001
496,0338-0644-06,Baxter Healthcare,Current,Reverified,Available,,2020-12-08,2026-09-17,,,,,,888-229-0001
497,0941-0427-52,Vantive US Healthcare LLC,To Be Discontinued,New,,,2026-08-03,2026-08-03,,2026-08-03,A business decision was made to discontinue manufacture of the drug.,,,800-284-4060
498,71288-203-11,"Meitheal Pharmaceuticals, Inc.",Current,Reverified,Available,,2020-04-07,2026-08-27,,,Check wholesalers for inventory,,,844-824-8426
499,63323-185-20,"Fresenius Kabi USA, LLC",Current,Reverified,Available,,2021-11-23,2026-09-15,,,Check wholesalers for inventory,,,888-386-1300
500,0409-2308-02,"Hospira, Inc., a Pfizer Company",Current,Revised,Unavailable,Demand increase for the drug,2020-04-02,2026-09-22,,,Next Delivery and Estimated Recovery: September 2026,,,844-646-4398
501,0002-8235-99,Eli Lilly and Co.,To Be Discontinued,New,,,2025-10-24,2025-10-24,,2025-10-24,A business decision was made to discontinue manufacture of the drug.,,,800-545-5979
502,72888-152-00,Rubicon Research Private Limited,Current,Reverified,Available,,2023-03-10,2026-06-01,,,Marketed by Advagen Pharma Ltd.,,,sales@advagenpharma.com
503,25021-115-04,Sagent Pharmaceuticals,Current,Reverified,Unavailable,Discontinuation of the manufacture of the drug,2023-03-21,2026-09-18,,,Discontinuation of the manufacture of the drug,,,866-625-1618
504,0338-0433-04,Baxter Healthcare,Current,Reverified,Available,,2017-11-14,2026-09-17,,,,,,888-229-0001
505,0264-2101-00,B. Braun Medical Inc.,Current,Reverified,Available,,2023-04-28,2026-09-22,,,,,,800-227-2862
506,63323-413-10,"Fresenius Kabi USA, LLC",To Be Discontinued,New,,,2026-01-12,2026-01-12,,2026-01-12,Discontinuation of the manufacture of the drug,,,888-386-1300
507,0088-2161-30,Sanofi-Aventis U.S. LLC,To Be Discontinued,New,,,2026-06-08,2026-06-08,,2026-06-08,Discontinuation of the manufacture of the drug,,,800-981-2491
508,0093-3212-05,"Teva Pharmaceuticals USA, Inc.",Current,Reverified,Available,,2023-03-10,2026-09-15,,,,,,800-545-8800
509,0009-0870-26,Pfizer Inc.,To Be Discontinued,New,,,2026-06-01,2026-06-01,,2026-06-01,Discontinuation of the manufacture of the drug,,,844-646-4398
510,0409-6695-01,"Hospira, Inc., a Pfizer Company",Current,Reverified,Available,,2022-10-05,2026-09-22,,,,,,844-646-4398
511,25021-321-10,Sagent Pharmaceuticals,Current,Reverified,Available,,2018-01-31,2026-09-18,,,,,,866-625-1618
512,82154-0449-1,pharmaand GmbH (pharma&),Resolved,Revised,,,2025-01-24,2026-08-27,2026-08-27,,,,(NDC 82154-0451-4) – Available,"800-506-8501, email: medinfo.us@pharmaand.com"
513,63323-492-31,"Fresenius Kabi USA, LLC",Current,Reverified,Unavailable,Demand increase for the drug,2012-02-22,2026-09-15,,,Estimated recovery: TBD,,,888-386-1300
514,16729-239-93,Accord Healthcare Inc.,Current,Reverified,Unavailable,Discontinuation of the manufacture of the drug,2020-04-10,2026-09-15,,,Discontinuation of the manufacture of the drug,https://www.accessdata.fda.gov/scripts/drugshortages/dsp_ActiveIngredientDetails.cfm?AI=Dexmedetomidine%20Hydrochloride%20Injection&st=d,,"866-941-7875, option 2"
515,0093-0832-01,"Teva Pharmaceuticals USA, Inc.",Current,Reverified,Available,,2023-03-10,2026-09-15,,,,,,800-545-8800
516,71357-007-10,Milla Pharmaceuticals,Current,Reverified,Available,,2016-03-23,2026-09-16,,,,,,833-251-8463
517,63323-466-17,"Fresenius Kabi USA, LLC",Current,Reverified,Available,,2018-02-20,2026-09-15,,,Check wholesalers for inventory,,,888-386-1300
518,39822-5525-3,"XGen Pharmaceuticals DJB, Inc.",Current,Reverified,Available,,2023-11-21,2026-09-22,,,,,,866-390-4411
519,0169-4060-12,"Novo Nordisk, Inc.",Current,Reverified,Limited Availability,Delay in shipping of the drug,2023-07-18,2026-09-22,,,Estimated shortage duration: TBD,,,833-493-4689
520,0338-0017-48,Baxter Healthcare,Current,Reverified,Available,,2022-02-14,2026-09-17,,,,,,888-229-0001
521,55566-2500-0,Ferring,Current,Reverified,Unavailable,Requirements related to complying with good manufacturing practices,2021-03-12,2026-05-01,,,Estimated recovery: TBD,,,888-337-7464
522,0264-9872-00,B. Braun Medical Inc.,Current,Revised,Limited Availability,Other,2017-11-14,2026-09-22,,,Estimated recovery: late Q4 2026; Manufacturing delays,,,800-227-2862
523,71288-722-32,Kindos Pharmaceuticals Co. Ltd.,Current,Revised,Limited Availability,Discontinuation of the manufacture of the drug,2018-02-20,2026-05-05,,,Meitheal Pharmaceuticals is distributor/labeler,https://www.accessdata.fda.gov/scripts/drugshortages/dsp_ActiveIngredientDetails.cfm?AI=Bupivacaine%20Hydrochloride%20Injection&st=d,,844-824-8426
524,16729-525-08,Accord Healthcare Inc.,Current,Revised,Unavailable,Requirements related to complying with good manufacturing practices,2012-01-01,2026-09-01,,,Estimated recovery: mid-September 2026,,,"866-941-7875, option 2"
525,47781-565-01,Alvogen,Current,Reverified,Available,,2023-07-14,2026-09-17,,,,,,844-842-8672 and email: CustomerService-US@alvogen.com
526,0264-1510-31,B. Braun Medical Inc.,Current,Reverified,Available,,2022-02-14,2026-09-22,,,,,,800-227-2862
527,63323-506-01,"Fresenius Kabi USA, LLC",Current,Reverified,Available,,2019-02-08,2026-09-15,,,Check wholesalers for inventory,,,888-386-1300
528,0409-1805-01,"Hospira, Inc., a Pfizer Company",Current,Revised,Unavailable,Other,2017-11-01,2026-09-22,,,Next Delivery and Estimated Recovery: December 2026; Shortage per Manufacturer: Manufacturing Delay,,,844-646-4398
529,0409-1752-50,"Hospira, Inc., a Pfizer Company",Current,Reverified,Available,,2018-02-20,2026-09-22,,,,,,844-646-4398
530,43066-013-10,Baxter Healthcare,Current,Reverified,Available,,2023-02-15,2026-09-17,,,,,,888-229-0001
531,64850-506-01,"Elite Laboratories, Inc.",Current,Reverified,Available,,2023-08-15,2026-09-16,,,,,,888-852-6657
532,0409-1858-12,"Hospira, Inc., a Pfizer Company",Current,Reverified,Available,,2017-11-06,2026-09-22,,,,,,844-646-4398
533,0409-4596-20,Pfizer Inc.,Current,Reverified,Available,,2020-04-10,2026-09-21,,,,,,844-646-4398
534,49884-128-91,"Endo Pharmaceuticals, Inc.",To Be Discontinued,New,,,2026-01-06,2026-01-06,,2026-01-06,Discontinuation of the manufacture of the drug,,,800-828-9393
535,0941-0426-52,Vantive US Healthcare LLC,To Be Discontinued,New,,,2026-08-03,2026-08-03,,2026-08-03,A business decision was made to discontinue manufacture of the drug.,,,800-284-4060
536,0409-1403-10,"Hospira, Inc., a Pfizer Company",Current,Reverified,Available,,2023-02-15,2026-09-22,,,,,,844-646-4398
537,0406-5115-01,SpecGx LLC,Current,Reverified,Available,,2023-07-14,2026-08-20,,,,,,800-325-8888
538,63323-488-37,"Fresenius Kabi USA, LLC",Current,Reverified,Available,,2016-10-14,2026-09-15,,,Check wholesalers for inventory,,,888-386-1300
539,0338-0023-03,Baxter Healthcare,Current,Reverified,Available,,2022-03-01,2026-09-17,,,,,,888-229-0001
540,63323-089-50,"Fresenius Kabi USA, LLC",Current,Reverified,Available,,2017-07-24,2026-09-15,,,Check wholesalers for inventory,,,888-386-1300
541,0009-0902-18,Pfizer Inc.,Current,Revised,Available,,2023-03-21,2026-09-21,,,,https://www.accessdata.fda.gov/scripts/drugshortages/dsp_ActiveIngredientDetails.cfm?AI=Clindamycin%20Phosphate%20Injection&st=d,,800-533-4535
542,63323-287-21,"Fresenius Kabi USA, LLC",Current,Reverified,Available,,2018-03-23,2026-09-15,,,Check wholesalers for inventory,,,888-386-1300
543,64850-553-01,"Elite Laboratories, Inc.",Current,Reverified,Limited Availability,Shortage of an active ingredient,2023-07-14,2026-09-16,,,Estimated recovery: TBD,,,888-852-6657
544,0409-3182-03,"Hospira, Inc., a Pfizer Company",Current,Revised,Limited Availability,Other,2012-02-22,2026-09-22,,,Limited Supply Available. Next Delivery: May 2027; Estimated Recovery: June 2027; Shortage per Manufacturer: Manufacturing Delay,,,844-646-4398
545,65219-460-20,"Fresenius Kabi USA, LLC",Current,Reverified,Available,,2022-02-14,2026-09-15,,,Check wholesalers for inventory,,,888-386-1300
546,0409-4264-01,"Hospira, Inc., a Pfizer Company",Current,Revised,Limited Availability,Other,2017-11-01,2026-09-22,,,Limited Supply Available. Next Delivery: September 2026; Estimated Recovery: December 2026; Shortage per Manufacturer: Manufacturing Delay,,,844-646-4398
547,43547-408-10,"Prinston Pharmaceutical, Inc.",Current,Reverified,Available,,2023-03-10,2026-09-02,,,Marketed by Solco Healthcare,,,"For orders, Solco Healthcare 866-931-9829"
548,72485-201-01,Armas Pharmaceuticals Inc,Current,Revised,Limited Availability,Other,2020-12-18,2026-06-08,,,Estimated recovery: TBD,,,732-637-1971
549,59417-117-01,Takeda Pharmaceuticals USA Inc.,Current,Reverified,Available,,2023-07-14,2026-09-15,,,,,,877-TAKEDA-7 (1-877-825-3327)
550,63323-806-05,"Fresenius Kabi USA, LLC",Current,Reverified,Available,,2012-01-01,2026-09-15,,,Check wholesalers for inventory,,,888-386-1300
551,0409-0151-10,"Hospira, Inc., a Pfizer Company",Current,Revised,Available,,2017-11-06,2026-09-22,,,,,,844-646-4398
552,0093-2401-01,"Teva Pharmaceuticals USA, Inc.",To Be Discontinued,New,,,2026-01-05,2026-01-05,,2026-01-05,Discontinuation of the manufacture of the drug,,,800-545-8800
553,69918-501-05,Ferring,Current,Reverified,Unavailable,Requirements related to complying with good manufacturing practices,2021-03-12,2026-05-01,,,Estimated recovery: TBD,,,888-337-7464
554,71357-008-10,Milla Pharmaceuticals,Current,Reverified,Available,,2016-03-23,2026-09-16,,,,,,833-251-8463
555,50458-586-01,Janssen Pharmaceuticals,Current,Reverified,Available,,2023-07-26,2026-09-17,,,,,,800-JANSSEN (1-800-526-7736) Monday through Friday from 9:00 AM to 8:00 PM ET
556,71288-205-03,"Meitheal Pharmaceuticals, Inc.",Current,Reverified,Available,,2020-04-07,2026-08-27,,,Check wholesalers for inventory,,,844-824-8426
557,11534-190-01,"Sunrise Pharmaceutical, Inc.",Current,Reverified,Available,,2022-10-12,2026-09-16,,,,,,732-382-6085 Monday to Friday 9 am to 3:45 pm
558,23155-473-42,"Avet Pharmaceuticals, Inc.",Current,Revised,Unavailable,Other,2020-04-07,2026-09-01,,,Estimated recovery: End October 2026; Manufacturing delay,,,855-228-9470
559,42023-186-20,"Par Health, USA LLC",Current,Reverified,Unavailable,Other,2020-04-10,2026-09-17,,,Estimated recovery: TBD; Please check wholesalers for inventory,,,800-828-9393
560,81298-7620-3,Long Grove Pharmaceuticals LLC,Current,Reverified,Available,,2017-03-01,2026-09-15,,,,,,833-268-5559
561,0409-0001-25,"Hospira, Inc., a Pfizer Company",Current,Revised,Limited Availability,Demand increase for the drug,2020-04-02,2026-09-22,,,Limited Supply Available. Next Delivery and Estimated Recovery: December 2026,,,844-646-4398
562,63323-469-01,"Fresenius Kabi USA, LLC",To Be Discontinued,New,,,2026-01-09,2026-01-09,,2026-01-09,Discontinuation of the manufacture of the drug,,,888-386-1300
563,0378-0167-13,"Mylan Pharmaceuticals Inc., a Viatris Company",To Be Discontinued,New,,,2026-01-12,2026-01-12,,2026-01-12,Discontinuation of the manufacture of the drug,,,800-796-9526
564,17478-050-02,"Hikma Pharmaceuticals USA, Inc.",Current,Reverified,Unavailable,Other,2022-05-03,2026-09-18,,,Not currently manufactured,,,800-631-2174
565,0409-7875-12,Pfizer Inc.,Current,Reverified,Available,,2020-04-10,2026-09-21,,,,,,844-646-4398
566,0591-5590-01,"Teva Pharmaceuticals USA, Inc.",To Be Discontinued,New,,,2025-10-21,2025-10-21,,2025-10-21,Supply is expected to be depleted by 12/31/2025.,,,800-545-8800
567,0002-8870-27,Eli Lilly and Co.,To Be Discontinued,New,,,2025-12-22,2025-12-22,,2025-12-22,A business decision was made to discontinue. Distribution will end April 2026. The 200 mg/2 mL injection presentation (NDC 0002-1442-11) will remain.,,,800-545-5979
568,0409-0040-10,Pfizer Inc.,To Be Discontinued,New,,,2025-11-07,2025-11-07,,2025-11-07,Discontinuation of the manufacture of the drug,,,844-646-4398
569,0378-0006-85,"Mylan Pharmaceuticals Inc., a Viatris Company",To Be Discontinued,New,,,2025-11-03,2025-11-03,,2025-11-03,Discontinuation of the manufacture of the drug,,,800-796-9526
570,62332-600-25,Alembic Pharmaceuticals,Current,Reverified,Available,,2018-03-23,2026-05-15,,,,,,908-393-9604
571,70121-1389-1,Amneal Pharmaceuticals,Current,Reverified,Available,,2020-04-10,2026-06-17,,,,,,866-525-7270
572,55150-169-10,Eugia US LLC,Current,Reverified,Available,,2018-02-20,2026-09-17,,,Check wholesalers for inventory,,,888-238-7880
573,58914-301-80,AbbVie Inc.,To Be Discontinued,New,,,2026-04-14,2026-04-14,,2026-04-14,Discontinuation of the manufacture of the drug,,,800-678-1605
574,57844-105-01,"Teva Pharmaceuticals USA, Inc.",Current,Reverified,Available,,2022-10-12,2026-09-15,,,,,,800-545-8800
575,0409-9094-28,"Hospira, Inc., a Pfizer Company",Current,Revised,Limited Availability,Demand increase for the drug,2012-01-01,2026-09-22,,,Limited Supply Available. Next Delivery: September 2026; Estimated Recovery: December 2026,,,844-646-4398
576,62332-601-25,Alembic Pharmaceuticals,Current,Reverified,Available,,2018-03-23,2026-05-15,,,,,,908-393-9604
577,65219-464-50,"Fresenius Kabi USA, LLC",Current,Reverified,Available,,2022-02-14,2026-09-15,,,Check wholesalers for inventory,,,888-386-1300
578,70069-752-01,"Somerset Therapeutics, LLC",Current,Reverified,Available,,2018-02-20,2026-09-11,,,,,,732-554-1037
579,63323-750-10,"Fresenius Kabi USA, LLC",To Be Discontinued,New,,,2026-02-25,2026-02-25,,2026-02-25,A business decision was made to discontinue manufacture of the drug.,,,847-550-2300
580,72266-119-25,Gland Pharma Limited,Current,Reverified,Available,Demand increase for the drug,2018-06-06,2026-07-22,,,"Distributed by Fosun Pharma USA, Inc.. To order, contact: 833-291-9645.",,,833-291-9645
581,72516-016-01,Oryza Pharmaceuticals Inc.,Current,Reverified,Unavailable,Shortage of an active ingredient,2022-10-12,2026-09-16,,,Estimated recovery: April 2027,,,855-257-0292
582,65219-080-05,"Jiangsu Hengrui Pharmaceuticals Co., Ltd.",To Be Discontinued,New,,,2026-06-30,2026-06-30,,2026-06-30,"Marketed by Fresenius Kabi, USA; Discontinuation of the manufacture of the drug",,,888-386-1800
583,0409-4902-34,"Hospira, Inc., a Pfizer Company",To Be Discontinued,New,,,2025-11-07,2025-11-07,,2025-11-07,Discontinuation of the manufacture of the drug,,,844-646-4398
584,71288-725-32,Kindos Pharmaceuticals Co. Ltd.,To Be Discontinued,New,,,2026-05-05,2026-05-05,,2026-05-05,Discontinuation of the manufacture of the drug,,,844-824-8426
585,0002-7623-01,Eli Lilly and Co.,To Be Discontinued,New,,,2025-10-16,2025-10-16,,2025-10-16,Discontinuation of the manufacture of the drug,,,800-545-5979
586,55150-159-74,Eugia US LLC,Current,Reverified,Unavailable,Demand increase for the drug,2018-02-20,2026-09-17,,,On backorder. Recovery: TBD. Check wholesalers for inventory,,,888-238-7880
587,0054-3294-46,"Hikma Pharmaceuticals USA, Inc.",Current,Revised,Available,Shortage of an inactive ingredient component,2026-03-31,2026-09-18,,,,,,800-631-2174
588,0409-3578-01,"Hospira, Inc., a Pfizer Company",To Be Discontinued,New,,,2026-07-17,2026-07-17,,2026-07-17,Discontinuation of the manufacture of the drug,,,844-646-4398
589,47781-179-01,Alvogen,Current,Reverified,Available,,2022-10-12,2026-09-17,,,,,,844-842-8672 and email: CustomerService-US@alvogen.com
590,0591-5544-05,"Teva Pharmaceuticals USA, Inc.",To Be Discontinued,New,,,2026-02-19,2026-02-19,,2026-02-19,Discontinuation of the manufacture of the drug,,,800-545-8800
591,0603-5165-21,"Endo Pharmaceuticals, Inc.",To Be Discontinued,New,,,2025-10-31,2025-10-31,,2025-10-31,Discontinuation of the manufacture of the drug,,,800-828-9393
592,63323-492-57,"Fresenius Kabi USA, LLC",Current,Reverified,Available,,2012-02-22,2026-09-15,,,Check wholesalers for inventory,,,888-386-1300
593,0093-9364-01,Sanofi-Aventis U.S. LLC,To Be Discontinued,New,,,2026-08-10,2026-08-10,,2026-08-10,A business decision was made to discontinue manufacture of the drug.,,,800-633-1610
594,25021-701-02,Sagent Pharmaceuticals,Current,Reverified,Available,,2018-03-26,2026-09-18,,,,,,866-625-1618
595,0025-2742-31,Pfizer Inc.,To Be Discontinued,New,,,2026-08-24,2026-08-24,,2026-08-24,Discontinuation of the manufacture of the drug,,,800-533-4535
596,50742-447-45,Ingenus Pharmaceuticals LLC,To Be Discontinued,New,,,2026-02-20,2026-02-20,,2026-02-20,Discontinuation of the manufacture of the drug,,,866-321-5031
597,0641-1495-35,"Hikma Pharmaceuticals USA, Inc.",Current,Revised,Available,Demand increase for the drug,2023-11-21,2026-09-18,,,Limited availability,,,800-631-2174
598,76329-3390-1,"Amphastar Pharmaceuticals, Inc.",Current,Reverified,Limited Availability,Demand increase for the drug,2012-02-22,2026-09-16,,,Available on allocation,,,800-423-4136
599,10019-926-02,Baxter Healthcare,Current,Reverified,Available,,2026-06-12,2026-09-17,,,,,,888-229-0001
600,25021-701-01,Sagent Pharmaceuticals,Current,Reverified,Available,,2018-03-26,2026-09-18,,,,,,866-625-1618
601,58468-0127-1,Sanofi-Aventis U.S. LLC,To Be Discontinued,New,,,2025-12-10,2025-12-10,,2025-12-10,Discontinuation of the manufacture of the drug,,,800-633-1610
602,0703-4248-01,"Teva Pharmaceuticals USA, Inc.",Current,Revised,Limited Availability,Other,2023-04-28,2026-09-15,,,Estimated recovery: February 2027,,,800-545-8800
603,0071-0532-23,Pfizer Inc.,To Be Discontinued,New,,,2025-10-01,2025-10-01,,2025-10-01,Discontinuation of the manufacture of the drug,,,800-533-4535
604,0378-6856-77,"Mylan Pharmaceuticals Inc., a Viatris Company",Current,Reverified,Available,,2023-07-14,2026-09-17,,,,,,800-796-9526
605,0002-8235-05,Eli Lilly and Co.,To Be Discontinued,New,,,2025-10-24,2025-10-24,,2025-10-24,A business decision was made to discontinue manufacture of the drug.,,,800-545-5979
606,63323-851-50,"Fresenius Kabi USA, LLC",Current,Reverified,Available,,2017-10-31,2026-09-15,,,Check wholesalers for inventory,,,888-386-1300
607,59676-570-01,Janssen Research and Development,To Be Discontinued,New,,,2026-04-28,2026-04-28,,2026-04-28,Discontinuation of the manufacture of the drug,,,800-526-7736
608,72888-152-30,Rubicon Research Private Limited,Current,Reverified,Available,,2023-03-10,2026-06-01,,,Marketed by Advagen Pharma Ltd.,,,sales@advagenpharma.com
609,63323-723-03,"Fresenius Kabi USA, LLC",Current,Reverified,Available,,2022-06-28,2026-09-15,,,Check wholesalers for inventory,,,888-386-1300
610,57664-052-88,"Sun Pharmaceutical Industries, Inc.",Current,Revised,Limited Availability,Other,2023-07-14,2026-09-18,,,Estimated Recovery: TBD,,,800-818-4555
611,0088-2160-30,Sanofi-Aventis U.S. LLC,To Be Discontinued,New,,,2026-06-08,2026-06-08,,2026-06-08,Discontinuation of the manufacture of the drug,,,800-981-2491
612,55150-168-30,Eugia US LLC,Current,Reverified,Available,,2018-02-20,2026-09-17,,,Check wholesalers for inventory,,,888-238-7880
613,0527-1505-37,"Lannett Company, Inc.",Current,Reverified,Available,,2022-10-12,2026-09-15,,,,,,844-834-0530
614,76045-210-10,"Fresenius Kabi USA, LLC",Current,Reverified,Available,,2019-02-08,2026-09-15,,,Check wholesalers for inventory,,,888-386-1300
615,25021-671-67,InfoRLife SA,Current,Reverified,Unavailable,Other,2018-03-27,2026-08-18,,,Estimated recovery: TBD; Marketed by Sagent Pharmaceuticals,,,Sagent: 866-625-1618
616,0480-3570-01,"Teva Pharmaceuticals USA, Inc.",Current,Reverified,Available,,2023-07-14,2026-09-15,,,,,,800-545-8800
617,65282-1605-1,"Spectra Medical Devices, LLC",Current,Reverified,Unavailable,Other,2018-06-14,2026-05-15,,,Estimated recovery: TBD,,,978-657-0889 ext. 5231
618,0555-0776-02,"Teva Pharmaceuticals USA, Inc.",Current,Reverified,Available,,2022-10-12,2026-09-15,,,,,,800-545-8800
619,0054-3298-63,"Hikma Pharmaceuticals USA, Inc.",Current,Revised,Available,Shortage of an inactive ingredient component,2026-03-31,2026-09-18,,,,,,800-631-2174
620,43066-555-24,Baxter Healthcare,Current,Reverified,Available,,2020-04-10,2026-09-17,,,,,,888-229-0001
621,0409-6637-14,"Hospira, Inc., a Pfizer Company",To Be Discontinued,New,,,2025-11-07,2025-11-07,,2025-11-07,Discontinuation of the manufacture of the drug,,,844-646-4398
622,57664-086-88,"Sun Pharmaceutical Industries, Inc.",Current,Revised,Available,,2023-07-14,2026-09-18,,,,,,800-818-4555
623,0480-3667-22,"Novo Nordisk, Inc.",Current,Reverified,Available,,2023-07-18,2026-09-22,,,Distributed by Teva,,,833-493-4689
624,0555-0777-02,"Teva Pharmaceuticals USA, Inc.",Current,Revised,Limited Availability,Other,2022-10-12,2026-09-15,,,Estimated recovery: September 2026,,,800-545-8800
625,76045-121-11,"Fresenius Kabi USA, LLC",Current,Revised,Unavailable,Other,2017-11-01,2026-09-15,,,Next release November 2026. Check wholesalers for inventory.,,,888-386-1300
626,0409-1454-20,Pfizer Inc.,Current,Reverified,Available,,2020-04-10,2026-09-21,,,,,,844-646-4398
627,55150-393-01,Eugia US LLC,Current,Reverified,Unavailable,Demand increase for the drug,2020-12-22,2026-09-17,,,On backorder. Recovery: TBD. Check wholesalers for inventory,,,888-238-7880
628,70010-113-01,Granules Pharmaceuticals Inc.,Current,Reverified,Unavailable,Shortage of an active ingredient,2022-10-12,2026-09-18,,,Estimated recovery: October 2026,,,877-770-3183
629,47781-564-01,Alvogen,Current,Reverified,Available,,2023-07-14,2026-09-17,,,,,,844-842-8672 and email: CustomerService-US@alvogen.com
630,0591-2888-30,"Teva Pharmaceuticals USA, Inc.",Current,Revised,Unavailable,Other,2024-11-04,2026-09-15,,,Estimated recovery: TBD,,,800-545-8800
631,61958-1702-1,"Gilead Sciences, Inc.",To Be Discontinued,New,,,2026-04-07,2026-04-07,,2026-04-07,Discontinuation in the manufacturing of the drug,,,800-445-3235
632,0990-7923-13,Otsuka ICU Medical LLC,Current,Reverified,Available,,2022-02-14,2026-09-16,,,"This product is distributed by ICU Medical. For questions regarding this product, please contact ICU Medical.",,,1-866-829-9025 or ProductAvailability@icumed.com
633,59137-570-01,Medexus,Current,Revised,Available,,2021-05-04,2026-09-15,,,,https://www.fda.gov/files/drugs/published/hexatrione_dhcp_09-15-2026_with_pi.pdf,,1-855-336-3322 Option 9
634,0641-6052-25,"Hikma Pharmaceuticals USA, Inc.",Current,Reverified,Available,,2025-05-30,2026-09-18,,,Additional lots are scheduled to be manufactured.  Product will be made available as it is released.,,,800-631-2174
635,0054-0375-25,"Hikma Pharmaceuticals USA, Inc.",Current,Reverified,Limited Availability,Shortage of an active ingredient,2023-07-14,2026-09-18,,,Available on allocation,,,800-631-2174
636,0409-1761-62,"Hospira, Inc., a Pfizer Company",Current,Reverified,Available,,2018-02-20,2026-09-22,,,,,,844-646-4398
637,0002-8213-05,Eli Lilly and Co.,To Be Discontinued,New,,,2025-10-24,2025-10-24,,2025-10-24,A business decision was made to discontinue manufacture of the drug.,,,800-545-5979
638,0338-9666-35,Baxter Healthcare,Current,Reverified,Available,,2022-02-14,2026-09-17,,,,,,888-229-0001
639,0409-1530-01,"Hospira, Inc., a Pfizer Company",Current,Reverified,Available,,2018-02-20,2026-09-22,,,,,,844-646-4398
640,13811-709-10,"Trigen Laboratories, LLC",Current,Reverified,Limited Availability,Demand increase for the drug,2023-07-26,2026-09-16,,,Allocation to current contracted customers,,,800-541-4802
641,43547-602-10,"Solco Healthcare US, LLC",Current,Reverified,Limited Availability,Shortage of an active ingredient,2023-07-14,2026-06-29,,,On allocation,,,866-931-9829
642,0409-9137-05,"Hospira, Inc., a Pfizer Company",Current,Reverified,Available,,2012-02-22,2026-09-22,,,,,,844-646-4398
643,76045-107-10,"Fresenius Kabi USA, LLC",Current,Reverified,Unavailable,Other,2018-03-23,2026-09-15,,,Estimated recovery: TBD,,,888-386-1300
644,0409-7809-24,"Hospira, Inc., a Pfizer Company",Current,Revised,Unavailable,Other,2017-11-06,2026-09-22,,,Next Delivery and Estimated Recovery: December 2027; Shortage per Manufacturer: Manufacturing Delay,,,844-646-4398
645,0338-1130-06,Baxter Healthcare,Current,Reverified,Available,,2020-12-08,2026-09-17,,,,,,888-229-0001
646,68025-098-30,"Vertical Pharmaceuticals, LLC",Current,Reverified,Available,,2023-07-26,2026-09-16,,,,,,800-541-4802
647,65219-368-02,"Fresenius Kabi USA, LLC",Current,Reverified,Unavailable,Demand increase for the drug,2018-05-03,2026-09-15,,,Next release September 2026. Check wholesalers for inventory.,,,888-386-1300
648,63323-202-02,"Fresenius Kabi USA, LLC",Current,Reverified,Available,,2012-02-22,2026-09-15,,,Check wholesalers for inventory,,,888-386-1300
649,0002-4491-61,Eli Lilly and Co.,To Be Discontinued,New,,,2025-11-03,2025-11-03,,2025-11-03,"A business decision was made to discontinue manufacture of the 50 mg and 100 mg tablets. Distribution will end on May 31, 2026.",,,800-545-5979
650,0006-3074-02,Merck Sharp & Dohme LLC,To Be Discontinued,New,,,2025-10-17,2025-10-17,,2025-10-17,"To be discontinued December 1, 2025",,,800-672-6372
651,16729-295-31,Accord Healthcare Inc.,Current,Reverified,Unavailable,Discontinuation of the manufacture of the drug,2023-04-28,2026-09-15,,,Estimated recovery: TBD,,,"866-941-7875, option 2"
652,63323-452-01,"Fresenius Kabi USA, LLC",Current,Reverified,Unavailable,Other,2017-10-31,2026-09-15,,,Next release September 2026. Check wholesalers for inventory.,,,888-386-1300
653,70010-112-01,Granules Pharmaceuticals Inc.,Current,Reverified,Unavailable,Shortage of an active ingredient,2022-10-12,2026-09-18,,,Estimated recovery: October 2026,,,877-770-3183
654,63323-142-10,"Fresenius Kabi USA, LLC",Current,Reverified,Limited Availability,Demand increase for the drug,2026-06-12,2026-09-15,,,Check wholesalers for inventory,,,888-386-1300
655,0143-9577-10,"Hikma Pharmaceuticals USA, Inc.",Current,Reverified,Available,,2018-06-13,2026-09-18,,,Additional lots are scheduled for manufacturing to meet demand.  Product will be made available as it is released.,,,800-631-2174
656,63323-489-17,"Fresenius Kabi USA, LLC",Current,Reverified,Available,,2016-10-14,2026-09-15,,,Check wholesalers for inventory,,,888-386-1300
657,60505-6282-3,Teyro Labs,To Be Discontinued,New,,,2026-06-01,2026-06-01,,2026-06-01,Wholesaler & Distributor through Marketing partner (Apotex Inc.); Discontinuation of the manufacture of the drug,,,Apotex Inc.: 800-706-5575
658,0781-2868-31,Sandoz Inc.,To Be Discontinued,New,,,2025-10-09,2025-10-09,,2025-10-09,Discontinuation of the manufacture of the drug,,,800-525-8747
659,61314-531-64,Sandoz Inc.,To Be Discontinued,New,,,2026-01-13,2026-01-13,,2026-01-13,Equivalent Sandoz format is available.,,,800-525-8747
660,0591-5544-01,"Teva Pharmaceuticals USA, Inc.",To Be Discontinued,New,,,2026-02-19,2026-02-19,,2026-02-19,Discontinuation of the manufacture of the drug,,,800-545-8800
661,0169-2800-15,"Novo Nordisk, Inc.",Current,Reverified,Limited Availability,Discontinuation of the manufacture of the drug,2023-07-18,2026-09-22,,,Product will be available until discontinuation in January 2027,https://www.accessdata.fda.gov/scripts/drugshortages/dsp_ActiveIngredientDetails.cfm?AI=Liraglutide+Injection&st=d,,833-493-4689
662,0641-6026-05,"Hikma Pharmaceuticals USA, Inc.",Current,Reverified,Unavailable,Other,2023-12-20,2026-09-18,,,Inventory available in vial presentations.,,,800-631-2174
663,0409-5092-16,"Hospira, Inc., a Pfizer Company",To Be Discontinued,New,,,2025-11-14,2025-11-14,,2025-11-14,Discontinuation of the manufacture of the drug,,,844-646-4398
664,46163-212-92,Fresenius Medical Care North America,To Be Discontinued,New,,,2026-03-10,2026-03-10,,2026-03-10,"The NDC codes are being discontinued, to be replaced with NDC labeler code #46163.",,,800-323-5188
665,0703-3678-01,"Teva Pharmaceuticals USA, Inc.",Current,Revised,Limited Availability,Other,2023-03-13,2026-09-15,,,Estimated recovery: October 2026,,,800-545-8800
666,63323-493-91,"Fresenius Kabi USA, LLC",Current,Reverified,Unavailable,Demand increase for the drug,2012-02-22,2026-09-15,,,Estimated recovery: TBD,,,888-386-1300
667,0406-5111-01,SpecGx LLC,Current,Reverified,Available,,2023-07-14,2026-08-20,,,,,,800-325-8888
668,63481-025-09,"Endo Pharmaceuticals, Inc.",To Be Discontinued,New,,,2026-02-24,2026-02-24,,2026-02-24,A business decision was made to discontinue manufacture of the drug.,,,800-828-9393
669,72888-153-01,Rubicon Research Private Limited,Current,Reverified,Available,,2023-03-27,2026-06-01,,,Marketed by Advagen Pharma Ltd.,,,sales@advagenpharma.com
670,62135-485-90,Chartwell Molecular Holdings LLC,Current,Reverified,Available,,2023-01-19,2026-09-15,,,,,,845-268-5000 x 510 or Chartwell Customer service at cs@chartwellpharma.com
671,42023-240-01,"Par Health, USA LLC",Current,Reverified,Unavailable,Other,2022-06-16,2026-09-17,,,Estimated recovery: TBD,,,800-828-9393
672,0378-6859-77,"Mylan Pharmaceuticals Inc., a Viatris Company",Current,Reverified,Available,,2023-07-14,2026-09-17,,,,,,800-796-9526
673,0527-4662-37,"Lannett Company, Inc.",Current,Reverified,Available,,2023-07-14,2026-09-15,,,,,,844-834-0530
674,75987-050-07,Amgen Inc.,To Be Discontinued,New,,,2026-09-01,2026-09-01,,2026-09-01,Discontinuation in the manufacturing of the drug product,,,800-772-6436
675,16729-136-16,Accord Healthcare Inc.,Current,Reverified,Available,,2023-03-10,2026-09-15,,,,,,"866-941-7875, option 2"
676,68180-554-09,"Lupin Pharmaceuticals, Inc.",Current,Reverified,Unavailable,Requirements related to complying with good manufacturing practices,2023-01-19,2026-09-01,,,Estimated recovery: TBD,,,866-587-4617
677,0009-3073-22,Pfizer Inc.,Current,Revised,Unavailable,Demand increase for the drug,2021-12-15,2026-09-21,,,Next Delivery: October 2026; Estimated Recovery: December 2026,,,844-646-4398
678,49884-564-11,"Par Health, Inc.",To Be Discontinued,New,,,2026-04-29,2026-04-29,,2026-04-29,Discontinuation of the manufacture of the drug,,,800-828-9393
679,0480-3564-01,"Teva Pharmaceuticals USA, Inc.",Current,Reverified,Available,,2023-07-14,2026-09-15,,,,,,800-545-8800
680,0185-2099-01,Sandoz Inc.,Current,Reverified,Available,,2022-10-12,2026-09-18,,,,,,800-525-8747
681,16571-600-96,"Rising Pharma Holdings, Inc.",Current,Reverified,Available,,2023-11-03,2026-09-01,,,,,,(201) 961-9000 or contact@risingpharma.com
682,42806-799-05,"Epic Pharma, LLC",Current,Reverified,Unavailable,Discontinuation of the manufacture of the drug,2021-12-22,2026-09-15,,,Discontinuation of the manufacture of the drug,,,(718) 276-8600 ext. 3
683,63323-637-10,"Fresenius Kabi USA, LLC",To Be Discontinued,New,,,2026-09-21,2026-09-21,,2026-09-21,Discontinuation of the manufacture of the drug,,,888-386-1300
684,71288-722-32,Kindos Pharmaceuticals Co. Ltd.,To Be Discontinued,New,,,2026-05-05,2026-05-05,,2026-05-05,Discontinuation of the manufacture of the drug,,,844-824-8426
685,72205-132-91,Novadoz Pharmaceuticals LLC,Current,Reverified,Available,,2023-07-14,2026-09-16,,,,,,(855) 668-2369; customerservice@novadozpharma.com
686,63323-519-77,"Fresenius Kabi USA, LLC",Current,Reverified,Unavailable,Other,2017-11-14,2026-09-15,,,Next release September 2026. Check wholesalers for inventory.,,,888-386-1300
687,0406-8884-01,SpecGx LLC,Current,Reverified,Available,,2022-10-12,2026-08-20,,,,,,800-325-8888
688,64850-550-01,"Elite Laboratories, Inc.",Current,Reverified,Limited Availability,Shortage of an active ingredient,2023-07-14,2026-09-16,,,Estimated recovery: TBD,,,888-852-6657
689,76045-004-11,"Fresenius Kabi USA, LLC",Current,Reverified,Unavailable,Other,2017-10-31,2026-09-15,,,Next release September 2026. Check wholesalers for inventory.,,,888-386-1300
690,0378-6858-77,"Mylan Pharmaceuticals Inc., a Viatris Company",Current,Reverified,Available,,2023-07-14,2026-09-17,,,,,,800-796-9526
691,0641-6053-25,"Hikma Pharmaceuticals USA, Inc.",Current,Reverified,Available,,2025-05-30,2026-09-18,,,Additional lots are scheduled to be manufactured.  Product will be made available as it is released.,,,800-631-2174
692,50742-402-05,Ingenus Pharmaceuticals LLC,To Be Discontinued,New,,,2026-02-24,2026-02-24,,2026-02-24,A business decision was made to discontinue manufacture of the drug.,,,866-321-5031
693,63323-671-00,"Fresenius Kabi USA, LLC",Current,Reverified,Unavailable,Delay in shipping of the drug,2020-04-10,2026-09-15,,,Expected recovery: TBD,,,888-386-1300
694,0409-3189-10,"Hospira, Inc., a Pfizer Company",Current,Reverified,Available,,2023-02-15,2026-09-22,,,,,,844-646-4398
695,13668-353-90,Torrent Pharmaceuticals Limited,To Be Discontinued,New,,,2026-03-25,2026-03-25,,2026-03-25,Discontinuation of the manufacture of the drug,,,908-280-3333
696,83634-651-10,Anthea Pharma,Current,Reverified,Available,,2012-02-22,2026-09-15,,,"Distributed by Avenacy, LLC",,,"Avenacy, LLC: 877-283-6229"
697,70010-114-01,Granules Pharmaceuticals Inc.,Current,Reverified,Unavailable,Shortage of an active ingredient,2022-10-12,2026-09-18,,,Estimated recovery: October 2026,,,877-770-3183
698,25021-700-01,Gland Pharma Limited,Current,Reverified,Available,,2018-03-23,2026-07-22,,,,,,833-291-9645
699,0338-0017-03,Baxter Healthcare,Current,Reverified,Available,,2022-02-14,2026-09-17,,,,,,888-229-0001
700,25021-652-87,InfoRLife SA,Current,Reverified,Available,,2018-03-27,2026-08-18,,,Marketed by Sagent Pharmaceuticals,,,Sagent: 866-625-1618
701,59212-001-01,Advanz Pharma (US) Corp.,To Be Discontinued,New,,,2025-12-01,2025-12-01,,2025-12-01,Discontinuation of the manufacture of the drug,,,847-283-7921
702,0941-0409-07,Vantive US Healthcare LLC,To Be Discontinued,New,,,2026-08-03,2026-08-03,,2026-08-03,A business decision was made to discontinue manufacture of the drug.,,,800-284-4060
703,68025-095-10,"Vertical Pharmaceuticals, LLC",Current,Reverified,Available,,2023-07-26,2026-09-16,,,,,,800-541-4802
704,0555-0972-02,"Teva Pharmaceuticals USA, Inc.",Current,Reverified,Available,,2022-10-12,2026-09-15,,,,,,800-545-8800
705,0143-9254-25,"Hikma Pharmaceuticals USA, Inc.",Current,Reverified,Unavailable,Demand increase for the drug,2017-11-06,2026-09-18,,,Additional lots will be available in the October 2026 timeframe.  Product will be made available as it is released.,,,800-631-2174
706,0054-0660-25,"Hikma Pharmaceuticals USA, Inc.",Current,Revised,Limited Availability,Shortage of an active ingredient,2023-07-14,2026-05-12,,,Available on allocation,,,800-631-2174
707,65649-400-01,"Salix Pharmaceuticals, a division of Bausch Health US, LLC",To Be Discontinued,New,,,2026-08-13,2026-08-13,,2026-08-13,A business decision was made to discontinue manufacture of the drug.,,,800-321-4576
708,55150-165-05,Eugia US LLC,Current,Revised,Unavailable,Demand increase for the drug,2018-02-20,2026-09-17,,,On backorder. Recovery: late September 2026. Check wholesalers for inventory,,,888-238-7880
709,63323-454-01,"Fresenius Kabi USA, LLC",Current,Reverified,Unavailable,Other,2017-10-31,2026-09-15,,,Next release October 2026. Check wholesalers for inventory.,,,888-386-1300
710,0264-9594-20,B. Braun Medical Inc.,Current,Reverified,Available,,2017-10-25,2026-09-22,,,,,,800-227-2862
711,0409-3178-03,"Hospira, Inc., a Pfizer Company",Current,Revised,Limited Availability,Other,2012-02-22,2026-09-22,,,Limited Supply Available. Next Delivery: May 2027; Estimated Recovery: June 2027; Shortage per Manufacturer: Manufacturing Delay,,,844-646-4398
712,43598-305-62,"Dr. Reddy's Laboratories, Inc.",Current,Reverified,Available,,2020-12-18,2026-08-05,,,Available to existing customers,,,866-732-3952
713,72078-034-01,"Mylan Institutional, a Viatris Company",Current,Reverified,Available,,2022-06-28,2026-09-17,,,,,,800-796-9526
714,54092-173-12,Takeda Pharmaceuticals USA Inc.,To Be Discontinued,New,,,2025-12-19,2025-12-19,,2025-12-19,Discontinuation of the manufacture of the drug,,,855-268-1825
715,0781-2868-92,Sandoz Inc.,To Be Discontinued,New,,,2025-10-09,2025-10-09,,2025-10-09,Discontinuation of the manufacture of the drug,,,800-525-8747
716,0409-4279-02,"Hospira, Inc., a Pfizer Company",Current,Reverified,Available,,2012-02-22,2026-09-22,,,,,,844-646-4398
717,72266-147-10,Gland Pharma Limited,Current,Reverified,Available,,2022-10-05,2026-07-22,,,"Distributed by Fosun Pharma USA, Inc.. To order, contact: 833-291-9645.",,,833-291-9645
718,63323-760-20,"Fresenius Kabi USA, LLC",To Be Discontinued,New,,,2026-09-16,2026-09-16,,2026-09-16,Discontinuation of the manufacture of the drug,,,888-386-1300
719,42806-799-01,"Epic Pharma, LLC",Current,Reverified,Unavailable,Discontinuation of the manufacture of the drug,2021-12-22,2026-09-15,,,Discontinuation of the manufacture of the drug,,,(718) 276-8600 ext. 3
720,0009-0104-04,Pfizer Inc.,To Be Discontinued,New,,,2026-02-25,2026-02-25,,2026-02-25,Discontinuation of the manufacture of the drug,,,844-646-4398
721,46163-212-94,Fresenius Medical Care North America,To Be Discontinued,New,,,2026-03-10,2026-03-10,,2026-03-10,"The NDC codes are being discontinued, to be replaced with NDC labeler code #46163.",,,800-323-5188
722,60505-4739-1,Apotex Corp.,Current,Reverified,Available,,2023-11-01,2026-09-16,,,,,,800-706-5575
723,0641-6030-01,"Hikma Pharmaceuticals USA, Inc.",Current,Reverified,Available,,2023-12-20,2026-09-18,,,Additional lots will be scheduled for manufacturing to meet demand.  Product will be made available as it is released.,,,800-631-2174
724,0409-4887-10,"Hospira, Inc., a Pfizer Company",Current,Reverified,Available,,2021-11-23,2026-09-22,,,,,,844-646-4398
725,0074-3399-30,AbbVie Inc.,To Be Discontinued,New,,,2026-07-24,2026-07-24,,2026-07-24,Discontinuation of the manufacture of the drug,,,800-633-9110
726,0703-4246-01,"Teva Pharmaceuticals USA, Inc.",Current,Revised,Limited Availability,Other,2023-04-28,2026-09-15,,,Estimated recovery: September 2027,,,800-545-8800
727,66993-066-02,Advanz Pharma (US) Corp.,To Be Discontinued,New,,,2025-12-01,2025-12-01,,2025-12-01,Discontinuation of the manufacture of the drug,,,847-283-7921
728,0054-0371-25,"Hikma Pharmaceuticals USA, Inc.",Current,Reverified,Limited Availability,Shortage of an active ingredient,2023-07-14,2026-09-18,,,Available on allocation,,,800-631-2174
729,0173-0717-22,GlaxoSmithKline,To Be Discontinued,New,,,2026-07-27,2026-07-27,,2026-07-27,"The anticipated date that GSK will cease distribution of the presentation is approximately December 31, 2026.  The 120 dose presentation of this product will still be available.",,,888-825-5249
730,62175-310-37,"Lannett Company, Inc.",Current,Reverified,Available,,2023-07-26,2026-09-15,,,,,,844-834-0530
731,63323-287-20,"Fresenius Kabi USA, LLC",Current,Reverified,Unavailable,Demand increase for the drug,2018-03-23,2026-09-15,,,Estimated recovery: TBD,,,888-386-1300
732,42858-161-01,Rhodes Pharmaceuticals L.P.,Current,Revised,Available,,2023-07-14,2026-06-24,,,,,,888-827-0616
733,62135-486-90,Chartwell Molecular Holdings LLC,Current,Reverified,Available,,2023-01-19,2026-09-15,,,,,,845-268-5000 x 510 or Chartwell Customer service at cs@chartwellpharma.com
734,13107-072-01,Aurobindo Pharma USA,Current,Reverified,Unavailable,Shortage of an active ingredient,2022-10-12,2026-07-21,,,Estimated availability: October 2026,,,(866) 850-2876 OR CustomerService@AurobindoUSA.com
735,25021-311-10,Gland Pharma Limited,To Be Discontinued,New,,,2026-04-28,2026-04-28,,2026-04-28,Distributed by Sagent Pharmaceuticals; Discontinuation of the manufacture of the drug,,,866-625-1618
736,0409-5017-01,"Hospira, Inc., a Pfizer Company",To Be Discontinued,New,,,2025-11-14,2025-11-14,,2025-11-14,Discontinuation of the manufacture of the drug,,,844-646-4398
737,63323-288-11,"Fresenius Kabi USA, LLC",Current,Reverified,Available,,2018-03-23,2026-09-15,,,,,,888-386-1300
738,0009-5095-06,Pfizer Inc.,To Be Discontinued,New,,,2026-06-01,2026-06-01,,2026-06-01,Discontinuation of the manufacture of the drug,,,844-646-4398
739,65862-617-90,Aurobindo Pharma USA,Current,Reverified,Unavailable,Discontinuation of the manufacture of the drug,2023-01-19,2026-06-02,,,Discontinuation of the manufacture of the drug,,,866-850-2876
740,57664-083-88,"Sun Pharmaceutical Industries, Inc.",Current,Revised,Available,,2023-07-14,2026-09-18,,,,,,800-818-4555
741,55150-322-25,Eugia US LLC,Current,Reverified,Unavailable,Demand increase for the drug,2020-04-07,2026-09-17,,,On backorder. Recovery: TBD. Check wholesalers for inventory,,,888-238-7880
742,13811-710-30,"Trigen Laboratories, LLC",Current,Reverified,Limited Availability,Demand increase for the drug,2023-07-26,2026-09-16,,,Allocation to current contracted customers,,,800-541-4802
743,0169-4307-30,"Novo Nordisk, Inc.",To Be Discontinued,New,,,2026-06-04,2026-06-04,,2026-06-04,Discontinuation of the manufacture of the drug. These products will be replaced by Ozempic (semaglutide) tablets.,,,833-493-4689
744,76045-212-10,"Fresenius Kabi USA, LLC",Current,Revised,Limited Availability,Demand increase for the drug,2019-02-08,2026-09-15,,,3 month expiry available on request. Next release not available at this time.,,,888-386-1300
745,68180-658-06,"Lupin Pharmaceuticals, Inc.",Current,Reverified,Available,,2021-12-22,2026-09-01,,,,,,866-587-4617
746,0074-3008-60,AbbVie Inc.,To Be Discontinued,New,,,2026-07-24,2026-07-24,,2026-07-24,Discontinuation of the manufacture of the drug,,,800-633-9110
747,0409-2222-12,"Hospira, Inc., a Pfizer Company",Current,Reverified,Available,,2017-11-14,2026-09-22,,,,,,844-646-4398
748,63459-390-08,"Cephalon, LLC (a wholly owned subsidiary of Teva Pharmaceutical Industries, Ltd.)",To Be Discontinued,New,,,2026-07-23,2026-07-23,,2026-07-23,A business decision has been made to discontinue manufacture of the drug.,,,(610) 344-0200
749,0990-7139-09,Otsuka ICU Medical LLC,Current,Reverified,Unavailable,Discontinuation of the manufacture of the drug,2023-04-28,2026-09-16,,,"Product temporarily unavailable. Estimated recovery: TBD. This product is distributed by ICU Medical. For questions regarding this product, please contact ICU Medical.",https://www.fda.gov/media/182619/download?attachment,,1-866-829-9025 or ProductAvailability@icumed.com
750,0409-2815-01,Pfizer Inc.,Current,Reverified,Available,,2020-04-10,2026-09-21,,,,,,844-646-4398
751,25021-671-82,InfoRLife SA,Current,Reverified,Available,,2018-03-27,2026-08-18,,,Marketed by Sagent Pharmaceuticals,,,Sagent: 866-625-1618
752,57664-608-88,"Sun Pharmaceutical Industries, Inc.",Current,Revised,Unavailable,Discontinuation of the manufacture of the drug,2023-07-26,2026-09-18,,,Currently not marketed,,,800-818-4555
753,0703-0110-03,"Teva Pharmaceuticals USA, Inc.",Current,Reverified,Available,,2017-11-01,2026-09-15,,,,,,800-545-8800
754,25021-131-82,InfoRLife SA,Current,Revised,Limited Availability,Other,2022-01-13,2026-08-18,,,Estimated recovery: August 2026; Marketed by Sagent Pharmaceuticals,,,Sagent: 866-625-1618
755,69489-721-05,Journey Medical Corporation,To Be Discontinued,New,,,2026-05-08,2026-05-08,,2026-05-08,Discontinuation of the manufacture of the drug,,,480-434-6670
756,0990-7922-61,Otsuka ICU Medical LLC,Current,Reverified,Available,,2022-02-14,2026-09-16,,,"This product is distributed by ICU Medical. For questions regarding this product, please contact ICU Medical.",,,1-866-829-9025 or ProductAvailability@icumed.com
757,0409-4887-20,"Hospira, Inc., a Pfizer Company",Current,Reverified,Available,,2021-11-23,2026-09-22,,,,,,844-646-4398
758,55150-314-01,Eugia US LLC,Current,Reverified,Unavailable,Demand increase for the drug,2021-12-15,2026-09-17,,,On backorder. Recovery: TBD. Check wholesalers for inventory,,,888-238-7880
759,63323-162-02,"Fresenius Kabi USA, LLC",Current,Revised,Unavailable,Delay in shipping of the drug,2018-03-23,2026-09-15,,,Next release October 2026. Check wholesalers for inventory.,,,888-386-1300
760,0409-9046-01,"Hospira, Inc., a Pfizer Company",Current,Revised,Unavailable,Other,2018-02-20,2026-09-22,,,Next Delivery and Estimated Recovery: December 2028; Shortage per Manufacturer: Manufacturing Delay,,,844-646-4398
761,0641-6007-10,"Hikma Pharmaceuticals USA, Inc.",Current,Revised,Available,,2018-01-31,2026-09-18,,,Additional lots are scheduled for manufacturing to meet demand.  Product will be made available as it is released.,,,800-631-2174
762,0338-9664-40,Baxter Healthcare,Current,Reverified,Available,,2022-02-14,2026-09-17,,,,,,888-229-0001
763,0409-9633-05,Pfizer Inc.,To Be Discontinued,New,,,2025-11-21,2025-11-21,,2025-11-21,Discontinuation of the manufacture of the drug,,,844-646-4398
764,0641-6019-10,"Hikma Pharmaceuticals USA, Inc.",Current,Reverified,Available,,2017-11-03,2026-09-18,,,Additional lots are scheduled to be manufactured. Product will be made available as it is released.,,,800-631-2174
765,0409-2066-05,"Hospira, Inc., a Pfizer Company",Current,Reverified,Available,,2012-02-22,2026-09-22,,,,,,844-646-4398
766,55150-386-01,Eugia US LLC,Current,Reverified,Available,,2023-04-28,2026-09-17,,,Check wholesalers for inventory,,,888-238-7880
767,55150-170-30,Eugia US LLC,Current,Reverified,Available,,2018-02-20,2026-09-17,,,Check wholesalers for inventory,,,888-238-7880
768,70436-203-80,"Hainan Poly Pharm. Co., Ltd.",Current,Reverified,Available,,2017-11-06,2026-09-16,,,"Distributed by Slate Run Pharmaceuticals, LLC, 1-844-529-8988",,,"Slate Run Pharmaceuticals, LLC: 844-529-8988"
769,63323-970-02,"Fresenius Kabi USA, LLC",To Be Discontinued,New,,,2026-01-27,2026-01-27,,2026-01-27,Discontinuation of the manufacture of the drug,,,888-386-1300
770,0409-1893-01,"Hospira, Inc., a Pfizer Company",Current,Reverified,Unavailable,Discontinuation of the manufacture of the drug,2017-10-31,2026-09-22,,,Discontinuation of the manufacture of the drug,,,844-646-4398
771,64850-500-01,"Elite Laboratories, Inc.",Current,Reverified,Available,,2022-10-12,2026-09-16,,,,,,888-852-6657
772,63323-411-25,"Fresenius Kabi USA, LLC",Current,Reverified,Available,,2020-04-02,2026-09-15,,,Check wholesalers for inventory,,,888-386-1300
773,0409-1160-01,"Hospira, Inc., a Pfizer Company",Current,Reverified,Available,,2018-02-20,2026-09-22,,,,,,844-646-4398
774,0338-1005-02,Baxter Healthcare,Current,Reverified,Available,,2017-11-06,2026-09-17,,,,,,888-229-0001
775,0409-1746-10,"Hospira, Inc., a Pfizer Company",Current,Reverified,Available,,2018-02-20,2026-09-22,,,,,,844-646-4398
776,0069-0187-21,Pfizer Inc.,To Be Discontinued,New,,,2026-04-22,2026-04-22,,2026-04-22,"Discontinuation of the manufacturing of the capsule presentation. 75 mg Tablet 
NDC 0069-0284-03 will continue to be manufactured.",,,800-533-4535
777,63323-495-07,"Fresenius Kabi USA, LLC",Current,Revised,Unavailable,Other,2012-02-22,2026-09-15,,,Next release September 2026. Check wholesalers for inventory.,,,888-386-1300
778,0143-9931-25,"Hikma Pharmaceuticals USA, Inc.",Current,Reverified,Unavailable,Demand increase for the drug,2015-02-17,2026-09-18,,,Estimated recovery: TBD,,,800-631-2174
779,63323-462-31,"Fresenius Kabi USA, LLC",Current,Reverified,Unavailable,Delay in shipping of the drug,2018-02-20,2026-09-15,,,Estimated recovery: TBD,,,888-386-1300
780,48102-053-05,Fera Pharmaceuticals,Current,Reverified,Available,Other,2019-09-24,2026-09-01,,,Available through limited distribution by Walgreens Specialty Pharmacy.,,,516-277-1449
781,16729-295-34,Accord Healthcare Inc.,Current,Reverified,Unavailable,Requirements related to complying with good manufacturing practices,2023-04-28,2026-09-15,,,Estimated recovery: TBD,,,"866-941-7875, option 2"
782,0603-5167-21,"Endo Pharmaceuticals, Inc.",To Be Discontinued,New,,,2025-10-31,2025-10-31,,2025-10-31,Discontinuation of the manufacture of the drug,,,800-828-9393
783,60505-4743-1,Apotex Corp.,Current,Reverified,Available,,2023-11-01,2026-09-16,,,,,,800-706-5575
784,0409-2596-03,"Hospira, Inc., a Pfizer Company",Current,Revised,Available,,2020-04-02,2026-09-22,,,,,,844-646-4398
785,0941-0411-07,Vantive US Healthcare LLC,To Be Discontinued,New,,,2026-08-03,2026-08-03,,2026-08-03,A business decision was made to discontinue manufacture of the drug.,,,800-284-4060
786,63323-488-17,"Fresenius Kabi USA, LLC",Current,Reverified,Unavailable,Demand increase for the drug,2016-10-14,2026-09-15,,,Next release September 2026. Check wholesalers for inventory.,,,888-386-1300
787,0143-9933-25,"Hikma Pharmaceuticals USA, Inc.",Current,Reverified,Unavailable,Demand increase for the drug,2015-02-17,2026-09-18,,,Estimated recovery: TBD,,,800-631-2174
788,43547-412-09,"Solco Healthcare US, LLC",Current,Reverified,Unavailable,Shortage of an active ingredient,2023-01-19,2026-06-29,,,Not available. Long-term backorder for all NDCs. No estimated release date at this time.,,,866-931-9829
789,43547-605-10,"Solco Healthcare US, LLC",Current,Reverified,Limited Availability,Shortage of an active ingredient,2023-07-14,2026-06-29,,,On allocation,,,866-931-9829
790,59212-111-14,Advanz Pharma (US) Corp.,To Be Discontinued,New,,,2025-12-01,2025-12-01,,2025-12-01,Product to expire in March 2026; Discontinuation of the manufacture of the drug,,,847-283-7921
791,0009-0331-02,Pfizer Inc.,To Be Discontinued,New,,,2026-02-25,2026-02-25,,2026-02-25,Discontinuation of the manufacture of the drug,,,844-646-4398
792,0641-6025-10,"Hikma Pharmaceuticals USA, Inc.",Current,Reverified,Unavailable,Other,2023-12-20,2026-09-18,,,Inventory available in vial presentations.,,,800-631-2174
793,53746-468-19,Amneal Pharmaceuticals,To Be Discontinued,New,,,2026-02-27,2026-02-27,,2026-02-27,Discontinuation of the manufacture of the drug,,,866-525-7270
794,62135-668-90,Chartwell Molecular Holdings LLC,Current,Reverified,Available,,2023-01-19,2026-09-15,,,,,,845-268-5000 x 510 or Chartwell Customer service at cs@chartwellpharma.com
795,0641-6003-25,"Hikma Pharmaceuticals USA, Inc.",Current,Reverified,Unavailable,Other,2018-09-05,2026-09-18,,,Estimated recovery: TBD,,,800-631-2174
796,0990-7171-17,Otsuka ICU Medical LLC,Current,Reverified,Available,,2020-12-08,2026-09-16,,,"This product is distributed by ICU Medical. For questions regarding this product, please contact ICU Medical.",,,1-866-829-9025 or ProductAvailability@icumed.com
797,0338-3612-50,Baxter Healthcare,Current,Reverified,Unavailable,Other,2023-03-21,2026-09-17,,,Estimated recovery: October 2026,,,888-229-0001
798,0603-3718-34,"Endo Pharmaceuticals, Inc.",To Be Discontinued,New,,,2025-11-12,2025-11-12,,2025-11-12,A business decision was made to discontinue manufacture of the drug.,,,800-828-9393
799,59651-723-99,Aurobindo Pharma USA,Current,Reverified,Available,,2023-03-10,2026-06-02,,,,,,866-850-2876
800,42806-801-30,"Epic Pharma, LLC",Current,Reverified,Available,,2021-12-22,2026-09-15,,,,,,(718) 276-8600 ext. 3
801,61703-408-41,"Hospira, Inc., a Pfizer Company",Current,Reverified,Available,,2023-03-13,2026-09-22,,,,,,844-646-4398
802,82154-0451-4,pharmaand GmbH (pharma&),Resolved,Revised,,,2025-01-24,2026-08-27,2026-08-27,,,,(NDC 82154-0451-4) – Available,"800-506-8501, email: medinfo.us@pharmaand.com"
803,57884-3151-1,"Jiangsu Hengrui Pharmaceuticals Co. (US Agent eVenus Pharmaceutical Laboratories, Inc.)",To Be Discontinued,New,,,2026-06-30,2026-06-30,,2026-06-30,Discontinuation of the manufacture of the drug,,,609-395-8625 ext. 203
804,75987-050-06,Amgen Inc.,To Be Discontinued,New,,,2026-09-01,2026-09-01,,2026-09-01,Discontinuation in the manufacturing of the drug product,,,800-772-6436
805,0990-7172-17,Otsuka ICU Medical LLC,Current,Reverified,Available,,2020-12-08,2026-09-16,,,"This product is distributed by ICU Medical. For questions regarding this product, please contact ICU Medical.",,,1-866-829-9025 or ProductAvailability@icumed.com
806,43066-015-10,"Caplin Steriles, Ltd.",Current,Reverified,Limited Availability,Other,2020-12-22,2026-06-10,,,Check wholesalers for inventory; Marketed by Baxter,,,888-229-0001
807,62175-313-37,"Lannett Company, Inc.",Current,Reverified,Available,,2023-07-26,2026-09-15,,,,,,844-834-0530
808,59651-723-01,Aurobindo Pharma USA,Current,Reverified,Available,,2023-03-10,2026-06-02,,,,,,866-850-2876
809,67457-422-54,"Mylan Institutional, a Viatris Company",Current,Reverified,Available,,2019-02-08,2026-09-17,,,,,,800-796-9526
810,72516-011-01,Oryza Pharmaceuticals Inc.,Current,Reverified,Unavailable,Shortage of an active ingredient,2022-10-12,2026-09-16,,,Estimated recovery: April 2027,,,855-257-0292
811,43547-406-50,"Prinston Pharmaceutical, Inc.",Current,Reverified,Available,,2023-03-10,2026-09-02,,,Marketed by Solco Healthcare,,,"For orders, Solco Healthcare 866-931-9829"
812,55150-201-20,Eugia US LLC,Current,Reverified,Available,,2018-03-23,2026-09-17,,,Check wholesalers for inventory,,,888-238-7880
813,70121-1574-1,Amneal Pharmaceuticals,Current,Revised,Available,,2021-12-15,2026-06-17,,,,,,866-525-7270
814,39822-5550-6,"XGen Pharmaceuticals DJB, Inc.",Current,Reverified,Unavailable,Demand increase for the drug,2023-11-21,2026-09-22,,,Estimated recovery: TBD,,,866-390-4411
815,43598-976-58,Gland Pharma Limited,Current,Reverified,Available,,2020-04-10,2026-07-22,,,Distributed by DRL,,,Distributed by DRL
816,50742-401-02,Ingenus Pharmaceuticals LLC,To Be Discontinued,New,,,2026-02-24,2026-02-24,,2026-02-24,A business decision was made to discontinue manufacture of the drug.,,,866-321-5031
817,70370-5025-1,"Neurocrine Biosciences, Inc.",To Be Discontinued,New,,,2026-04-28,2026-04-28,,2026-04-28,"Neurocrine is discontinuing only the 25 mg soft gel capsule dose strength (NDC 70370-5025-01). The 50mg and 100mg soft gel capsule dose strength (NDC 70370-5050-1 and 70370-5100-1), and 50 mg/mL oral solution will continue to be marketed (NDC 70370-5250-1).",,,858-617-7600
818,70069-067-10,"Somerset Therapeutics, LLC",Current,Reverified,Available,,2018-03-23,2026-09-11,,,,,,732-554-1037
819,0009-3475-03,Pfizer Inc.,Current,Revised,Limited Availability,Other,2021-12-15,2026-09-21,,,Limited Supply Available. Next Delivery: September 2026; Estimated Recovery: March 2027; Shortage per Manufacturer: Manufacturing Delay,,,844-646-4398
820,43547-406-11,"Prinston Pharmaceutical, Inc.",Current,Reverified,Available,,2023-03-10,2026-09-02,,,Marketed by Solco Healthcare,,,"For orders, Solco Healthcare 866-931-9829"
821,63323-824-75,"Fresenius Kabi USA, LLC",Current,Reverified,Available,,2022-03-01,2026-09-15,,,Check wholesalers for inventory,,,888-386-1300
822,25021-701-01,Gland Pharma Limited,Current,Reverified,Available,Demand increase for the drug,2018-03-23,2026-07-22,,,,,,833-291-9645
823,68001-573-41,Ingenus Pharmaceuticals LLC,To Be Discontinued,New,,,2026-02-20,2026-02-20,,2026-02-20,Labeler: BluePoint Laboratories; Discontinuation of the manufacture of the drug,,,866-321-5031
824,69238-2391-1,Amneal Pharmaceuticals,To Be Discontinued,New,,,2025-12-29,2025-12-29,,2025-12-29,Discontinuation of the manufacture of the drug,,,800-525-7270
825,63323-412-02,"Fresenius Kabi USA, LLC",Current,Reverified,Available,,2020-04-02,2026-09-15,,,Check wholesalers for inventory,,,888-386-1300
826,16729-512-43,Accord Healthcare Inc.,Current,Reverified,Unavailable,Requirements related to complying with good manufacturing practices,2012-01-01,2026-09-01,,,Estimated recovery: TBD,,,"866-941-7875, option 2"
827,0228-2550-96,"Teva Pharmaceuticals USA, Inc.",To Be Discontinued,New,,,2026-08-13,2026-08-13,,2026-08-13,A business decision was made to discontinue manufacture of the drug.,,,800-545-8800
828,0955-1737-30,Sanofi-Aventis U.S. LLC,To Be Discontinued,New,,,2026-06-08,2026-06-08,,2026-06-08,Discontinuation of the manufacture of the drug,,,800-981-2491
829,0409-1596-10,Pfizer Inc.,Current,Reverified,Available,,2020-04-10,2026-08-24,,,,,,844-646-4398
830,63323-178-76,"Fresenius Kabi USA, LLC",Current,Reverified,Available,,2021-11-23,2026-09-15,,,Check wholesalers for inventory,,,888-386-1300
831,0003-3641-11,Bristol Myers Squibb Co.,To Be Discontinued,New,,,2025-11-03,2025-11-03,,2025-11-03,The global Cease Manufacture date for EVOTAZ® currently is estimated to begin April 2026.,,,800-332-2056
832,66220-160-10,Cumberland Pharmaceuticals Inc.,Current,Reverified,Unavailable,Delay in shipping of the drug,2022-03-14,2026-09-16,,,Estimated recovery: TBD,,,800-706-5575
833,0409-2344-01,"Hospira, Inc., a Pfizer Company",Current,Reverified,Available,,2017-11-06,2026-09-22,,,,,,844-646-4398
834,0555-0775-02,"Teva Pharmaceuticals USA, Inc.",Current,Reverified,Available,,2022-10-12,2026-09-15,,,,,,800-545-8800
835,0781-3494-95,"Jiangsu Hengrui Pharmaceuticals Co., Ltd.",Current,Reverified,Available,,2020-04-10,2026-09-15,,,Marketed by Sandoz Inc.; Customer service: 800-525-8747,,,See Related Information section below for customer service information
836,0574-4022-35,Padagis US LLC,Current,Revised,Unavailable,Discontinuation of the manufacture of the drug,2025-03-03,2026-06-01,,,Shortage is estimated for 24 months,,,866-634-9120
837,13668-354-30,Torrent Pharmaceuticals Limited,To Be Discontinued,New,,,2026-03-25,2026-03-25,,2026-03-25,Discontinuation of the manufacture of the drug,,,908-280-3333
838,62135-487-90,Chartwell Molecular Holdings LLC,Current,Reverified,Available,,2023-01-19,2026-09-15,,,,,,845-268-5000 x 510 or Chartwell Customer service at cs@chartwellpharma.com
839,0574-0520-74,Padagis US LLC,To Be Discontinued,New,,,2026-05-15,2026-05-15,,2026-05-15,Discontinuation of the manufacture of the drug,,,866-634-9120
840,0264-9598-20,B. Braun Medical Inc.,Current,Reverified,Available,,2017-10-25,2026-09-22,,,,,,800-227-2862
841,42806-339-01,"Epic Pharma, LLC",Current,Revised,Limited Availability,Shortage of an active ingredient,2022-10-12,2026-09-15,,,Estimated recovery: TBD,,,(718) 276-8600 ext. 3
842,72205-101-07,MSN Laboratories Private Limited,Current,Reverified,Available,,2017-12-13,2026-09-16,,,,,,855-668-2369; customerservice@novadozpharma.com
843,62037-720-01,"Teva Pharmaceuticals USA, Inc.",To Be Discontinued,New,,,2025-11-21,2025-11-21,,2025-11-21,Discontinuation of the manufacture of the drug,,,800-545-8800
844,50742-430-01,Ingenus Pharmaceuticals LLC,To Be Discontinued,New,,,2026-02-20,2026-02-20,,2026-02-20,Discontinuation of the manufacture of the drug,,,866-321-5031
845,11534-196-01,"Sunrise Pharmaceutical, Inc.",Current,Reverified,Available,,2022-10-12,2026-09-16,,,,,,732-382-6085 Monday to Friday 9 am to 3:45 pm
846,0409-4276-01,"Hospira, Inc., a Pfizer Company",Current,Reverified,Available,,2012-02-22,2026-09-22,,,,,,844-646-4398
847,0338-0074-30,Baxter Healthcare,Current,Reverified,Available,,2026-07-20,2026-09-17,,,,,,888-229-0001
848,60951-700-70,"Endo Pharmaceuticals, Inc.",To Be Discontinued,New,,,2025-11-03,2025-11-03,,2025-11-03,Discontinuation of the manufacture of the drug,,,800-828-9393
849,0143-9391-10,"Hikma Pharmaceuticals USA, Inc.",Current,Reverified,Unavailable,Demand increase for the drug,2022-06-28,2026-09-18,,,Estimated recovery: TBD,,,800-631-2174
850,0143-9250-10,"Hikma Pharmaceuticals USA, Inc.",Current,Reverified,Available,,2023-02-15,2026-09-18,,,Additional lots will be available.  Product will be made available as it is released.,,,800-631-2174
851,0409-6695-02,"Hospira, Inc., a Pfizer Company",Current,Reverified,Unavailable,Other,2022-10-05,2026-08-24,,,Next Delivery: November 2026; Estimated Recovery: December 2026. Shortage per Manufacturer: Manufacturing Delay,,,844-646-4398
852,47781-568-01,Alvogen,Current,Reverified,Available,,2023-07-14,2026-09-17,,,,,,844-842-8672 and email: CustomerService-US@alvogen.com
853,72485-509-10,"Caplin Steriles, Ltd.",Current,Revised,Available,,2022-10-05,2026-06-16,,,"Check wholesalers for inventory; Marketed by Armas Pharmaceuticals, Inc. 908-803-2586",,,908-803-2586
854,0409-1163-01,"Hospira, Inc., a Pfizer Company",Current,Reverified,Available,,2018-02-20,2026-09-22,,,,,,844-646-4398
855,61314-454-68,Sandoz Inc.,To Be Discontinued,New,,,2026-01-13,2026-01-13,,2026-01-13,Equivalent Sandoz format is available.,,,800-525-8747
856,0338-9557-12,Baxter Healthcare,Current,Reverified,Available,,2020-04-10,2026-09-17,,,,,,888-229-0001
857,0093-7766-24,"Teva Pharmaceuticals USA, Inc.",To Be Discontinued,New,,,2026-03-02,2026-03-02,,2026-03-02,Discontinuation of the manufacture of the drug,,,800-545-8800
858,0054-0373-25,"Hikma Pharmaceuticals USA, Inc.",Current,Reverified,Limited Availability,Shortage of an active ingredient,2023-07-14,2026-09-18,,,Available on allocation,,,800-631-2174
859,65219-447-20,"Caplin Steriles, Ltd.",Current,Revised,Available,,2022-10-05,2026-06-16,,,Check wholesalers for inventory; Marketed by Fresenius Kabi,,,800-551-7176
860,0409-9042-01,"Hospira, Inc., a Pfizer Company",Current,Revised,Unavailable,Other,2018-02-20,2026-09-22,,,Next Delivery and Estimated Recovery: December 2028; Shortage per Manufacturer: Manufacturing Delay,,,844-646-4398
861,16729-484-45,Accord Healthcare Inc.,Current,Reverified,Available,,2020-01-01,2026-09-15,,,,,,"866-941-7875, option 2"
862,0409-7037-10,"Hospira, Inc., a Pfizer Company",Current,Reverified,Available,,2023-02-15,2026-09-22,,,,,,844-646-4398
863,23155-473-44,"Avet Pharmaceuticals, Inc.",Current,Revised,Unavailable,Other,2020-04-07,2026-09-01,,,Estimated recovery: End October 2026; Manufacturing delay,,,855-228-9470
864,65162-027-09,Amneal Pharmaceuticals,Current,Reverified,Available,,2023-07-14,2026-06-17,,,,,,866-525-7270
865,62135-736-90,Chartwell Molecular Holdings LLC,Current,Reverified,Available,,2022-08-03,2026-09-15,,,,,,845-268-5000 Ext. 510
866,63323-468-17,"Fresenius Kabi USA, LLC",Current,Reverified,Available,,2018-02-20,2026-09-15,,,Check wholesalers for inventory,,,888-386-1300
867,0378-9070-93,"Mylan Pharmaceuticals Inc., a Viatris Company",To Be Discontinued,New,,,2026-09-18,2026-09-18,,2026-09-18,Discontinuation of the manufacture of the drug.,,,800-796-9526
868,0409-1660-50,Pfizer Inc.,Current,Reverified,Available,,2020-04-10,2026-09-21,,,,,,844-646-4398
869,65219-082-10,"Jiangsu Hengrui Pharmaceuticals Co., Ltd.",To Be Discontinued,New,,,2026-06-30,2026-06-30,,2026-06-30,"Marketed by Fresenius Kabi, USA; Discontinuation of the manufacture of the drug",,,888-386-1800
870,57664-085-88,"Sun Pharmaceutical Industries, Inc.",Current,Revised,Available,,2023-07-14,2026-09-18,,,,,,800-818-4555
871,25021-311-10,Gland Pharma Limited,Current,Reverified,Unavailable,Discontinuation of the manufacture of the drug,2020-04-07,2026-07-22,,,"Distributed by Sagent Pharmaceuticals: 1-866-625-1618, Discontinued product",https://www.accessdata.fda.gov/scripts/drugshortages/dsp_ActiveIngredientDetails.cfm?AI=Furosemide%20Injection&st=d,,866-625-1918
872,0409-1208-01,"Hospira, Inc., a Pfizer Company",To Be Discontinued,New,,,2026-05-06,2026-05-06,,2026-05-06,Supply expected to exhaust late June 2026; Discontinuation of the manufacture of the drug,,,844-646-4398
873,65219-444-10,"Fresenius Kabi USA, LLC",Current,Reverified,Available,,2023-02-15,2026-09-15,,,Check wholesalers for inventory,,,888-386-1300
874,16729-306-10,Accord Healthcare Inc.,Current,Reverified,Available,,2020-12-21,2026-09-15,,,,,,"866-941-7875, option 2"
875,0409-1283-31,"Hospira, Inc., a Pfizer Company",Current,Reverified,Available,,2017-10-31,2026-09-22,,,,,,844-646-4398
876,13107-074-01,Aurobindo Pharma USA,Current,Reverified,Unavailable,Shortage of an active ingredient,2022-10-12,2026-07-21,,,Estimated availability: October 2026,,,(866) 850-2876 OR CustomerService@AurobindoUSA.com
877,0409-6102-04,"Hospira, Inc., a Pfizer Company",Current,Reverified,Available,,2020-04-07,2026-09-22,,,,,,844-646-4398
878,16729-138-16,Accord Healthcare Inc.,Current,Reverified,Available,,2023-03-10,2026-09-15,,,,,,"866-941-7875, option 2"
879,63323-285-61,"Fresenius Kabi USA, LLC",Current,Reverified,Unavailable,Other,2018-03-23,2026-09-15,,,Estimated recovery: TBD,,,888-386-1300
880,0781-3493-95,"Jiangsu Hengrui Pharmaceuticals Co., Ltd.",Current,Reverified,Available,,2020-04-10,2026-09-15,,,Marketed by Sandoz Inc.; Customer service: 800-525-8747,,,See Related Information section below for customer service information
881,21586-211-02,"SteriMax, Inc.",Current,New,Available,,2026-06-12,2026-09-08,,,"To place an order, please contact GlobalRX at info@globalrx.com or (919) 245-8418",https://www.fda.gov/media/194567/download,,877-373-4657
882,0074-4014-12,AbbVie Inc.,To Be Discontinued,New,,,2026-07-24,2026-07-24,,2026-07-24,Discontinuation of the manufacture of the drug,,,800-633-9110
883,0409-3365-10,"Hospira, Inc., a Pfizer Company",Current,Reverified,Available,,2017-10-31,2026-09-22,,,,,,844-646-4398
884,0069-1198-30,Pfizer Inc.,To Be Discontinued,New,,,2026-06-08,2026-06-08,,2026-06-08,Discontinuation of the manufacture of the drug,,,800-533-4535
885,65219-632-10,"Fresenius Kabi USA, LLC",Current,Reverified,Available,,2018-03-23,2026-09-15,,,,,,888-386-1300
886,42806-345-01,"Epic Pharma, LLC",Current,Reverified,Limited Availability,Shortage of an active ingredient,2022-10-12,2026-09-15,,,Estimated recovery: TBD,,,(718) 276-8600 ext. 3
887,49884-604-11,"Par Health, Inc.",To Be Discontinued,New,,,2026-04-29,2026-04-29,,2026-04-29,Discontinuation of the manufacture of the drug,,,800-828-9393
888,0703-3671-01,"Teva Pharmaceuticals USA, Inc.",Current,Revised,Limited Availability,Other,2023-03-13,2026-09-15,,,Estimated recovery: October 2026,,,800-545-8800
889,63323-574-93,"Fresenius Kabi USA, LLC",To Be Discontinued,New,,,2026-05-07,2026-05-07,,2026-05-07,Discontinuation of the manufacturer of the drug,,,847-550-2300
890,0406-8893-01,SpecGx LLC,Current,Reverified,Available,,2022-10-12,2026-08-20,,,,,,800-325-8888
891,70069-048-20,"Somerset Therapeutics, LLC",Current,Reverified,Available,,2016-02-03,2026-09-11,,,,,,732-554-1037
892,0409-3299-25,"Hospira, Inc., a Pfizer Company",Current,Reverified,Available,,2016-02-03,2026-09-22,,,,,,844-646-4398
893,83634-651-20,Anthea Pharma,Current,Reverified,Available,,2012-02-22,2026-09-15,,,"Distributed by Avenacy, LLC",,,"Avenacy, LLC: 877-283-6229"
894,25021-820-05,Sagent Pharmaceuticals,Current,Revised,Unavailable,Shortage of an active ingredient,2021-12-15,2026-09-18,,,Estimated recovery: November 2026,,,866-625-1618
895,0409-3795-01,"Hospira, Inc., a Pfizer Company",Current,Revised,Unavailable,Other,2018-03-26,2026-09-22,,,Next Delivery and Estimated Recovery: June 2027; Shortage per Manufacturer: Manufacturing Delay,,,844-646-4398
896,44567-602-24,HQ Specialty Pharma,Current,Reverified,Available,,2020-04-10,2026-08-17,,,Marketed by WG Critical Care,,,WG Critical Care 888-493-0861
897,51754-5011-4,"Exela Pharma Sciences, LLC",Current,Reverified,Available,,2017-07-24,2026-09-15,,,,,,828-758-5474 ext. 154
898,0338-0078-20,Baxter Healthcare,Current,Reverified,Available,,2022-02-14,2026-09-17,,,,,,888-229-0001
899,55150-251-10,Eugia US LLC,Current,Revised,Unavailable,Demand increase for the drug,2018-06-13,2026-09-17,,,On backorder. Recovery: TBD. Check wholesalers for inventory,,,888-238-7880
900,0172-5241-60,"Teva Pharmaceuticals USA, Inc.",To Be Discontinued,New,,,2025-11-19,2025-11-19,,2025-11-19,A business decision was made to discontinue manufacture of the drug.,,,800-545-8800
901,63323-486-17,"Fresenius Kabi USA, LLC",Current,Reverified,Available,,2012-02-22,2026-09-15,,,Check wholesalers for inventory,,,888-386-1300
902,70121-1388-8,Amneal Pharmaceuticals,Current,Revised,Available,,2020-04-10,2026-06-17,,,Inventory available 4 to 5 month as per current demand. Next supply: week of 06/29/2026,,,866-525-7270
903,0069-8730-30,Pfizer Inc.,To Be Discontinued,New,,,2025-09-29,2025-09-29,,2025-09-29,Discontinuation of the manufacture of the drug upon exhausted supply/stop sale in December 2025.,,,800-879-3477
904,0409-4900-14,"Hospira, Inc., a Pfizer Company",To Be Discontinued,New,,,2025-11-07,2025-11-07,,2025-11-07,Discontinuation of the manufacture of the drug,,,844-646-4398
905,39822-0350-2,"XGen Pharmaceuticals DJB, Inc.",To Be Discontinued,New,,,2026-03-26,2026-03-26,,2026-03-26,A business decision was made to discontinue manufacture of the drug.,,,866-390-4411
906,0409-3815-12,"Hospira, Inc., a Pfizer Company",Current,Reverified,Available,,2017-10-31,2026-09-22,,,,,,844-646-4398
907,0143-9144-03,"Hikma Pharmaceuticals USA, Inc.",Current,Reverified,Available,,2023-07-18,2026-09-18,,,,,,800-631-2174
908,0264-7520-00,B. Braun Medical Inc.,Current,Reverified,Available,,2022-03-01,2026-09-22,,,,,,800-227-2862
909,63323-464-17,"Fresenius Kabi USA, LLC",Current,Reverified,Available,,2018-02-20,2026-09-15,,,Check wholesalers for inventory,,,888-386-1300
910,72485-508-10,"Caplin Steriles, Ltd.",Current,Revised,Available,,2022-10-05,2026-06-16,,,"Check wholesalers for inventory; Marketed by Armas Pharmaceuticals, Inc. 908-803-2586",,,908-803-2586
911,42858-162-01,Rhodes Pharmaceuticals L.P.,Current,Revised,Limited Availability,Shortage of an active ingredient,2023-07-14,2026-06-24,,,Estimated recovery: TBD,,,888-827-0616
912,0703-4094-01,"Teva Pharmaceuticals USA, Inc.",To Be Discontinued,New,,,2025-11-14,2025-11-14,,2025-11-14,Discontinuation of the manufacture of the drug,,,800-545-8800
913,57664-046-88,"Sun Pharmaceutical Industries, Inc.",Current,Revised,Limited Availability,Other,2023-07-14,2026-09-18,,,Estimated Recovery: TBD,,,800-818-4555
914,0264-1510-32,B. Braun Medical Inc.,Current,Reverified,Available,,2022-02-14,2026-09-22,,,,,,800-227-2862
915,55150-249-50,Eugia US LLC,Current,Reverified,Available,,2018-02-20,2026-09-17,,,Check wholesalers for inventory,,,888-238-7880
916,0378-9651-32,"Mylan Pharmaceuticals Inc., a Viatris Company",To Be Discontinued,New,,,2026-07-07,2026-07-07,,2026-07-07,Discontinuation of the manufacture of the drug,,,877-446-3679
917,60951-602-70,"Endo Pharmaceuticals, Inc.",To Be Discontinued,New,,,2025-11-03,2025-11-03,,2025-11-03,Discontinuation of the manufacture of the drug,,,800-828-9393
918,0338-3410-50,Baxter Healthcare,Current,Reverified,Available,,2023-03-21,2026-09-17,,,,,,888-229-0001
919,0703-4239-01,"Teva Pharmaceuticals USA, Inc.",Current,Revised,Limited Availability,Other,2023-04-28,2026-09-15,,,Estimated recovery: December 2028,,,800-545-8800
920,16729-483-03,Accord Healthcare Inc.,Current,Reverified,Unavailable,Discontinuation of the manufacture of the drug,2020-01-01,2026-09-15,,,Discontinuation of the manufacture of the drug,,,"866-941-7875, option 2"
921,0378-1375-78,"Mylan Pharmaceuticals Inc., a Viatris Company",To Be Discontinued,New,,,2026-08-25,2026-08-25,,2026-08-25,Discontinuation of the manufacture of the drug,,,800-796-9526
922,0409-3182-02,"Hospira, Inc., a Pfizer Company",Current,Revised,Limited Availability,Other,2012-02-22,2026-09-22,,,Limited Supply Available. Next Delivery: May 2027; Estimated Recovery: June 2027; Shortage per Manufacturer: Manufacturing Delay,,,844-646-4398
923,0406-8894-01,SpecGx LLC,Current,Revised,Limited Availability,Demand increase for the drug,2022-10-12,2026-08-20,,,Estimated recovery: TBD,,,800-325-8888
924,47335-993-01,Gland Pharma Limited,Current,Reverified,Unavailable,Discontinuation of the manufacture of the drug,2022-01-13,2026-07-22,,,Discontinuation of the manufacture of the drug,,,Distributed by Sun Pharma
925,0781-3288-09,Sandoz Inc.,Current,Reverified,Available,,2023-03-21,2026-09-18,,,,,,800-525-8747
926,0143-9393-10,"Hikma Pharmaceuticals USA, Inc.",Current,Reverified,Available,,2022-06-28,2026-09-18,,,Additional lots will be available.  Product will be made available as it is released.,,,800-631-2174
927,16729-277-35,Accord Healthcare Inc.,Current,Reverified,Unavailable,Other,2023-03-13,2026-09-15,,,Short dated inventory with expiry of 8/31/2027 available; Estimated recovery: TBD,,,"866-941-7875, option 2"
928,0409-9094-25,"Hospira, Inc., a Pfizer Company",Current,Revised,Limited Availability,Demand increase for the drug,2012-01-01,2026-09-22,,,Limited Supply Available. Next Delivery: October 2026; Estimated Recovery: December 2026,,,844-646-4398
929,70121-1389-7,Amneal Pharmaceuticals,Current,Reverified,Available,,2020-04-10,2026-06-17,,,,,,866-525-7270
930,61269-620-10,Cheplapharm Arzneimittel GmbH,Current,Reverified,Available,,2023-03-10,2026-09-16,,,Marketed by H2-Pharma,,,orders@h2-pharma.com
931,67457-420-10,"Mylan Institutional, a Viatris Company",Current,Reverified,Available,,2019-02-08,2026-09-17,,,,,,800-796-9526
932,65219-442-05,"Fresenius Kabi USA, LLC",Current,Reverified,Available,,2023-02-15,2026-09-15,,,Check wholesalers for inventory,,,888-386-1300
933,0009-0280-52,Pfizer Inc.,Current,Reverified,Available,,2021-12-15,2026-09-21,,,,,,844-646-4398
934,63323-806-02,"Fresenius Kabi USA, LLC",Current,Revised,Unavailable,Other,2012-01-01,2026-09-15,,,Next release September 2026. Check wholesalers for inventory.,,,888-386-1300
935,0264-7520-10,B. Braun Medical Inc.,Current,Reverified,Available,,2022-03-01,2026-09-22,,,,,,800-227-2862
936,0338-9555-24,Baxter Healthcare,Current,Revised,Unavailable,Other,2020-04-10,2026-08-17,,,Estimated recovery: September 2026,,,888-229-0001
937,71288-505-03,"Meitheal Pharmaceuticals, Inc.",Current,Reverified,Available,,2021-04-10,2026-08-27,,,,,,844-824-8426
938,25021-671-66,InfoRLife SA,Current,Reverified,Limited Availability,Other,2018-03-27,2026-08-18,,,Estimated recovery: TBD; Marketed by Sagent Pharmaceuticals,,,Sagent: 866-625-1618
939,0781-9412-92,Sandoz Inc.,To Be Discontinued,New,,,2025-12-08,2025-12-08,,2025-12-08,Discontinuation of private label only,,,800-525-8747
940,0409-6102-27,"Hospira, Inc., a Pfizer Company",Current,Revised,Unavailable,Other,2020-04-07,2026-09-22,,,Next Delivery and Estimated Recovery: December 2028; Shortage per Manufacturer: Manufacturing Delay,,,844-646-4398
941,46163-212-95,Fresenius Medical Care North America,To Be Discontinued,New,,,2026-09-10,2026-09-10,,2026-09-10,A business decision was made to discontinue manufacture of the drug.,,,800-323-5188
942,0603-5168-21,"Endo Pharmaceuticals, Inc.",To Be Discontinued,New,,,2025-10-31,2025-10-31,,2025-10-31,Discontinuation of the manufacture of the drug,,,800-828-9393
943,65162-025-09,Amneal Pharmaceuticals,Current,Reverified,Available,,2023-07-14,2026-06-17,,,,,,866-525-7270
944,0338-0719-06,Baxter Healthcare,Current,Revised,Limited Availability,Other,2024-10-11,2026-09-17,,,Estimated recovery: September 2026,,,888-229-0001
945,73293-0002-2,"Huons Co., Ltd",Current,Reverified,Unavailable,Demand increase for the drug,2018-02-20,2026-07-30,,,Estimated recovery: TBD,,,+82-2-854-4700 or via email intbiz@huons.com
946,62135-737-30,Chartwell Molecular Holdings LLC,Current,Reverified,Available,,2022-08-03,2026-09-15,,,,,,845-268-5000 Ext. 510
947,0406-5117-01,SpecGx LLC,Current,Reverified,Available,,2023-07-14,2026-08-20,,,,,,800-325-8888
948,0023-6118-03,AbbVie Inc.,To Be Discontinued,New,,,2026-01-28,2026-01-28,,2026-01-28,Discontinuation of the manufacture of the drug,,,800-633-9110
949,59417-104-10,Takeda Pharmaceuticals USA Inc.,Current,Reverified,Available,,2023-07-14,2026-09-15,,,,,,877-TAKEDA-7 (1-877-825-3327)
950,11534-191-01,"Sunrise Pharmaceutical, Inc.",Current,Reverified,Available,,2022-10-12,2026-09-16,,,,,,732-382-6085 Monday to Friday 9 am to 3:45 pm
951,72266-263-10,ONESOURCE SPECIALTY PTE LTD,Current,Revised,Available,,2018-02-20,2026-09-18,,,Distributed by Fosun Pharma USA Inc.,,,888-217-8103
952,70069-752-10,"Somerset Therapeutics, LLC",Current,Reverified,Available,,2018-02-20,2026-09-11,,,,,,732-554-1037
953,13107-069-01,Aurobindo Pharma USA,Current,Reverified,Unavailable,Shortage of an active ingredient,2022-10-12,2026-07-21,,,Estimated availability: October 2026,,,(866) 850-2876 or CustomerService@AurobindoUSA.com
954,68180-556-09,"Lupin Pharmaceuticals, Inc.",Current,Reverified,Unavailable,Requirements related to complying with good manufacturing practices,2023-01-19,2026-09-01,,,Estimated recovery: TBD,,,866-587-4617
955,0069-0227-03,Pfizer Inc.,To Be Discontinued,New,,,2026-06-15,2026-06-15,,2026-06-15,Supply expected to exhaust 6/30/2026; NDC 0069-0227-01 25 mg; 30 tablets bottle with a child-resistant closure will continue to be manufactured; Discontinuation of the manufacture of this presentation,,,800-533-4535
956,0143-9311-10,"Hikma Pharmaceuticals USA, Inc.",Current,Reverified,Available,,2022-10-05,2026-09-18,,,Novaplus label,,,800-631-2174
957,0941-0415-06,Vantive US Healthcare LLC,To Be Discontinued,New,,,2026-08-03,2026-08-03,,2026-08-03,A business decision was made to discontinue manufacture of the drug.,,,800-284-4060
958,25021-311-04,Gland Pharma Limited,Current,Reverified,Unavailable,Discontinuation of the manufacture of the drug,2020-04-07,2026-07-22,,,"Distributed by Sagent Pharmaceuticals: 1-866-625-1618, Discontinued product",https://www.accessdata.fda.gov/scripts/drugshortages/dsp_ActiveIngredientDetails.cfm?AI=Furosemide%20Injection&st=d,,866-625-1618
959,59417-119-01,Takeda Pharmaceuticals USA Inc.,Current,Reverified,Available,,2023-07-14,2026-09-15,,,,,,877-TAKEDA-7 (1-877-825-3327)
960,64764-805-10,Takeda Pharmaceuticals USA Inc.,To Be Discontinued,New,,,2026-03-19,2026-03-19,,2026-03-19,Product is expected to be available through February 2027.,,,877-825-3327
961,0143-9830-01,"Hikma Pharmaceuticals USA, Inc.",Current,Reverified,Unavailable,Demand increase for the drug,2023-03-13,2026-09-18,,,Additional lots will be available in the September 2026 timeframe.  Product will be made available as it is released.,,,800-631-2174
962,0781-3476-95,"Jiangsu Hengrui Pharmaceuticals Co. (US Agent eVenus Pharmaceutical Laboratories, Inc.)",To Be Discontinued,New,,,2025-09-29,2025-09-29,,2025-09-29,Discontinuation of the manufacture of the drug; Distributed by Sandoz Inc.,,,"609-395-8625 ext. 203 (US Agent eVenus Pharmaceutical Laboratories, Inc.)"
963,61703-339-18,"Hospira, Inc., a Pfizer Company",Current,Revised,Limited Availability,Demand increase for the drug,2023-04-28,2026-09-22,,,Limited Supply Available. Next Delivery: February 2027; Estimated Recovery: March 2027,,,844-646-4398
964,71288-728-32,Kindos Pharmaceuticals Co. Ltd.,To Be Discontinued,New,,,2026-05-05,2026-05-05,,2026-05-05,Discontinuation of the manufacture of the drug,,,844-824-8426
965,57664-606-88,"Sun Pharmaceutical Industries, Inc.",Current,Revised,Unavailable,Discontinuation of the manufacture of the drug,2023-07-26,2026-09-18,,,Currently not marketed,,,800-818-4555
966,42806-799-30,"Epic Pharma, LLC",Current,Reverified,Unavailable,Discontinuation of the manufacture of the drug,2021-12-22,2026-09-15,,,Discontinuation of the manufacture of the drug,,,(718) 276-8600 ext. 3
967,0574-2410-65,"Noven Pharmaceuticals, Inc.",Current,Reverified,Available,,2025-02-28,2026-09-02,,,Distributed by Padagis US LLC,,,800-455-8070
968,36000-282-25,Baxter Healthcare,Current,Reverified,Available,,2020-04-07,2026-09-17,,,,,,888-229-0001
969,0781-3289-09,Sandoz Inc.,Current,Reverified,Available,,2023-03-21,2026-09-18,,,,,,800-525-8747
970,0409-6102-02,"Hospira, Inc., a Pfizer Company",Current,Reverified,Available,,2020-04-07,2026-09-22,,,,,,844-646-4398
971,68025-084-30,"Vertical Pharmaceuticals, LLC",Current,Reverified,Available,,2023-07-26,2026-09-16,,,,,,800-541-4802
972,70726-0303-1,"EDW Pharma, Inc. (formerly Italfarmaco Pharma, Inc.)",Current,Reverified,Unavailable,Requirements related to complying with good manufacturing practices,2024-01-26,2026-09-15,,,Estimated recovery: TBD,,,610-937-6172
973,0009-0306-02,Pfizer Inc.,Current,Reverified,Available,,2021-12-15,2026-09-21,,,,,,844-646-4398
974,0071-5212-23,Pfizer Inc.,To Be Discontinued,New,,,2025-10-01,2025-10-01,,2025-10-01,Discontinuation of the manufacture of the drug,,,800-533-4535
975,70069-021-25,"Somerset Therapeutics, LLC",Current,Reverified,Available,,2019-02-08,2026-09-11,,,,,,732-554-1019
976,50242-085-27,"Genentech, Inc",To Be Discontinued,New,,,2026-05-21,2026-05-21,,2026-05-21,Discontinuation of the 100mg vial configuration,,,800-551-2231
977,25021-661-10,Gland Pharma Limited,Current,Reverified,Unavailable,Other,2020-04-02,2026-07-22,,,Estimated recovery: TBD; Distributed by Sagent Pharmaceuticals,,,"Avet Pharmaceuticals, Inc.: 855-228-9470; Sagent Pharmaceuticals: 866-625-1618"
978,63323-285-20,"Fresenius Kabi USA, LLC",Current,Reverified,Unavailable,Other,2018-03-23,2026-09-15,,,Estimated recovery: TBD,,,888-386-1300
979,0781-9413-92,Sandoz Inc.,To Be Discontinued,New,,,2025-12-08,2025-12-08,,2025-12-08,Discontinuation of private label only,,,800-525-8747
980,63323-854-10,"Fresenius Kabi USA, LLC",Current,Reverified,Available,,2017-11-01,2026-09-15,,,Check wholesalers for inventory,,,888-386-1300
981,16729-239-93,Accord Healthcare Inc.,To Be Discontinued,New,,,2026-04-21,2026-04-21,,2026-04-21,Discontinuation of the manufacture of the drug,,,"866-941-7875, option 2"
982,0338-0431-03,Baxter Healthcare,Current,Reverified,Available,,2017-11-14,2026-09-17,,,,,,888-229-0001
983,66794-160-02,Piramal Critical Care Inc.,Current,Revised,Available,,2017-10-31,2026-09-15,,,,,,800-414-1901
984,45802-580-46,Padagis US LLC,To Be Discontinued,New,,,2025-11-03,2025-11-03,,2025-11-03,Discontinuation of the manufacture of the drug,,,866-634-9120
985,45963-709-96,"Teva Pharmaceuticals USA, Inc.",To Be Discontinued,New,,,2026-08-31,2026-08-31,,2026-08-31,A business decision was made to discontinue manufacture of the drug.,,,800-545-8800
986,0641-6254-01,"Hikma Pharmaceuticals USA, Inc.",Current,Reverified,Unavailable,Demand increase for the drug,2017-11-01,2026-09-18,,,Product temporarily on backorder.  Additional lots will be available in the September 2026 timeframe.,,,800-631-2174
987,83634-600-02,"Jiangsu Hengrui Pharmaceuticals Co. (US Agent eVenus Pharmaceutical Laboratories, Inc.)",Current,Reverified,Available,,2020-04-10,2026-09-08,,,Distributed by Avenacy; Contact information: 877-283-6229,,,See Related Information section below for customer service information
988,50742-448-60,Ingenus Pharmaceuticals LLC,To Be Discontinued,New,,,2026-02-20,2026-02-20,,2026-02-20,Discontinuation of the manufacture of the drug,,,866-321-5031
989,0409-1890-01,"Hospira, Inc., a Pfizer Company",Current,Reverified,Available,,2017-10-31,2026-09-22,,,,,,844-646-4398
990,0990-6139-22,Otsuka ICU Medical LLC,Current,Reverified,Unavailable,Discontinuation of the manufacture of the drug,2023-04-28,2026-09-16,,,"Product temporarily unavailable. Estimated recovery: TBD. This product is distributed by ICU Medical. For questions regarding this product, please contact ICU Medical.",https://www.fda.gov/media/182619/download?attachment,,1-866-829-9025 or ProductAvailability@icumed.com
991,23155-600-41,"Avet Pharmaceuticals, Inc.",Current,Revised,Limited Availability,Demand increase for the drug,2020-04-02,2026-09-01,,,Estimated recovery: 9/25/2026,,,855-228-9470
992,0338-3993-01,Baxter Healthcare,Current,Reverified,Unavailable,Requirements related to complying with good manufacturing practices,2026-06-12,2026-09-17,,,Estimated recovery: October 2026,,,888-229-0001
993,0990-7930-03,Otsuka ICU Medical LLC,Current,Reverified,Available,,2022-03-01,2026-09-16,,,"This product is distributed by ICU Medical. For questions regarding this product, please contact ICU Medical.",,,1-866-829-9025 or ProductAvailability@icumed.com
994,76045-009-06,"Fresenius Kabi USA, LLC",Current,Reverified,Unavailable,Other,2017-10-31,2026-09-15,,,Next release September 2026. Check wholesalers for inventory.,,,888-386-1300
995,25021-233-10,"Jiangsu Hengrui Pharmaceuticals Co., Ltd.",To Be Discontinued,New,,,2026-06-29,2026-06-29,,2026-06-29,Marketed by Sagent Pharmaceuticals; Discontinuation of the manufacture of the drug,,,Sagent Pharmaceuticals: 866-625-1618
996,72205-102-07,MSN Laboratories Private Limited,Current,Reverified,Available,,2017-12-13,2026-09-16,,,,,,855-668-2369; customerservice@novadozpharma.com
997,63323-850-74,"Fresenius Kabi USA, LLC",To Be Discontinued,New,,,2025-10-29,2025-10-29,,2025-10-29,Discontinuation of the manufacture of the drug,,,888-386-1300
998,72266-118-25,Gland Pharma Limited,Current,Reverified,Available,Demand increase for the drug,2018-06-06,2026-07-22,,,"Distributed by Fosun Pharma USA, Inc.. To order, contact: 833-291-9645.",,,833-291-9645
999,0527-4667-37,"Lannett Company, Inc.",Current,Reverified,Available,,2023-07-14,2026-09-15,,,,,,844-834-0530
1000,83831-141-08,"Avyxa Pharma, LLC",Current,Reverified,Available,,2023-04-28,2026-09-01,,,,,,877-595-7337; customerservice@avyxa.com
1001,84383-110-01,Laboratorios Atral,Current,Reverified,Available,,2023-04-26,2026-09-15,,,,https://www.fda.gov/media/193578/download,,Mark Cuban Cost Plus Drug Company: 682-428-8081
1002,0409-1165-02,"Hospira, Inc., a Pfizer Company",Current,Reverified,Available,,2018-02-20,2026-09-22,,,,,,844-646-4398
1003,13668-356-05,Torrent Pharmaceuticals Limited,To Be Discontinued,New,,,2026-03-25,2026-03-25,,2026-03-25,Discontinuation of the manufacture of the drug,,,908-280-3333
1004,49884-561-11,"Par Health, Inc.",To Be Discontinued,New,,,2026-04-29,2026-04-29,,2026-04-29,Discontinuation of the manufacture of the drug,,,800-828-9393
1005,0990-7923-37,Otsuka ICU Medical LLC,Current,Reverified,Available,,2022-02-14,2026-09-16,,,"This product is distributed by ICU Medical. For questions regarding this product, please contact ICU Medical.",,,1-866-829-9025 or ProductAvailability@icumed.com
1006,63323-574-86,"Fresenius Kabi USA, LLC",To Be Discontinued,New,,,2026-05-07,2026-05-07,,2026-05-07,Discontinuation of the manufacturer of the drug,,,847-550-2300
1007,0603-5166-21,"Endo Pharmaceuticals, Inc.",To Be Discontinued,New,,,2025-10-31,2025-10-31,,2025-10-31,Discontinuation of the manufacture of the drug,,,800-828-9393
1008,63323-462-17,"Fresenius Kabi USA, LLC",Current,Reverified,Available,,2018-02-20,2026-09-15,,,Check wholesalers for inventory,,,888-386-1300
1009,0409-9630-05,"Hospira, Inc., a Pfizer Company",Current,Reverified,Available,,2012-01-01,2026-09-22,,,,,,844-646-4398
1010,55150-162-05,Eugia US LLC,Current,Reverified,Available,,2018-02-20,2026-09-17,,,Check wholesalers for inventory,,,888-238-7880
1011,50742-431-08,Ingenus Pharmaceuticals LLC,To Be Discontinued,New,,,2026-02-20,2026-02-20,,2026-02-20,A business decision was made to discontinue manufacture of the drug.,,,866-321-5031
1012,72888-152-01,Rubicon Research Private Limited,Current,Reverified,Available,,2023-03-10,2026-06-01,,,Marketed by Advagen Pharma Ltd.,,,sales@advagenpharma.com
1013,43547-410-09,"Solco Healthcare US, LLC",Current,Reverified,Unavailable,Shortage of an active ingredient,2023-01-19,2026-06-29,,,Not available. Long-term backorder for all NDCs. No estimated release date at this time.,,,866-931-9829
1014,0409-1098-02,"Hospira, Inc., a Pfizer Company",To Be Discontinued,New,,,2026-09-11,2026-09-11,,2026-09-11,Supply expected to exhaust November  2026; Discontinuation of the manufacture of the drug,,,844-646-4398
1015,65219-434-20,"Fresenius Kabi USA, LLC",To Be Discontinued,New,,,2026-01-20,2026-01-20,,2026-01-20,Discontinuation of the manufacture of the drug,,,888-386-1300
1016,0409-4713-02,"Hospira, Inc., a Pfizer Company",Current,Reverified,Available,,2012-02-22,2026-09-22,,,,,,844-646-4398
1017,63323-482-27,"Fresenius Kabi USA, LLC",Current,Reverified,Available,,2016-10-14,2026-09-15,,,Check wholesalers for inventory,,,888-386-1300
1018,0409-3793-01,"Hospira, Inc., a Pfizer Company",Current,Revised,Unavailable,Other,2018-03-26,2026-09-22,,,Next Delivery and Estimated Recovery: December 2027,,,844-646-4398
1019,63323-725-10,"Fresenius Kabi USA, LLC",Current,Reverified,Available,,2022-06-28,2026-09-15,,,Check wholesalers for inventory,,,888-386-1300
1020,0338-9553-50,Baxter Healthcare,Current,Reverified,Available,,2023-03-21,2026-09-17,,,,,,888-229-0001
1021,0069-4370-71,Pfizer Inc.,To Be Discontinued,New,,,2023-04-28,2023-04-28,2023-04-28,2023-04-28,Discontinuation of the manufacture of the drug. Supply expected to exhaust in September 2023,,,800-533-4535
1022,64850-504-01,"Elite Laboratories, Inc.",Current,Reverified,Available,,2022-10-12,2026-09-16,,,,,,888-852-6657
1023,72205-137-91,Novadoz Pharmaceuticals LLC,Current,Reverified,Available,,2023-07-14,2026-09-16,,,,,,(855) 668-2369; customerservice@novadozpharma.com
1024,59651-724-01,Aurobindo Pharma USA,Current,Reverified,Available,,2023-03-10,2026-06-02,,,,,,866-850-2876
1025,70069-064-10,"Somerset Therapeutics, LLC",Current,Reverified,Available,,2018-03-23,2026-09-11,,,,,,732-554-1019
1026,61269-610-10,Cheplapharm Arzneimittel GmbH,Current,Reverified,Available,,2023-03-10,2026-09-16,,,Marketed by H2-Pharma,,,orders@h2-pharma.com
1027,70726-0305-1,"EDW Pharma, Inc. (formerly Italfarmaco Pharma, Inc.)",Current,Reverified,Available,,2024-01-26,2026-09-15,,,,https://www.fda.gov/media/177206/download,,610-937-6172
1028,0406-5116-01,SpecGx LLC,Current,Reverified,Available,,2023-07-14,2026-08-20,,,,,,800-325-8888
1029,0093-7769-24,"Teva Pharmaceuticals USA, Inc.",To Be Discontinued,New,,,2026-03-02,2026-03-02,,2026-03-02,Discontinuation of the manufacture of the drug,,,800-545-8800
1030,63323-208-05,"Fresenius Kabi USA, LLC",Current,Reverified,Unavailable,Demand increase for the drug,2012-02-22,2026-09-15,,,Next release October 2026. Check wholesalers for inventory.,,,888-386-1300
1031,55150-199-20,Eugia US LLC,Current,Reverified,Unavailable,Demand increase for the drug,2018-03-23,2026-09-17,,,On backorder. Recovery: TBD. Check wholesalers for inventory,,,888-238-7880
1032,60951-712-70,"Endo Pharmaceuticals, Inc.",To Be Discontinued,New,,,2025-11-03,2025-11-03,,2025-11-03,Discontinuation of the manufacture of the drug,,,800-828-9393
1033,55150-226-10,Eugia US LLC,Current,Reverified,Available,,2023-02-15,2026-09-17,,,Check wholesalers for inventory,,,888-238-7880
1034,13107-068-01,Aurobindo Pharma USA,Current,Reverified,Unavailable,Shortage of an active ingredient,2022-10-12,2026-07-21,,,Estimated availability: October 2026,,,(866) 850-2876 or CustomerService@AurobindoUSA.com
1035,0641-6045-25,"Hikma Pharmaceuticals USA, Inc.",Current,Reverified,Unavailable,Other,2018-09-05,2026-09-18,,,Estimated recovery: TBD,,,800-631-2174
1036,70069-025-10,"Somerset Therapeutics, LLC",Current,Reverified,Available,,2019-02-08,2026-09-11,,,,,,732-554-1037
1037,0409-7101-66,"Hospira, Inc., a Pfizer Company",To Be Discontinued,New,,,2025-12-03,2025-12-03,,2025-12-03,Discontinuation of the manufacture of the drug,,,844-646-4398
1038,69238-1627-6,Amneal Pharmaceuticals,To Be Discontinued,New,,,2026-03-27,2026-03-27,,2026-03-27,Discontinuation of the manufacture of the drug,,,866-525-7270
1039,63323-285-23,"Fresenius Kabi USA, LLC",Current,Reverified,Available,,2018-03-23,2026-09-15,,,Check wholesalers for inventory,,,888-386-1300
1040,59417-118-01,Takeda Pharmaceuticals USA Inc.,Current,Reverified,Available,,2023-07-14,2026-09-15,,,,,,877-TAKEDA-7 (1-877-825-3327)
1041,0527-1502-37,"Lannett Company, Inc.",Current,Reverified,Available,,2022-10-12,2026-09-15,,,,,,844-834-0530
1042,0378-6860-77,"Mylan Pharmaceuticals Inc., a Viatris Company",Current,Reverified,Available,,2023-07-14,2026-09-17,,,,,,800-796-9526
1043,64253-020-30,"Medefil, Inc.",Current,Reverified,Available,,2021-11-23,2026-09-15,,,,,,630-682-4600
1044,76045-0212-10,"Fresenius Kabi USA, LLC",Current,Revised,Limited Availability,Demand increase for the drug,2019-02-08,2026-09-15,,,3 month expiry available on request. Next release not available at this time.,,,888-386-1300
1045,0409-7299-73,"Hospira, Inc., a Pfizer Company",Current,Reverified,Available,,2016-02-03,2026-09-22,,,,,,844-646-4398
1046,50458-587-01,Janssen Pharmaceuticals,Current,Reverified,Available,,2023-07-26,2026-09-17,,,,,,800-JANSSEN (1-800-526-7736) Monday through Friday from 9:00 AM to 8:00 PM ET
1047,54092-189-81,Takeda Pharmaceuticals USA Inc.,To Be Discontinued,New,,,2026-09-16,2026-09-16,,2026-09-16,"Product is anticipated to be available until December 31, 2027",,,877 825 3327
1048,43066-557-12,Baxter Healthcare,Current,Reverified,Available,,2020-04-10,2026-09-17,,,,,,888-229-0001
1049,0069-3070-30,Pfizer Inc.,To Be Discontinued,New,,,2026-04-09,2026-04-09,,2026-04-09,Discontinuation of the manufacture of the drug,,,800-533-4535
1050,42806-344-01,"Epic Pharma, LLC",Current,Reverified,Limited Availability,Shortage of an active ingredient,2022-10-12,2026-09-15,,,Estimated recovery: TBD,,,(718) 276-8600 ext. 3
1051,0409-3382-21,"Hospira, Inc., a Pfizer Company",Current,Reverified,Available,,2022-05-03,2026-09-22,,,,,,844-646-4398
1052,25021-655-02,Gland Pharma Limited,Current,Reverified,Unavailable,Other,2020-04-02,2026-07-22,,,Estimated recovery: TBD; Distributed by Sagent Pharmaceuticals,,,"Avet Pharmaceuticals, Inc.: 855-228-9470; Sagent Pharmaceuticals: 866-625-1618"
1053,65219-080-05,"Jiangsu Hengrui Pharmaceuticals Co., Ltd.",To Be Discontinued,New,,,2026-05-21,2026-05-21,,2026-05-21,Discontinuation of the manufacture of the drug,,,"Marketed by Fresenius Kabi, USA; Customer service: 888-386-1300"
1054,0990-7923-20,Otsuka ICU Medical LLC,Current,Reverified,Available,,2022-02-14,2026-09-16,,,"This product is distributed by ICU Medical. For questions regarding this product, please contact ICU Medical.",,,1-866-829-9025 or ProductAvailability@icumed.com
1055,65219-572-10,"Fresenius Kabi USA, LLC",Current,Reverified,Available,,2018-01-31,2026-09-15,,,Check wholesalers for inventory,,,888-386-1300
1056,55150-296-10,Eugia US LLC,Current,Reverified,Available,,2020-04-10,2026-09-17,,,Check wholesalers for inventory,,,888-238-7880
1057,0093-8072-56,"Teva Pharmaceuticals USA, Inc.",To Be Discontinued,New,,,2026-04-15,2026-04-15,,2026-04-15,Discontinuation of the manufacture of the drug,,,888-838-2872
1058,78206-170-01,Organon,To Be Discontinued,New,,,2025-11-17,2025-11-17,,2025-11-17,Discontinuation of the manufacture of the drug,,,844-674-3200
1059,63323-123-10,"Fresenius Kabi USA, LLC",Current,Reverified,Available,,2023-03-13,2026-09-15,,,Check wholesaler for inventory,,,888-386-1300
1060,0338-0551-18,Baxter Healthcare,Current,Reverified,Available,,2022-02-14,2026-09-17,,,,,,888-229-0001
1061,0409-5010-01,"Hospira, Inc., a Pfizer Company",Current,Reverified,Available,,2018-02-20,2026-09-22,,,,,,844-646-4398
1062,0264-7520-20,B. Braun Medical Inc.,Current,Reverified,Available,,2022-03-01,2026-09-22,,,,,,800-227-2862
1063,60951-602-85,"Endo Pharmaceuticals, Inc.",To Be Discontinued,New,,,2025-11-03,2025-11-03,,2025-11-03,Discontinuation of the manufacture of the drug,,,800-828-9393
1064,0641-6127-25,"Hikma Pharmaceuticals USA, Inc.",Current,Revised,Unavailable,Demand increase for the drug,2017-11-03,2026-09-18,,,Additional lots are scheduled to be manufactured. Product will be made available as it is released.,,,800-631-2174
1065,65219-801-01,"Fresenius Kabi USA, LLC",To Be Discontinued,New,,,2026-07-30,2026-07-30,,2026-07-30,Discontinuation of the manufacture of the drug,,,888-386-1300
1066,0409-5820-01,"Hospira, Inc., a Pfizer Company",Current,Reverified,Available,,2017-11-06,2026-09-22,,,,,,844-646-4398
1067,63323-461-57,"Fresenius Kabi USA, LLC",Current,Reverified,Available,,2018-02-20,2026-09-15,,,Check wholesaler for inventory,,,888-386-1300
1068,0228-2550-06,"Teva Pharmaceuticals USA, Inc.",To Be Discontinued,New,,,2026-08-13,2026-08-13,,2026-08-13,A business decision was made to discontinue manufacture of the drug.,,,800-545-8800
1069,63323-472-37,"Fresenius Kabi USA, LLC",Current,Reverified,Available,,2018-02-20,2026-09-15,,,Check wholesalers for inventory,,,888-386-1300
1070,0781-2234-01,Sandoz Inc.,To Be Discontinued,New,,,2025-10-09,2025-10-09,,2025-10-09,Discontinuation of the manufacture of the drug,,,800-525-8747
1071,68025-089-30,"Vertical Pharmaceuticals, LLC",Current,Reverified,Available,,2023-07-26,2026-09-16,,,,,,800-541-4802
1072,61958-0601-1,"Gilead Sciences, Inc.",To Be Discontinued,New,,,2026-06-17,2026-06-17,,2026-06-17,Product expected to be available until March 2027,,,800-445-3235
1073,60505-6282-7,Teyro Labs,To Be Discontinued,New,,,2026-06-01,2026-06-01,,2026-06-01,Wholesaler & Distributor through Marketing partner (Apotex Inc.); Discontinuation of the manufacture of the drug,,,Apotex Inc.: 800-706-5575
1074,11534-194-01,"Sunrise Pharmaceutical, Inc.",Current,Reverified,Available,,2022-10-12,2026-09-16,,,,,,732-382-6085 Monday to Friday 9 am to 3:45 pm
1075,0591-5543-01,"Teva Pharmaceuticals USA, Inc.",To Be Discontinued,New,,,2026-02-19,2026-02-19,,2026-02-19,Discontinuation of the manufacture of the drug,,,800-545-8800
1076,63323-750-20,"Fresenius Kabi USA, LLC",To Be Discontinued,New,,,2026-02-25,2026-02-25,,2026-02-25,A business decision was made to discontinue manufacture of the drug.,,,847-550-2300
1077,0409-2634-01,"Hospira, Inc., a Pfizer Company",Current,Reverified,Available,,2017-10-31,2026-09-22,,,,,,844-646-4398
1078,0409-3177-01,"Hospira, Inc., a Pfizer Company",Current,Revised,Unavailable,Other,2012-02-22,2026-09-22,,,Next Delivery and Estimated Recovery: December 2026; Shortage per Manufacturer: Manufacturing Delay,,,844-646-4398
1079,0480-5795-08,"Teva Pharmaceuticals USA, Inc.",To Be Discontinued,New,,,2025-11-13,2025-11-13,,2025-11-13,Discontinuation of the manufacture of the drug,,,800-545-8800
1080,67457-903-20,"Mylan Institutional, a Viatris Company",Current,Reverified,Available,,2022-10-05,2026-09-17,,,,,,800-796-9526
1081,0054-0370-25,"Hikma Pharmaceuticals USA, Inc.",Current,Reverified,Limited Availability,Shortage of an active ingredient,2023-07-14,2026-09-18,,,Available on allocation,,,800-631-2174
1082,0002-7640-01,Eli Lilly and Co.,To Be Discontinued,New,,,2025-10-16,2025-10-16,,2025-10-16,Discontinuation of the manufacture of the drug,,,800-545-5979
1083,0781-9408-95,Sandoz Inc.,To Be Discontinued,New,,,2025-12-08,2025-12-08,,2025-12-08,Discontinuation of private label only,,,800-525-8747
1084,0641-6027-25,"Hikma Pharmaceuticals USA, Inc.",Current,Revised,Available,,2023-12-20,2026-09-18,,,Additional lots will be scheduled for manufacturing to meet demand.  Product will be made available as it is released.,,,800-631-2174
1085,16729-137-16,Accord Healthcare Inc.,Current,Reverified,Available,,2023-03-10,2026-09-15,,,,,,"866-941-7875, option 2"
1086,49884-127-91,"Endo Pharmaceuticals, Inc.",To Be Discontinued,New,,,2026-01-06,2026-01-06,,2026-01-06,Discontinuation of the manufacture of the drug,,,800-828-9393
1087,70069-753-25,"Somerset Therapeutics, LLC",Current,Reverified,Available,,2018-02-20,2026-09-11,,,,,,732-554-1037
1088,0603-5165-32,"Endo Pharmaceuticals, Inc.",To Be Discontinued,New,,,2025-10-31,2025-10-31,,2025-10-31,Discontinuation of the manufacture of the drug,,,800-828-9393
1089,57844-110-01,"Teva Pharmaceuticals USA, Inc.",Current,Reverified,Available,,2022-10-12,2026-09-15,,,,,,800-545-8800
1090,62135-737-90,Chartwell Molecular Holdings LLC,Current,Reverified,Available,,2022-08-03,2026-09-15,,,,,,845-268-5000 Ext. 510
1091,0037-0678-96,"Mylan Specialty, a Viatris Company",Current,Reverified,Available,,2023-11-03,2026-09-17,,,,,,(800) 796-9526
1092,0781-3454-95,"Jiangsu Hengrui Pharmaceuticals Co. (US Agent eVenus Pharmaceutical Laboratories, Inc.)",To Be Discontinued,New,,,2025-09-29,2025-09-29,,2025-09-29,Discontinuation of the manufacture of the drug; Distributed by Sandoz Inc.,,,"609-395-8625 ext. 203 (US Agent eVenus Pharmaceutical Laboratories, Inc.)"
1093,0941-0429-52,Vantive US Healthcare LLC,To Be Discontinued,New,,,2026-08-03,2026-08-03,,2026-08-03,A business decision was made to discontinue manufacture of the drug.,,,800-284-4060
1094,0071-0535-23,Pfizer Inc.,To Be Discontinued,New,,,2025-10-01,2025-10-01,,2025-10-01,Discontinuation of the manufacture of the drug,,,800-533-4535
1095,0009-0280-03,Pfizer Inc.,Current,Revised,Limited Availability,Other,2021-12-15,2026-09-21,,,Limited Supply Available. Next Delivery: November 2026; Estimated Recovery: December 2026; Shortage per Manufacturer: Manufacturing Delay,,,844-646-4398
1096,63323-715-05,"Fresenius Kabi USA, LLC",To Be Discontinued,New,,,2026-08-14,2026-08-14,,2026-08-14,Discontinuation of the manufacture of the drug,,,888-386-1300
1097,0406-8891-01,SpecGx LLC,Current,Revised,Limited Availability,Demand increase for the drug,2022-10-12,2026-08-20,,,Estimated recovery: TBD,,,800-325-8888
1098,23155-473-41,"Avet Pharmaceuticals, Inc.",Current,Reverified,Available,,2020-04-07,2026-09-01,,,,,,855-228-9470
1099,13107-070-01,Aurobindo Pharma USA,Current,Reverified,Unavailable,Shortage of an active ingredient,2022-10-12,2026-07-21,,,Estimated availability: October 2026,,,(866) 850-2876 or CustomerService@AurobindoUSA.com
1100,63323-724-05,"Fresenius Kabi USA, LLC",Current,Reverified,Unavailable,Delay in shipping of the drug,2022-06-28,2026-09-15,,,Next release September 2026. Check wholesalers for inventory.,,,888-386-1300
1101,0002-8214-05,Eli Lilly and Co.,To Be Discontinued,New,,,2025-10-24,2025-10-24,,2025-10-24,A business decision was made to discontinue manufacture of the drug.,,,800-545-5979
1102,63323-578-01,"Fresenius Kabi USA, LLC",To Be Discontinued,New,,,2026-07-30,2026-07-30,,2026-07-30,Discontinuation of the manufacture of the drug,,,888-386-1300
1103,44567-600-04,HQ Specialty Pharma,Current,Reverified,Available,,2020-04-10,2026-08-17,,,Marketed by WG Critical Care,,,WG Critical Care 888-493-0861
1104,65219-281-15,"Jiangsu Hengrui Pharmaceuticals Co., Ltd.",To Be Discontinued,New,,,2026-06-30,2026-06-30,,2026-06-30,"Discontinuance of single dose vials, the other two Imaging Bulk Package(IBP) strengths are to remain in supply: the IBP strengths (18.1416 g/30 mL and 39.3068 g/65 mL); Marketed by Fresenius Kabi, USA",,,888-386-1300
1105,54092-171-12,Takeda Pharmaceuticals USA Inc.,To Be Discontinued,New,,,2025-12-19,2025-12-19,,2025-12-19,Discontinuation of the manufacture of the drug,,,855-268-1825
1106,70069-064-01,"Somerset Therapeutics, LLC",Current,Reverified,Available,,2018-03-23,2026-09-11,,,,,,732-554-1019
1107,44567-611-10,WG Critical Care,Current,Reverified,Available,,2020-04-02,2026-09-01,,,Please check wholesalers and distributors for inventory.,,,888-493-0861
1108,63323-519-10,"Fresenius Kabi USA, LLC",Current,Reverified,Available,,2017-11-14,2026-09-15,,,Check wholesalers for inventory,,,888-386-1300
1109,67457-924-50,"Mylan Institutional, a Viatris Company",Current,Reverified,Available,,2020-04-10,2026-09-17,,,,,,800-796-9526
1110,63323-851-15,"Fresenius Kabi USA, LLC",Current,Reverified,Available,,2017-10-31,2026-09-15,,,Check wholesaler for inventory,,,888-386-1300
1111,59417-120-01,Takeda Pharmaceuticals USA Inc.,Current,Reverified,Available,,2023-07-14,2026-09-15,,,,,,877-TAKEDA-7 (1-877-825-3327)
1112,0409-7101-02,"Hospira, Inc., a Pfizer Company",To Be Discontinued,New,,,2025-12-03,2025-12-03,,2025-12-03,Discontinuation of the manufacture of the drug,,,844-646-4398
1113,50458-290-01,Janssen Pharmaceuticals,To Be Discontinued,New,,,2026-02-27,2026-02-27,,2026-02-27,Discontinuation of the manufacture of the drug,,,800-JANSSEN (1-800-526-7736)
1114,0185-0853-01,Sandoz Inc.,Current,Reverified,Available,,2022-10-12,2026-09-18,,,,,,800-525-8747
1115,0264-7510-00,B. Braun Medical Inc.,Current,Reverified,Available,,2022-02-14,2026-09-22,,,,,,800-227-2862
1116,50633-310-11,BTG International Inc.,Current,Reverified,Limited Availability,Other,2024-11-04,2026-09-15,,,"Cyanokit is available to order. To address the drug shortage, BTG International Inc (a SERB Pharmaceuticals company) coordinated with the U.S. Food and Drug Administration (FDA) to make the following impacted batches available to U.S. patients during this period of shortage.",https://www.fda.gov/media/185400/download,,1 877 377 3784
1117,0338-9545-50,Baxter Healthcare,Current,Reverified,Available,,2023-03-21,2026-09-17,,,,,,888-229-0001
1118,0069-3150-83,Pfizer Inc.,To Be Discontinued,New,,,2026-01-20,2026-01-20,,2026-01-20,Discontinuation of the manufacture of the drug.,,,844-646-4398
1119,0574-7116-12,Padagis US LLC,To Be Discontinued,New,,,2026-07-23,2026-07-23,,2026-07-23,Discontinuation of the manufacture of the drug,,,(800) 775-2054
1120,67457-957-99,"Mylan Institutional, a Viatris Company",To Be Discontinued,New,,,2026-05-21,2026-05-21,,2026-05-21,A business decision has been made to discontinue of 2.5mL presentation only. Continuity of supply is forecasted across all other presentations of Iron Sucrose: 67457-639-10 Iron Sucrose 20mg/mL 10mL SDV 5PK 67457-638-10 Iron Sucrose 20mg/mL 5mL SDV 10PK 67457-638-25 Iron Sucrose 20mg/mL 5mL SDV 25PK.,,,800-796-9526
1121,0264-7387-50,B. Braun Medical Inc.,Current,Reverified,Available,,2024-10-11,2026-09-22,,,,,,800-227-2862
1122,0143-9530-01,"Hikma Pharmaceuticals USA, Inc.",Current,Reverified,Unavailable,Demand increase for the drug,2026-06-12,2026-09-18,,,Additional lots will be available in the September 2026 timeframe.  Product will be made available as it is released.,,,800-631-2174
1123,0074-0522-60,AbbVie Inc.,To Be Discontinued,New,,,2026-07-24,2026-07-24,,2026-07-24,Discontinuation of the manufacture of the drug,,,800-633-9110
1124,63323-185-50,"Fresenius Kabi USA, LLC",Current,Reverified,Available,,2021-11-23,2026-09-15,,,Check wholesalers for inventory,,,888-386-1300
1125,83634-653-05,Anthea Pharma,Current,Reverified,Available,,2012-02-22,2026-09-15,,,"Distributed by Avenacy, LLC",,,"Avenacy, LLC: 877-283-6229"
1126,25021-701-02,Gland Pharma Limited,Current,Reverified,Available,Demand increase for the drug,2018-03-23,2026-07-22,,,,,,833-291-9645
1127,0409-3181-01,"Hospira, Inc., a Pfizer Company",Current,Reverified,Available,,2012-02-22,2026-09-22,,,,,,844-646-4398
1128,49884-563-11,"Par Health, Inc.",To Be Discontinued,New,,,2026-04-29,2026-04-29,,2026-04-29,Discontinuation of the manufacture of the drug,,,800-828-9393
1129,0009-3051-02,Pfizer Inc.,To Be Discontinued,New,,,2026-06-01,2026-06-01,,2026-06-01,Discontinuation of the manufacture of the drug,,,844-646-4398
1130,0009-0017-58,Pfizer Inc.,To Be Discontinued,New,,,2025-09-29,2025-09-29,,2025-09-29,Discontinuation of the manufacture of the drug.,,,800-533-4535
1131,63323-580-20,"Fresenius Kabi USA, LLC",Current,Reverified,Available,,2012-01-01,2026-09-01,,,Check wholesalers for inventory,,,888-386-1300
1132,0264-9594-10,B. Braun Medical Inc.,Current,Reverified,Available,,2017-10-25,2026-09-22,,,,,,800-227-2862
1133,0143-9507-10,"Hikma Pharmaceuticals USA, Inc.",Current,Reverified,Available,,2022-10-05,2026-09-18,,,Additional product will be made available as it is released.,,,800-631-2174
1134,55150-164-02,Eugia US LLC,Current,Reverified,Available,,2018-02-20,2026-09-17,,,Check wholesalers for inventory,,,888-238-7880
1135,57664-607-88,"Sun Pharmaceutical Industries, Inc.",Current,Revised,Unavailable,Discontinuation of the manufacture of the drug,2023-07-26,2026-09-18,,,Currently not marketed,,,800-818-4555
1136,0409-2510-01,"Hospira, Inc., a Pfizer Company",Current,Reverified,Available,,2018-02-20,2026-09-22,,,,,,844-646-4398
1137,0574-0521-74,Padagis US LLC,To Be Discontinued,New,,,2026-05-15,2026-05-15,,2026-05-15,Discontinuation of the manufacture of the drug,,,866-634-9120
1138,0555-0973-02,"Teva Pharmaceuticals USA, Inc.",Current,Revised,Limited Availability,Other,2022-10-12,2026-09-15,,,Estimated recovery: TBD,,,800-545-8800
1139,0781-8017-31,Sandoz Inc.,To Be Discontinued,New,,,2026-01-27,2026-01-27,,2026-01-27,Discontinuation of the manufacture of the drug,,,800-525-8747
1140,73293-0001-2,"Huons Co., Ltd. (South Korea)",Current,Reverified,Unavailable,Demand increase for the drug,2018-07-14,2026-07-30,,,Estimated recovery: TBD,,,intbiz@huons.com
1141,55150-304-25,Eugia US LLC,Current,Reverified,Available,,2019-02-08,2026-09-17,,,Check wholesalers for inventory,,,888-238-7880
1142,0409-1755-50,"Hospira, Inc., a Pfizer Company",Current,Reverified,Available,,2018-02-20,2026-09-22,,,,,,844-646-4398
1143,0074-7098-06,AbbVie Inc.,To Be Discontinued,New,,,2026-03-24,2026-03-24,,2026-03-24,Discontinuation of the manufacture of the drug,,,800-633-9110
1144,0409-4276-02,"Hospira, Inc., a Pfizer Company",Current,Reverified,Available,,2012-02-22,2026-09-22,,,,,,844-646-4398
1145,16729-501-43,Accord Healthcare Inc.,Current,Reverified,Unavailable,Requirements related to complying with good manufacturing practices,2020-04-07,2026-09-15,,,Estimated recovery: TBD,,,866-941-7875
1146,0169-2800-15,"Novo Nordisk, Inc.",To Be Discontinued,New,,,2026-08-25,2026-08-25,,2026-08-25,Product will be available until discontinuation in January 2027; Discontinuation of the manufacture of the drug,,,833-493-4689
1147,55150-313-01,Eugia US LLC,Current,Reverified,Unavailable,Demand increase for the drug,2021-12-15,2026-09-17,,,On backorder. Recovery: TBD. Check wholesalers for inventory,,,888-238-7880
1148,54288-164-01,Gland Pharma Limited,Current,Revised,Unavailable,Discontinuation of the manufacture of the drug,2023-04-28,2026-09-15,,,"Discontinued; Distributed by BPI Labs, LLC",,,"Distributed by BPI Labs, LLC;  Customer service number:  (727) 471-0850 Ext 270"
1149,55150-255-20,Eugia US LLC,Current,Revised,Unavailable,Demand increase for the drug,2018-06-13,2026-09-17,,,On backorder. Recovery: late September 2026. Check wholesalers for inventory,,,888-238-7880
1150,60505-4740-1,Apotex Corp.,Current,Revised,Unavailable,Delay in shipping of the drug,2023-11-01,2026-09-16,,,Estimated recovery: 9/25/26,,,800-706-5575
1151,55150-324-25,Eugia US LLC,Current,Reverified,Available,,2020-04-07,2026-09-17,,,Check wholesalers for inventory,,,888-238-7880
1152,65162-026-09,Amneal Pharmaceuticals,Current,Reverified,Available,,2023-07-14,2026-06-17,,,,,,866-525-7270
1153,0641-6146-25,"Hikma Pharmaceuticals USA, Inc.",Current,Reverified,Available,,2019-02-08,2026-09-18,,,Additional product will be made available as it is released.,,,800-631-2174
1154,0264-1933-10,B. Braun Medical Inc.,Current,Reverified,Available,,2020-12-08,2026-09-22,,,,,,800-227-2862
1155,65862-162-90,Aurobindo Pharma USA,Current,Reverified,Unavailable,Discontinuation of the manufacture of the drug,2023-01-19,2026-06-02,,,Discontinuation of the manufacture of the drug,,,866-850-2876
1156,0406-5112-01,SpecGx LLC,Current,Reverified,Available,,2023-07-14,2026-08-20,,,,,,800-325-8888
1157,0591-0347-05,"Teva Pharmaceuticals USA, Inc.",To Be Discontinued,New,,,2025-11-19,2025-11-19,,2025-11-19,A business decision was made to discontinue manufacture of the drug.,,,800-545-8800
1158,59417-105-10,Takeda Pharmaceuticals USA Inc.,Current,Reverified,Available,,2023-07-14,2026-09-15,,,,,,877-TAKEDA-7 (1-877-825-3327)
1159,66794-162-02,Piramal Critical Care Inc.,Current,Reverified,Available,,2017-10-31,2026-09-15,,,,,,800-414-1901
1160,60505-6282-6,Teyro Labs,To Be Discontinued,New,,,2026-06-01,2026-06-01,,2026-06-01,Wholesaler & Distributor through Marketing partner (Apotex Inc.); Discontinuation of the manufacture of the drug,,,Apotex Inc.: 800-706-5575
1161,63323-201-02,"Fresenius Kabi USA, LLC",Current,Reverified,Available,,2012-02-22,2026-09-15,,,Check wholesalers for inventory,,,888-386-1300
1162,0527-4663-37,"Lannett Company, Inc.",Current,Reverified,Available,,2023-07-14,2026-09-15,,,,,,844-834-0530
1163,63323-852-25,"Fresenius Kabi USA, LLC",Current,Revised,Unavailable,Other,2017-10-31,2026-09-15,,,Next release October 2026. Check wholesalers for inventory.,,,888-386-1300
1164,49702-260-55,ViiV Healthcare Company,To Be Discontinued,New,,,2026-01-20,2026-01-20,,2026-01-20,"The anticipated date that GSK will cease distribution of the product is approximately August 1, 2026.",,,877-844-8872
1165,0409-1174-10,Pfizer Inc.,Current,Reverified,Available,,2020-04-10,2026-09-21,,,,,,844-646-4398
1166,0409-5093-11,"Hospira, Inc., a Pfizer Company",To Be Discontinued,New,,,2025-11-14,2025-11-14,,2025-11-14,Discontinuation of the manufacture of the drug,,,844-646-4398
1167,67457-445-60,"Mylan Institutional, a Viatris Company",Current,Reverified,Unavailable,Demand increase for the drug,2021-02-17,2026-09-17,,,Estimated recovery: Q4 2026,,,800-796-9526
1168,72205-133-91,Novadoz Pharmaceuticals LLC,Current,Reverified,Available,,2023-07-14,2026-09-16,,,,,,(855) 668-2369; customerservice@novadozpharma.com
1169,0703-0018-01,"Teva Pharmaceuticals USA, Inc.",Current,Reverified,Available,,2017-11-01,2026-09-15,,,,,,800-545-8800
1170,0574-2415-65,"Noven Pharmaceuticals, Inc.",Current,Reverified,Available,,2025-02-28,2026-09-02,,,Distributed by Padagis US LLC,,,800-455-8070
1171,0409-1891-01,"Hospira, Inc., a Pfizer Company",Current,Reverified,Available,,2017-10-31,2026-09-22,,,,,,844-646-4398
1172,16729-137-00,Accord Healthcare Inc.,Current,Reverified,Available,,2023-03-10,2026-09-15,,,,,,"866-941-7875, option 2"
1173,42858-166-01,Rhodes Pharmaceuticals L.P.,Current,Revised,Available,,2023-07-14,2026-06-24,,,,,,888-827-0616
1174,0641-6054-25,"Hikma Pharmaceuticals USA, Inc.",Current,Reverified,Available,,2025-05-30,2026-09-18,,,Additional lots are scheduled to be manufactured.  Product will be made available as it is released.,,,800-631-2174
1175,0641-6042-25,"Hikma Pharmaceuticals USA, Inc.",Current,Reverified,Unavailable,Other,2018-06-06,2026-09-18,,,Estimated recovery: TBD,,,800-631-2174
1176,0009-0306-12,Pfizer Inc.,Current,Reverified,Available,,2021-12-15,2026-09-21,,,,,,844-646-4398
1177,65219-456-60,"Fresenius Kabi USA, LLC",Current,Reverified,Available,,2022-02-14,2026-09-15,,,Check wholealers for inventory,,,888-386-1300
1178,42571-132-52,Micro Labs LTD,Current,Reverified,Available,,2023-11-03,2026-09-16,,,,,,(908) 484-7410
1179,66794-228-41,Piramal Critical Care Inc.,Current,Revised,Available,,2023-02-15,2026-09-15,,,,,,800-414-1901
1180,70010-115-01,Granules Pharmaceuticals Inc.,Current,Reverified,Unavailable,Shortage of an active ingredient,2022-10-12,2026-09-18,,,Estimated recovery: October 2026,,,877-770-3183
1181,76045-105-20,"Fresenius Kabi USA, LLC",Current,Reverified,Unavailable,Other,2018-03-23,2026-09-15,,,Estimated recovery: TBD,,,888-386-1300
1182,0338-1055-48,Baxter Healthcare,Current,Reverified,Available,,2022-01-13,2026-09-17,,,,,,888-229-0001
1183,25021-233-20,"Jiangsu Hengrui Pharmaceuticals Co., Ltd.",To Be Discontinued,New,,,2026-06-29,2026-06-29,,2026-06-29,Marketed by Sagent Pharmaceuticals; Discontinuation of the manufacture of the drug,,,Sagent Pharmaceuticals: 866-625-1618
1184,0406-8885-01,SpecGx LLC,Current,Reverified,Available,,2022-10-12,2026-08-20,,,,,,800-325-8888
1185,55150-198-30,Eugia US LLC,Current,Reverified,Available,,2018-03-23,2026-09-17,,,Check wholesalers for inventory,,,888-238-7880
1186,68025-096-10,"Vertical Pharmaceuticals, LLC",Current,Reverified,Available,,2023-07-26,2026-09-16,,,,,,800-541-4802
1187,0409-4277-02,"Hospira, Inc., a Pfizer Company",Current,Reverified,Available,,2012-02-22,2026-09-22,,,,,,844-646-4398
1188,63323-411-10,"Fresenius Kabi USA, LLC",Current,Reverified,Unavailable,Delay in shipping of the drug,2020-04-02,2026-09-15,,,Estimated recovery: TBD,,,888-386-1300
1189,0338-1075-02,Baxter Healthcare,Current,Reverified,Available,,2017-11-06,2026-09-17,,,,,,888-229-0001
1190,63323-421-02,"Fresenius Kabi USA, LLC",Current,Reverified,Unavailable,Demand increase for the drug,2020-04-10,2026-09-15,,,Estimated recovery: TBD,,,888-386-1300
1191,63323-286-00,"Fresenius Kabi USA, LLC",Current,Reverified,Available,,2018-03-23,2026-09-15,,,,,,888-386-1300
1192,63323-455-01,"Fresenius Kabi USA, LLC",Current,Reverified,Unavailable,Demand increase for the drug,2017-10-31,2026-09-15,,,Estimated recovery: TBD,,,888-386-1300
1193,0409-4275-01,"Hospira, Inc., a Pfizer Company",Current,Revised,Unavailable,Other,2012-02-22,2026-09-22,,,Next Delivery and Estimated Recovery: December 2028; Shortage per Manufacturer: Manufacturing Delay,,,844-646-4398
1194,13668-353-01,Torrent Pharmaceuticals Limited,To Be Discontinued,New,,,2026-03-25,2026-03-25,,2026-03-25,Discontinuation of the manufacture of the drug,,,908-280-3333
1195,60793-700-10,Pfizer Inc.,Current,Revised,Unavailable,Other,2023-04-26,2026-09-21,,,Next Delivery and Estimated Recovery: 4Q 2027; Manufacturing delay,https://www.fda.gov/media/190713/download,,800-533-4535
1196,0264-7510-10,B. Braun Medical Inc.,Current,Reverified,Available,,2022-02-14,2026-09-22,,,,,,800-227-2862
1197,71357-009-10,Milla Pharmaceuticals,Current,Reverified,Limited Availability,Other,2016-02-03,2026-09-16,,,Estimated recovery: TBD,,,833-251-8463
1198,0409-1890-23,"Hospira, Inc., a Pfizer Company",Current,Revised,Limited Availability,Other,2017-10-31,2026-09-22,,,Limited Supply Available. Next Delivery: November 2026; Estimated Recovery: December 2026; Shortage per Manufacturer: Manufacturing Delay,,,844-646-4398
1199,64850-502-01,"Elite Laboratories, Inc.",Current,Reverified,Available,,2022-10-12,2026-09-16,,,,,,888-852-6657
1200,13668-356-30,Torrent Pharmaceuticals Limited,To Be Discontinued,New,,,2026-03-25,2026-03-25,,2026-03-25,Discontinuation of the manufacture of the drug,,,908-280-3333
1201,0338-1007-02,Baxter Healthcare,Current,Reverified,Available,,2017-11-06,2026-09-17,,,,,,888-229-0001
1202,0990-7120-07,Otsuka ICU Medical LLC,Current,Reverified,Available,,2024-10-11,2026-09-16,,,"This product is distributed by ICU Medical. For questions regarding this product, please contact ICU Medical.",,,1-866-829-9025 or ProductAvailability@icumed.com
1203,0703-4636-01,"Teva Pharmaceuticals USA, Inc.",Current,Revised,Unavailable,Other,2022-07-12,2026-09-15,,,Estimated recovery: TBD,,,800-545-8800
1204,0004-0801-85,"Genentech, Inc",To Be Discontinued,New,,,2025-09-30,2025-09-30,,2025-09-30,Discontinuation of the manufacture of the drug,,,800-551-2231
1205,43547-607-10,"Solco Healthcare US, LLC",Current,Reverified,Limited Availability,Shortage of an active ingredient,2023-07-14,2026-06-29,,,On allocation,,,866-931-9829
1206,0074-9036-30,AbbVie Inc.,To Be Discontinued,New,,,2025-10-07,2025-10-07,,2025-10-07,Discontinuation of the manufacture of the drug,,,800-633-9110
1207,0603-5166-32,"Endo Pharmaceuticals, Inc.",To Be Discontinued,New,,,2025-10-31,2025-10-31,,2025-10-31,Discontinuation of the manufacture of the drug,,,800-828-9393
1208,58468-0123-1,Sanofi-Aventis U.S. LLC,To Be Discontinued,New,,,2025-12-10,2025-12-10,,2025-12-10,Discontinuation of the manufacture of the drug,,,800-633-1610
1209,65219-570-04,"Fresenius Kabi USA, LLC",Current,Reverified,Available,,2018-01-31,2026-09-15,,,Check wholesalers for inventory,,,888-386-1300
1210,49230-206-94,Fresenius Medical Care North America,To Be Discontinued,New,,,2026-03-10,2026-03-10,,2026-03-10,"The NDC codes are being discontinued, to be replaced with NDC labeler code #46163.",,,800-323-5188
1211,64850-555-01,"Elite Laboratories, Inc.",Current,Reverified,Limited Availability,Shortage of an active ingredient,2023-07-14,2026-09-16,,,Estimated recovery: TBD,,,888-852-6657
1212,65219-284-12,"Fresenius Kabi USA, LLC",To Be Discontinued,New,,,2026-03-13,2026-03-13,,2026-03-13,A business decision was made to discontinue manufacture of the drug.,,,888-391-6300 www.fresenius-kabi.com
1213,0591-4575-60,"Teva Pharmaceuticals USA, Inc.",To Be Discontinued,New,,,2026-07-30,2026-07-30,,2026-07-30,Discontinuation of the manufacture of the drug,,,800-545-8800
1214,0409-1209-01,"Hospira, Inc., a Pfizer Company",Current,Revised,Unavailable,Other,2012-02-22,2026-09-22,,,Next Delivery: November 2026; Estimated Recovery: December 2026; Shortage per Manufacturer: Manufacturing Delay,,,844-646-4398
1215,63323-466-37,"Fresenius Kabi USA, LLC",Current,Reverified,Available,,2018-02-20,2026-09-15,,,Check wholesalers for inventory,,,888-386-1300
1216,0074-7098-01,AbbVie Inc.,To Be Discontinued,New,,,2026-03-24,2026-03-24,,2026-03-24,Discontinuation of the manufacture of the drug,,,800-633-9110
1217,61703-124-40,"Hospira, Inc., a Pfizer Company",Current,Reverified,Available,,2023-03-13,2026-09-22,,,,,,844-646-4398
1218,0517-1001-25,"American Regent, Inc.",Current,Reverified,Available,,2012-01-01,2026-09-15,,,,,,800-645-1706
1219,43547-411-09,"Solco Healthcare US, LLC",Current,Reverified,Unavailable,Shortage of an active ingredient,2023-01-19,2026-06-29,,,Not available. Long-term backorder for all NDCs. No estimated release date at this time.,,,866-931-9829
1220,0143-9506-10,"Hikma Pharmaceuticals USA, Inc.",Current,Reverified,Available,,2022-10-05,2026-09-18,,,Additional product will be made available as it is released.,,,800-631-2174
1221,71288-725-32,Kindos Pharmaceuticals Co. Ltd.,Current,Revised,Limited Availability,Discontinuation of the manufacture of the drug,2018-02-20,2026-05-05,,,Meitheal Pharmaceuticals is distributor/labeler,https://www.accessdata.fda.gov/scripts/drugshortages/dsp_ActiveIngredientDetails.cfm?AI=Bupivacaine%20Hydrochloride%20Injection&st=d,,844-824-8426
1222,65862-618-90,Aurobindo Pharma USA,Current,Reverified,Unavailable,Discontinuation of the manufacture of the drug,2023-01-19,2026-06-02,,,Discontinuation of the manufacture of the drug,,,866-850-2876
1223,62037-734-01,"Teva Pharmaceuticals USA, Inc.",Current,Reverified,Available,,2023-07-26,2026-09-15,,,,,,800-545-8800
1224,0069-4380-71,Pfizer Inc.,To Be Discontinued,New,,,2023-04-28,2023-04-28,2023-04-28,2023-04-28,Discontinuation of the manufacture of the drug. Supply expected to exhaust in September 2023,,,800-533-4535
1225,49884-119-91,"Endo Pharmaceuticals, Inc.",To Be Discontinued,New,,,2026-01-06,2026-01-06,,2026-01-06,Discontinuation of the manufacture of the drug,,,800-828-9393
1226,0781-8017-01,Sandoz Inc.,To Be Discontinued,New,,,2026-01-27,2026-01-27,,2026-01-27,Discontinuation of the manufacture of the drug,,,800-525-8747
1227,0941-0426-53,Vantive US Healthcare LLC,To Be Discontinued,New,,,2026-08-03,2026-08-03,,2026-08-03,A business decision was made to discontinue manufacture of the drug.,,,800-284-4060
1228,68180-659-06,"Lupin Pharmaceuticals, Inc.",Current,Reverified,Available,,2021-12-22,2026-09-01,,,,,,866-587-4617
1229,45963-676-96,"Teva Pharmaceuticals USA, Inc.",To Be Discontinued,New,,,2026-08-31,2026-08-31,,2026-08-31,A business decision was made to discontinue manufacture of the drug.,,,800-545-8800
1230,55150-225-05,Eugia US LLC,Current,Reverified,Available,,2023-02-15,2026-09-17,,,Check wholesalers for inventory,,,888-238-7880
1231,62135-669-90,Chartwell Molecular Holdings LLC,Current,Reverified,Available,,2023-01-19,2026-09-15,,,,,,845-268-5000 x 510 or Chartwell Customer service at cs@chartwellpharma.com
1232,16729-500-08,Accord Healthcare Inc.,Current,Reverified,Unavailable,Requirements related to complying with good manufacturing practices,2020-04-07,2026-09-15,,,Estimated recovery: TBD,,,866-941-7875
1233,25021-115-02,Sagent Pharmaceuticals,Current,Reverified,Limited Availability,Discontinuation of the manufacture of the drug,2023-03-21,2026-09-18,,,Selling through remaining short-dated inventory (Dec 2026).,,,866-625-1618
1234,25021-671-87,InfoRLife SA,Current,Reverified,Available,,2018-03-27,2026-08-18,,,Marketed by Sagent Pharmaceuticals,,,Sagent: 866-625-1618
1235,0641-6057-25,"Hikma Pharmaceuticals USA, Inc.",Current,Reverified,Available,,2020-04-02,2026-09-18,,,Additional lots are scheduled to be manufactured. Product will be made available as it is released.,,,800-631-2174
1236,63323-286-35,"Fresenius Kabi USA, LLC",Current,Reverified,Available,,2018-03-23,2026-09-15,,,Check wholesalers for inventory,,,888-386-1300
1237,0409-9094-61,"Hospira, Inc., a Pfizer Company",Current,Reverified,Available,,2012-01-01,2026-09-22,,,,,,844-646-4398
1238,55150-323-25,Eugia US LLC,Current,Reverified,Available,,2020-04-07,2026-09-17,,,Check wholesalers for inventory,,,888-238-7880
1239,43547-408-50,"Prinston Pharmaceutical, Inc.",Current,Reverified,Available,,2023-03-10,2026-09-02,,,Marketed by Solco Healthcare,,,"For orders, Solco Healthcare 866-931-9829"
1240,0409-4887-50,"Hospira, Inc., a Pfizer Company",Current,Reverified,Available,,2021-11-23,2026-09-22,,,,,,844-646-4398
1241,13668-355-01,Torrent Pharmaceuticals Limited,To Be Discontinued,New,,,2026-03-25,2026-03-25,,2026-03-25,Discontinuation of the manufacture of the drug,,,908-280-3333
1242,63323-032-00,"Fresenius Kabi USA, LLC",Current,Reverified,Available,,2016-03-23,2026-09-15,,,Check wholesalers for inventory,,,888-386-1300
1243,25357-025-03,Glaukos Corporation,To Be Discontinued,New,,,2026-01-20,2026-01-20,,2026-01-20,Discontinuing manufacture of the product as of July 2026.,,,949-367-9600
1244,0591-0347-01,"Teva Pharmaceuticals USA, Inc.",To Be Discontinued,New,,,2025-11-19,2025-11-19,,2025-11-19,A business decision was made to discontinue manufacture of the drug.,,,800-545-8800
1245,0053-6871-00,Ferring,Current,Reverified,Unavailable,Requirements related to complying with good manufacturing practices,2021-03-12,2026-05-01,,,Estimated recovery: TBD,,,888-337-7464
1246,0338-0004-03,Baxter Healthcare,Current,Reverified,Available,,2023-04-28,2026-09-17,,,,,,888-229-0001
1247,0409-4911-34,"Hospira, Inc., a Pfizer Company",To Be Discontinued,New,,,2025-11-07,2025-11-07,,2025-11-07,Discontinuation of the manufacture of the drug,,,844-646-4398
1248,17478-050-01,"Hikma Pharmaceuticals USA, Inc.",Current,Reverified,Unavailable,Other,2022-05-03,2026-09-18,,,Not currently manufactured,,,800-631-2174
1249,0781-3443-95,"Jiangsu Hengrui Pharmaceuticals Co. (US Agent eVenus Pharmaceutical Laboratories, Inc.)",To Be Discontinued,New,,,2025-09-29,2025-09-29,,2025-09-29,Discontinuation of the manufacture of the drug; Distributed by Sandoz Inc.,,,"609-395-8625 ext. 203 (US Agent eVenus Pharmaceutical Laboratories, Inc.)"
1250,0703-0113-03,"Teva Pharmaceuticals USA, Inc.",Current,Revised,Limited Availability,Other,2017-11-01,2026-09-15,,,Estimated recovery: TBD,,,800-545-8800
1251,63323-165-01,"Fresenius Kabi USA, LLC",Current,Reverified,Available,,2019-02-08,2026-09-15,,,Check wholesalers for inventory,,,888-386-1300
1252,80789-117-50,"Pyros Pharmaceuticals, Inc.",To Be Discontinued,New,,,2025-10-16,2025-10-16,,2025-10-16,Discontinuation of the manufacture of the drug,,,763-315-2000
1253,0781-2234-10,Sandoz Inc.,To Be Discontinued,New,,,2025-10-09,2025-10-09,,2025-10-09,Discontinuation of the manufacture of the drug,,,800-525-8747
1254,0093-8076-56,"Teva Pharmaceuticals USA, Inc.",To Be Discontinued,New,,,2026-04-15,2026-04-15,,2026-04-15,Discontinuation of the manufacture of the drug,,,888-838-2872
1255,70069-064-25,"Somerset Therapeutics, LLC",Current,Reverified,Available,,2018-03-23,2026-09-11,,,,,,732-554-1019
1256,0641-6041-25,"Hikma Pharmaceuticals USA, Inc.",Current,Reverified,Unavailable,Other,2018-06-06,2026-09-18,,,Estimated recovery: TBD,,,800-631-2174
1257,42023-187-10,"Par Health, USA LLC",Current,Reverified,Unavailable,Other,2020-04-10,2026-09-17,,,Estimated recovery: TBD; Please check wholesalers for inventory,,,800-828-9393
1258,83301-0080-2,Mullan Pharmaceutical Inc.,Current,Reverified,Available,,2017-12-13,2026-09-16,,,,,,800-673-9839
1259,62037-720-10,"Teva Pharmaceuticals USA, Inc.",To Be Discontinued,New,,,2025-11-21,2025-11-21,,2025-11-21,Discontinuation of the manufacture of the drug,,,800-545-8800
1260,55150-167-10,Eugia US LLC,Current,Reverified,Available,,2018-02-20,2026-09-17,,,Check wholesalers for inventory,,,888-238-7880
1261,65219-281-07,"Jiangsu Hengrui Pharmaceuticals Co., Ltd.",To Be Discontinued,New,,,2026-06-30,2026-06-30,,2026-06-30,"Discontinuance of single dose vials, the other two Imaging Bulk Package(IBP) strengths are to remain in supply: the IBP strengths (18.1416 g/30 mL and 39.3068 g/65 mL); Marketed by Fresenius Kabi, USA",,,888-386-1300
1262,76045-104-10,"Fresenius Kabi USA, LLC",Current,Reverified,Unavailable,Other,2018-03-23,2026-09-15,,,Estimated recovery: TBD,,,888-386-1300
1263,0409-3301-10,Pfizer Inc.,Current,Reverified,Available,,2020-04-10,2026-09-08,,,,,,844-646-4398
1264,0409-1746-30,"Hospira, Inc., a Pfizer Company",Current,Reverified,Available,,2018-02-20,2026-09-22,,,,,,844-646-4398
1265,0641-6084-25,"Hikma Pharmaceuticals USA, Inc.",Current,Reverified,Unavailable,Other,2023-11-21,2026-09-18,,,Estimated recovery: TBD,,,800-631-2174
1266,0409-1761-10,"Hospira, Inc., a Pfizer Company",Current,Revised,Unavailable,Other,2018-02-20,2026-09-22,,,Next Delivery: November 2026; Estimated Recovery: December 2026; Shortage per Manufacturer: Manufacturing Delay,,,844-646-4398
1267,55150-200-10,Eugia US LLC,Current,Reverified,Available,,2018-03-23,2026-09-17,,,Check wholesalers for inventory,,,888-238-7880
1268,0409-4277-01,"Hospira, Inc., a Pfizer Company",Current,Reverified,Available,,2012-02-22,2026-09-22,,,,,,844-646-4398
1269,0338-0023-02,Baxter Healthcare,Current,Revised,Available,,2022-03-01,2026-09-17,,,,,,888-229-0001
1270,0093-7352-01,"Teva Pharmaceuticals USA, Inc.",To Be Discontinued,New,,,2025-12-04,2025-12-04,,2025-12-04,A business decision was made to discontinue manufacture of the drug,,,800-545-8800
1271,0517-1004-25,"American Regent, Inc.",Current,Reverified,Available,,2012-01-01,2026-09-15,,,,,,800-645-1706
1272,0591-5543-10,"Teva Pharmaceuticals USA, Inc.",To Be Discontinued,New,,,2026-02-19,2026-02-19,,2026-02-19,Discontinuation of the manufacture of the drug,,,800-545-8800
1273,72516-013-01,Oryza Pharmaceuticals Inc.,Current,Reverified,Unavailable,Shortage of an active ingredient,2022-10-12,2026-09-16,,,Estimated recovery: April 2027,,,855-257-0292
1274,63323-496-97,"Fresenius Kabi USA, LLC",Current,Reverified,Unavailable,Demand increase for the drug,2012-02-22,2026-09-15,,,Estimated recovery: TBD,,,888-386-1300
1275,65219-458-30,"Fresenius Kabi USA, LLC",Current,Reverified,Available,,2022-02-14,2026-09-15,,,Check wholesalers for inventory,,,888-386-1300
1276,16729-295-12,Accord Healthcare Inc.,Current,Reverified,Unavailable,Requirements related to complying with good manufacturing practices,2023-04-28,2026-09-15,,,Estimated recovery: TBD,,,"866-941-7875, option 2"
1277,71288-718-11,"Meitheal Pharmaceuticals, Inc.",Current,Reverified,Available,,2023-02-15,2026-08-27,,,,,,844-824-8426
1278,0941-0429-53,Vantive US Healthcare LLC,To Be Discontinued,New,,,2026-08-03,2026-08-03,,2026-08-03,A business decision was made to discontinue manufacture of the drug.,,,800-284-4060
1279,0409-7101-67,"Hospira, Inc., a Pfizer Company",To Be Discontinued,New,,,2025-12-03,2025-12-03,,2025-12-03,Discontinuation of the manufacture of the drug,,,844-646-4398
1280,64850-501-01,"Elite Laboratories, Inc.",Current,Reverified,Available,,2022-10-12,2026-09-16,,,,,,888-852-6657
1281,47781-180-01,Alvogen,Current,Reverified,Available,,2022-10-12,2026-09-17,,,,,,844-842-8672 and email: CustomerService-US@alvogen.com
1282,0143-9935-01,"Hikma Pharmaceuticals USA, Inc.",Current,Reverified,Unavailable,Demand increase for the drug,2015-02-17,2026-09-18,,,Estimated recovery: TBD,,,800-631-2174
1283,63323-426-10,"Fresenius Kabi USA, LLC",Current,Reverified,Available,,2023-02-15,2026-09-15,,,Check wholesalers for inventory,,,888-386-1300
1284,54092-172-12,Takeda Pharmaceuticals USA Inc.,To Be Discontinued,New,,,2025-12-19,2025-12-19,,2025-12-19,Discontinuation of the manufacture of the drug,,,855-268-1825
1285,0093-9433-01,Sanofi-Aventis U.S. LLC,To Be Discontinued,New,,,2026-08-10,2026-08-10,,2026-08-10,A business decision was made to discontinue manufacture of the drug.,,,800-633-1610
1286,64850-551-01,"Elite Laboratories, Inc.",Current,Reverified,Limited Availability,Shortage of an active ingredient,2023-07-14,2026-09-16,,,Estimated recovery: TBD,,,888-852-6657
1287,0409-1100-10,"Hospira, Inc., a Pfizer Company",Current,Revised,Available,,2017-11-06,2026-09-22,,,,,,844-646-4398
1288,53746-468-19,Amneal Pharmaceuticals,To Be Discontinued,New,,,2026-03-26,2026-03-26,,2026-03-26,Discontinuation of the manufacture of the drug,,,866-525-7270
1289,70069-061-10,"Somerset Therapeutics, LLC",Current,Reverified,Available,,2018-03-23,2026-09-11,,,,,,732-554-1019
1290,0703-4244-01,"Teva Pharmaceuticals USA, Inc.",Current,Revised,Unavailable,Other,2023-04-28,2026-09-15,,,Estimated recovery: January 2027,,,800-545-8800
1291,0409-3977-03,"Hospira, Inc., a Pfizer Company",Current,Reverified,Available,,2021-12-03,2026-09-22,,,,,,844-646-4398
1292,59417-115-01,Takeda Pharmaceuticals USA Inc.,Current,Reverified,Available,,2023-07-14,2026-09-15,,,,,,877-TAKEDA-7 (1-877-825-3327)
1293,0378-0167-02,"Mylan Pharmaceuticals Inc., a Viatris Company",To Be Discontinued,New,,,2026-01-12,2026-01-12,,2026-01-12,Discontinuation of the manufacture of the drug,,,800-796-9526
1294,0990-4178-03,Otsuka ICU Medical LLC,Current,Reverified,Unavailable,Shortage of an active ingredient,2020-12-08,2026-09-16,,,"Estimated recovery: TBD. This product is distributed by ICU Medical. For questions regarding this product, please contact ICU Medical.",,,1-866-829-9025 or ProductAvailability@icumed.com
1295,0641-6261-01,"Hikma Pharmaceuticals USA, Inc.",Current,Reverified,Available,,2016-02-03,2026-09-18,,,Additional lots will be available. Product will be made available as it is released.,,,800-631-2174
1296,0338-9549-50,Baxter Healthcare,Current,Reverified,Available,,2023-03-21,2026-09-17,,,,,,888-229-0001
1297,0069-4061-01,Pfizer Inc.,To Be Discontinued,New,,,2026-04-09,2026-04-09,,2026-04-09,Discontinuation of the manufacture of the drug,,,800-533-4535
1298,62175-311-37,"Lannett Company, Inc.",Current,Revised,Limited Availability,Other,2023-07-26,2026-09-15,,,Estimated recovery: November 2026,,,844-834-0530
1299,0378-0005-85,"Mylan Pharmaceuticals Inc., a Viatris Company",To Be Discontinued,New,,,2025-11-03,2025-11-03,,2025-11-03,Discontinuation of the manufacture of the drug,,,800-796-9526
1300,43547-407-10,"Prinston Pharmaceutical, Inc.",Current,Reverified,Available,,2023-03-10,2026-09-02,,,Marketed by Solco Healthcare,,,"For orders, Solco Healthcare 866-931-9829"
1301,0409-5555-02,"Hospira, Inc., a Pfizer Company",Current,Revised,Limited Availability,Other,2017-03-01,2026-09-22,,,Limited Supply Available. Next Delivery: October 2026; Estimated Recovery: December 2026; Shortage per Manufacturer: Manufacturing Delay,,,844-646-4398
1302,0009-4073-04,Pfizer Inc.,To Be Discontinued,New,,,2026-06-01,2026-06-01,,2026-06-01,Discontinuation of the manufacture of the drug,,,844-646-4398
1303,25021-230-02,"Jiangsu Hengrui Pharmaceuticals Co. (US Agent eVenus Pharmaceutical Laboratories, Inc.)",To Be Discontinued,New,,,2025-09-26,2025-09-26,,2025-09-26,Discontinuation of the manufacture of the drug; Distributed by Sagent Pharmaceuticals,,,"Company Contact: 609-395-8625 ext. 203 (US Agent eVenus Pharmaceutical Laboratories, Inc.)"
1304,50458-585-01,Janssen Pharmaceuticals,Current,Reverified,Available,,2023-07-26,2026-09-17,,,,,,800-JANSSEN (1-800-526-7736) Monday through Friday from 9:00 AM to 8:00 PM ET
1305,0527-0766-37,"Lannett Company, Inc.",Current,Reverified,Available,,2022-10-12,2026-09-15,,,,,,844-834-0530
1306,81665-104-96,Ailex Pharmaceuticals,Current,Reverified,Available,,2023-11-03,2026-08-31,,,Distributed by Omnivium Pharmaceuticals LLC (888) 807-9195,,,Distributed by Omnivium Pharmaceuticals LLC (888) 807-9195 or customerservice@omniviumpharma.com
1307,69945-094-20,Curium US LLC,Current,Revised,Unavailable,Shortage of an active ingredient,2023-12-27,2026-09-18,,,Estimated recovery: late September 2026,,,888-744-1414
1308,0641-0367-25,"Hikma Pharmaceuticals USA, Inc.",Current,Reverified,Available,,2019-02-08,2026-09-18,,,Product will be made available as it is released.,,,800-631-2174
1309,0088-2162-33,Sanofi-Aventis U.S. LLC,To Be Discontinued,New,,,2026-06-08,2026-06-08,,2026-06-08,Discontinuation of the manufacture of the drug,,,800-981-2491
1310,42023-229-10,"Par Health, USA LLC",To Be Discontinued,New,,,2026-09-11,2026-09-11,,2026-09-11,A business decision was made to discontinue manufacture of the drug.,,,800-828-9393
1311,0054-3294-50,"Hikma Pharmaceuticals USA, Inc.",Current,Reverified,Limited Availability,Shortage of an inactive ingredient component,2026-03-31,2026-09-18,,,Available on allocation,,,800-631-2174
1312,10122-100-10,"Chiesi USA, Inc.",To Be Discontinued,New,,,2025-11-07,2025-11-07,,2025-11-07,Discontinuation of the manufacture of the drug.,,,888-466-6505
1313,64380-844-06,Strides Pharma Inc.,To Be Discontinued,New,,,2026-04-06,2026-04-06,,2026-04-06,Discontinuation of the manufacture of the drug,,,877-244-9825
1314,0409-1434-01,Pfizer Inc.,Current,Reverified,Available,,2020-04-10,2026-09-21,,,,,,844-646-4398
1315,72205-101-01,MSN Laboratories Private Limited,Current,Reverified,Available,,2017-12-13,2026-09-16,,,,,,855-668-2369; customerservice@novadozpharma.com
1316,63323-412-25,"Fresenius Kabi USA, LLC",Current,Revised,Unavailable,Demand increase for the drug,2020-04-02,2026-09-15,,,Next release October 2026. Check wholesalers for inventory.,,,888-386-1300
1317,0071-0737-20,Pfizer Inc.,To Be Discontinued,New,,,2026-02-10,2026-02-10,,2026-02-10,Discontinuation of the manufacture of the drug.,,,800-533-4535
1318,0409-1638-02,Pfizer Inc.,Current,Reverified,Available,,2020-04-10,2026-09-08,,,,,,844-646-4398
1319,0025-0325-01,Pfizer Inc.,To Be Discontinued,New,,,2025-10-09,2025-10-09,,2025-10-09,Discontinuation of the manufacture of the drug,,,800-646-4398
1320,0990-7922-02,Otsuka ICU Medical LLC,Current,Reverified,Available,,2022-02-14,2026-09-16,,,"This product is distributed by ICU Medical. For questions regarding this product, please contact ICU Medical.",,,1-866-829-9025 or ProductAvailability@icumed.com
1321,0338-0409-03,Baxter Healthcare,Current,Reverified,Available,,2017-10-25,2026-09-17,,,,,,888-229-0001
1322,0409-2587-05,"Hospira, Inc., a Pfizer Company",Current,Revised,Unavailable,Demand increase for the drug,2020-04-02,2026-09-22,,,Next Delivery and Estimated Recovery: December 2026,,,844-646-4398
1323,76045-010-11,"Fresenius Kabi USA, LLC",Current,Reverified,Unavailable,Other,2017-11-01,2026-09-15,,,Next release not available at this time.  Check wholesalers for inventory.,,,888-386-1300
1324,0781-3495-95,"Jiangsu Hengrui Pharmaceuticals Co., Ltd.",Current,Reverified,Available,,2020-04-10,2026-09-15,,,Marketed by Sandoz Inc.; Customer service: 800-525-8747,,,See Related Information section below for customer service information
1325,0409-1159-01,"Hospira, Inc., a Pfizer Company",Current,Reverified,Available,,2018-02-20,2026-09-22,,,,,,844-646-4398
1326,0338-1077-02,Baxter Healthcare,Current,Reverified,Available,,2017-11-06,2026-09-17,,,,,,888-229-0001
1327,0409-7535-01,"Hospira, Inc., a Pfizer Company",Current,Reverified,Available,,2018-02-20,2026-09-22,,,,,,844-646-4398
1328,66993-212-38,Advanz Pharma (US) Corp.,To Be Discontinued,New,,,2025-12-01,2025-12-01,,2025-12-01,Product to expire in March 2026; Discontinuation of the manufacture of the drug,,,847-283-7921
1329,10019-925-01,Baxter Healthcare,Current,Reverified,Available,,2026-06-12,2026-09-17,,,,,,888-229-0001
1330,47781-174-01,Alvogen,Current,Reverified,Available,,2022-10-12,2026-09-17,,,,,,844-842-8672 and email: CustomerService-US@alvogen.com
1331,71288-726-52,Kindos Pharmaceuticals Co. Ltd.,Current,Revised,Limited Availability,Discontinuation of the manufacture of the drug,2018-02-20,2026-05-05,,,Meitheal Pharmaceuticals is distributor/labeler,https://www.accessdata.fda.gov/scripts/drugshortages/dsp_ActiveIngredientDetails.cfm?AI=Bupivacaine%20Hydrochloride%20Injection&st=d,,844-824-8426
1332,0338-1007-03,Baxter Healthcare,Current,Reverified,Available,,2017-11-06,2026-09-17,,,,,,888-229-0001
1333,0169-4060-13,"Novo Nordisk, Inc.",Current,Reverified,Limited Availability,Delay in shipping of the drug,2023-07-18,2026-09-22,,,Estimated shortage duration: TBD,,,833-493-4689
1334,0781-3315-70,Sandoz Inc.,To Be Discontinued,New,,,2025-10-20,2025-10-20,,2025-10-20,Discontinuation of the manufacture of the drug,,,800-525-8747
1335,0002-8233-05,Eli Lilly and Co.,To Be Discontinued,New,,,2026-09-01,2026-09-01,,2026-09-01,"A business decision was made to discontinue manufacture of the drug. Distribution projected to end June 2027. If patients or prescribers have any questions, the Lilly Answers Center (1-800-545-5979) is available Monday through Friday from 9am to 8pm for assistance.",,,800-545-5979
1336,76329-3302-1,"Amphastar Pharmaceuticals, Inc.",Current,Reverified,Available,,2022-01-13,2026-09-16,,,,,,800-423-4136
1337,31722-276-32,Aspiro Pharma Limited,Current,New,Available,,2018-02-20,2026-07-17,,,,,,"732-529-0430, customerservice@camberpharma.com"
1338,0378-4615-01,"Mylan Pharmaceuticals Inc., a Viatris Company",To Be Discontinued,New,,,2026-01-12,2026-01-12,,2026-01-12,A business decision was made to discontinue manufacture of the drug.,,,800-796-9526
1339,63323-463-57,"Fresenius Kabi USA, LLC",Current,Reverified,Available,,2018-02-20,2026-09-15,,,Check wholesaler for inventory,,,888-386-1300
1340,0781-3518-76,Sandoz Inc.,To Be Discontinued,New,,,2025-10-10,2025-10-10,,2025-10-10,Discontinuation of the manufacture of the drug,,,800-525-8747
1341,0002-4491-62,Eli Lilly and Co.,To Be Discontinued,New,,,2025-11-03,2025-11-03,,2025-11-03,"A business decision was made to discontinue manufacture of the 50 mg and 100 mg tablets. Distribution will end on May 31, 2026.",,,800-545-5979
1342,0228-2551-96,"Teva Pharmaceuticals USA, Inc.",To Be Discontinued,New,,,2026-08-13,2026-08-13,,2026-08-13,A business decision was made to discontinue manufacture of the drug.,,,800-545-8800
1343,0941-0424-51,Vantive US Healthcare LLC,To Be Discontinued,New,,,2026-08-03,2026-08-03,,2026-08-03,A business decision was made to discontinue manufacture of the drug.,,,800-284-4060
1344,63323-487-17,"Fresenius Kabi USA, LLC",Current,Reverified,Available,,2016-10-14,2026-09-15,,,Check wholesalers for inventory,,,888-386-1300
1345,47781-566-01,Alvogen,Current,Reverified,Available,,2023-07-14,2026-09-17,,,,,,844-842-8672 and email: CustomerService-US@alvogen.com
1346,0641-0928-25,"Hikma Pharmaceuticals USA, Inc.",Current,Revised,Unavailable,Demand increase for the drug,2023-11-21,2026-09-18,,,Additional lots will be available in the October 2026 timeframe.  Product will be made available as it is released.,,,800-631-2174
1347,0143-9575-10,"Hikma Pharmaceuticals USA, Inc.",Current,Reverified,Available,,2018-06-13,2026-09-18,,,Additional lots are scheduled for manufacturing to meet demand.  Product will be made available as it is released.,,,800-631-2174
1348,55150-221-10,Eugia US LLC,Current,Reverified,Unavailable,Demand increase for the drug,2022-10-05,2026-09-17,,,On backorder. Recovery: TBD. Check wholesalers for inventory,,,888-238-7880
1349,54288-165-01,Gland Pharma Limited,Current,Revised,Available,,2023-04-28,2026-09-15,,,"Distributed by BPI Labs, LLC",,,"Distributed by BPI Labs, LLC; Customer service number: (727) 471-0850 Ext 270"
1350,57664-051-88,"Sun Pharmaceutical Industries, Inc.",Current,Revised,Limited Availability,Other,2023-07-14,2026-09-18,,,Estimated Recovery: TBD,,,800-818-4555
1351,49884-125-91,"Endo Pharmaceuticals, Inc.",To Be Discontinued,New,,,2026-01-06,2026-01-06,,2026-01-06,Discontinuation of the manufacture of the drug,,,800-828-9393
1352,0781-3421-94,"Jiangsu Hengrui Pharmaceuticals Co. (US Agent eVenus Pharmaceutical Laboratories, Inc.)",To Be Discontinued,New,,,2026-06-30,2026-06-30,,2026-06-30,"Marketed by Sandoz, Inc.; Discontinuation of the manufacture of the drug",,,Sandoz: 800-525-8747
1353,0071-0527-23,Pfizer Inc.,To Be Discontinued,New,,,2025-10-01,2025-10-01,,2025-10-01,Discontinuation of the manufacture of the drug,,,800-533-4535
1354,0480-3667-20,"Novo Nordisk, Inc.",Current,Reverified,Available,,2023-07-18,2026-09-22,,,Distributed by Teva,,,833-493-4689
1355,72572-160-10,"Hikma Pharmaceuticals USA, Inc.",Current,Reverified,Available,,2022-10-05,2026-09-18,,,Distributed by Civica,,,800-631-2174
1356,0338-0499-06,Baxter Healthcare,Current,Reverified,Available,,2020-12-08,2026-09-17,,,,,,888-229-0001
1357,57664-050-88,"Sun Pharmaceutical Industries, Inc.",Current,Revised,Limited Availability,Other,2023-07-14,2026-09-18,,,Estimated Recovery: TBD,,,800-818-4555
1358,0641-6024-10,"Hikma Pharmaceuticals USA, Inc.",Current,Reverified,Unavailable,Other,2023-12-20,2026-09-18,,,Inventory available in vial presentations.,,,800-631-2174
1359,65649-311-12,"Salix Pharmaceuticals, a division of Bausch Health US, LLC",To Be Discontinued,New,,,2026-02-10,2026-02-10,,2026-02-10,,,,800-321-4576
1360,16729-526-08,Accord Healthcare Inc.,Current,Reverified,Unavailable,Requirements related to complying with good manufacturing practices,2012-01-01,2026-09-01,,,Estimated recovery: TBD,,,"866-941-7875, option 2"
1361,0527-4661-37,"Lannett Company, Inc.",Current,Reverified,Available,,2023-07-14,2026-09-15,,,,,,844-834-0530
1362,63323-280-02,"Fresenius Kabi USA, LLC",Current,Reverified,Available,,2020-04-07,2026-09-15,,,Check wholesalers for inventory,,,888-386-1300
1363,61703-339-22,"Hospira, Inc., a Pfizer Company",Current,Revised,Limited Availability,Other,2023-04-28,2026-09-22,,,Limited Supply Available. Next Delivery: November 2026; Estimated Recovery: December 2026; Shortage per Manufacturer: Manufacturing Delay,,,844-646-4398
1364,0574-0521-76,Padagis US LLC,To Be Discontinued,New,,,2026-05-15,2026-05-15,,2026-05-15,Discontinuation of the manufacture of the drug,,,866-634-9120
1365,63323-972-10,"Fresenius Kabi USA, LLC",To Be Discontinued,New,,,2026-04-08,2026-04-08,,2026-04-08,Discontinuation of the manufacture of the drug,,,888-386-1300
1366,16729-138-00,Accord Healthcare Inc.,Current,Reverified,Available,,2023-03-10,2026-09-15,,,,,,"866-941-7875, option 2"
1367,0143-9251-10,"Hikma Pharmaceuticals USA, Inc.",Current,Reverified,Available,,2023-02-15,2026-09-18,,,Additional lots will be available. Product will be made available as it is released.,,,800-631-2174
1368,43547-603-10,"Solco Healthcare US, LLC",Current,Reverified,Limited Availability,Shortage of an active ingredient,2023-07-14,2026-06-29,,,On allocation,,,866-931-9829
1369,0409-6102-10,"Hospira, Inc., a Pfizer Company",Current,Reverified,Available,,2020-04-07,2026-09-22,,,,,,844-646-4398
1370,72572-074-24,Sandoz Inc.,Current,Reverified,Available,,2023-03-21,2026-09-18,,,Civica Label,,,800-525-8747
1371,0480-3569-01,"Teva Pharmaceuticals USA, Inc.",Current,Reverified,Available,,2023-07-14,2026-09-15,,,,,,800-545-8800
1372,72516-012-01,Oryza Pharmaceuticals Inc.,Current,Reverified,Unavailable,Shortage of an active ingredient,2022-10-12,2026-09-16,,,Estimated recovery: April 2027,,,855-257-0292
1373,0069-0197-30,Pfizer Inc.,To Be Discontinued,New,,,2026-06-08,2026-06-08,,2026-06-08,Discontinuation of the manufacture of the drug,,,800-533-4535
1374,0409-5160-10,"Hospira, Inc., a Pfizer Company",Current,Reverified,Available,,2023-02-15,2026-09-22,,,,,,844-646-4398
1375,0641-6001-25,"Hikma Pharmaceuticals USA, Inc.",Current,Reverified,Limited Availability,Demand increase for the drug,2018-09-05,2026-09-18,,,Estimated recovery: TBD,,,800-631-2174
1376,0409-1283-37,"Hospira, Inc., a Pfizer Company",Current,Revised,Unavailable,Other,2017-10-31,2026-09-22,,,Next Delivery: January 2027; Estimated Recovery: March 2027; Shortage per Manufacturer: Manufacturing Delay,,,844-646-4398
1377,72888-154-30,Rubicon Research Private Limited,Current,Reverified,Available,,2023-03-10,2026-06-01,,,Marketed by Advagen Pharma Ltd.,,,sales@advagenpharma.com
1378,0054-0374-25,"Hikma Pharmaceuticals USA, Inc.",Current,Reverified,Limited Availability,Shortage of an active ingredient,2023-07-14,2026-09-18,,,Available on allocation,,,800-631-2174
1379,0093-9477-53,Sanofi-Aventis U.S. LLC,To Be Discontinued,New,,,2026-08-10,2026-08-10,,2026-08-10,A business decision was made to discontinue manufacture of the drug.,,,800-633-1610
1380,0406-8892-01,SpecGx LLC,Current,Revised,Limited Availability,Demand increase for the drug,2022-10-12,2026-08-20,,,Estimated recovery: TBD,,,800-325-8888
1381,0409-3299-26,"Hospira, Inc., a Pfizer Company",Current,Reverified,Available,,2016-02-03,2026-09-22,,,,,,844-646-4398
1382,61703-350-38,"Hospira, Inc., a Pfizer Company",Current,Reverified,Available,,2023-03-13,2026-09-22,,,,,,844-646-4398
1383,60429-005-12,Apotex Corp.,To Be Discontinued,New,,,2026-04-01,2026-04-01,,2026-04-01,Discontinuation of the manufacture of the drug,,,800-706-5575
1384,63323-516-10,"Fresenius Kabi USA, LLC",Current,Reverified,Available,,2019-02-08,2026-09-15,,,Check wholesalers for inventory,,,888-386-1300
1385,0480-3568-01,"Teva Pharmaceuticals USA, Inc.",Current,Reverified,Available,,2023-07-14,2026-09-15,,,,,,800-545-8800
1386,25021-230-05,"Jiangsu Hengrui Pharmaceuticals Co. (US Agent eVenus Pharmaceutical Laboratories, Inc.)",To Be Discontinued,New,,,2025-09-26,2025-09-26,,2025-09-26,Discontinuation of the manufacture of the drug; Distributed by Sagent Pharmaceuticals,,,"Company Contact: 609-395-8625 ext. 203 (US Agent eVenus Pharmaceutical Laboratories, Inc.)"
1387,44567-601-04,HQ Specialty Pharma,Current,Reverified,Available,,2020-04-10,2026-08-17,,,Marketed by WG Critical Care,,,WG Critical Care 888-493-0861
1388,68001-313-56,"Teva Pharmaceuticals USA, Inc.",Current,Revised,Unavailable,Other,2020-12-22,2026-09-15,,,Estimated recovery: TBD,,,800-545-8800
1389,70121-1573-1,Amneal Pharmaceuticals,Current,Revised,Limited Availability,Other,2021-12-15,2026-06-17,,,On backorder. Estimated recovery: late July,,,866-525-7270
1390,0409-3796-01,"Hospira, Inc., a Pfizer Company",Current,Revised,Unavailable,Other,2018-03-26,2026-09-22,,,Next Delivery and Estimated Recovery; December 2027; Shortage per Manufacturer: Manufacturing Delay,,,844-646-4398
1391,71225-126-06,Slayback Pharma,To Be Discontinued,New,,,2026-06-05,2026-06-05,,2026-06-05,Discontinuation of the manufacture of the drug,,,800-461-7449
1392,57664-088-88,"Sun Pharmaceutical Industries, Inc.",Current,Revised,Available,,2023-07-14,2026-09-18,,,,,,800-818-4555
1393,0955-1735-30,Sanofi-Aventis U.S. LLC,To Be Discontinued,New,,,2026-06-08,2026-06-08,,2026-06-08,Discontinuation of the manufacture of the drug,,,800-981-2491
1394,67457-925-10,"Mylan Institutional, a Viatris Company",Current,Reverified,Available,,2020-04-10,2026-09-17,,,,,,800-796-9526
1395,0409-4916-14,"Hospira, Inc., a Pfizer Company",To Be Discontinued,New,,,2025-11-07,2025-11-07,,2025-11-07,Discontinuation of the manufacture of the drug,,,844-646-4398
1396,0009-3073-23,Pfizer Inc.,Current,Revised,Unavailable,Other,2021-12-15,2026-09-21,,,Next Delivery: October 2026; Estimated Recovery: December 2026; Shortage per Manufacturer: Manufacturing Delay,,,844-646-4398
1397,0002-4312-61,Eli Lilly and Co.,To Be Discontinued,New,,,2025-11-03,2025-11-03,,2025-11-03,"A business decision was made to discontinue manufacture of the 50 mg and 100 mg tablets. Distribution will end on May 31, 2026.",,,800-545-5979
1398,0990-7938-19,Otsuka ICU Medical LLC,Current,Reverified,Unavailable,Discontinuation of the manufacture of the drug,2022-03-01,2026-09-16,,,"Product discontinued. This product is distributed by ICU Medical. For questions regarding this product, please contact ICU Medical.",,,1-866-829-9025 or ProductAvailability@icumed.com
1399,57664-087-88,"Sun Pharmaceutical Industries, Inc.",Current,Revised,Available,,2023-07-14,2026-09-18,,,,,,800-818-4555
1400,0338-0411-02,Baxter Healthcare,Current,Reverified,Available,,2017-10-25,2026-09-17,,,,,,888-229-0001
1401,0264-7510-20,B. Braun Medical Inc.,Current,Reverified,Available,,2022-02-14,2026-09-22,,,,,,800-227-2862
1402,0378-9651-50,"Mylan Pharmaceuticals Inc., a Viatris Company",To Be Discontinued,New,,,2026-07-07,2026-07-07,,2026-07-07,Discontinuation of the manufacture of the drug,,,877-446-3679
1403,61314-517-36,Sandoz Inc.,To Be Discontinued,New,,,2026-01-13,2026-01-13,,2026-01-13,Equivalent Sandoz format is available.,,,800-525-8747
1404,63323-486-27,"Fresenius Kabi USA, LLC",Current,Revised,Unavailable,Demand increase for the drug,2012-02-22,2026-09-15,,,Next release October 2026. Check wholesalers for inventory.,,,888-386-1300
1405,0338-0017-41,Baxter Healthcare,Current,Reverified,Available,,2022-02-14,2026-09-17,,,,,,888-229-0001
1406,65162-028-09,Amneal Pharmaceuticals,Current,Reverified,Available,,2023-07-14,2026-06-17,,,,,,866-525-7270
1407,0409-4713-32,"Hospira, Inc., a Pfizer Company",Current,Revised,Available,,2012-02-22,2026-09-22,,,,,,844-646-4398
1408,0990-7918-19,Otsuka ICU Medical LLC,Current,Reverified,Available,,2024-10-11,2026-09-16,,,"This product is distributed by ICU Medical. For questions regarding this product, please contact ICU Medical.",,,1-866-829-9025 or ProductAvailability@icumed.com
1409,70069-753-01,"Somerset Therapeutics, LLC",Current,Reverified,Available,,2018-02-20,2026-09-11,,,,,,732-554-1037
1410,50742-438-10,Ingenus Pharmaceuticals LLC,To Be Discontinued,New,,,2026-02-24,2026-02-24,,2026-02-24,A business decision was made to discontinue manufacture of the drug.,,,866-321-5031
1411,0143-9144-02,"Hikma Pharmaceuticals USA, Inc.",Current,Reverified,Available,,2023-07-18,2026-09-18,,,,,,800-631-2174
1412,69238-1247-3,Amneal Pharmaceuticals,To Be Discontinued,New,,,2026-06-15,2026-06-15,,2026-06-15,Discontinuation of the manufacture of the drug,,,866-525-7270
1413,13811-711-30,"Trigen Laboratories, LLC",Current,Reverified,Limited Availability,Demand increase for the drug,2023-07-26,2026-09-16,,,Allocation to current contracted customers,,,800-541-4802
1414,0480-7250-46,"Teva Pharmaceuticals USA, Inc.",To Be Discontinued,New,,,2026-05-14,2026-05-14,,2026-05-14,Discontinuation of the manufacture of the drug,,,888-838-2872
1415,0409-3182-01,"Hospira, Inc., a Pfizer Company",Current,Revised,Unavailable,Other,2012-02-22,2026-09-22,,,Next Delivery and Estimated Recovery: December 2028; Shortage per Manufacturer: Manufacturing Delay,,,844-646-4398
1416,0409-0525-25,"Hospira, Inc., a Pfizer Company",Current,Reverified,Available,,2018-02-20,2026-09-22,,,Historical NDC: 0409-1610-50,,,844-646-4398
1417,76045-005-11,"Fresenius Kabi USA, LLC",Current,Reverified,Unavailable,Other,2017-10-31,2026-09-15,,,Next release September 2026. Check wholesalers for inventory.,,,888-386-1300
1418,0406-5113-01,SpecGx LLC,Current,Reverified,Available,,2023-07-14,2026-08-20,,,,,,800-325-8888
1419,63323-483-27,"Fresenius Kabi USA, LLC",Current,Reverified,Available,,2016-10-14,2026-09-15,,,Check wholesalers for inventory,,,888-386-1300
1420,70010-111-01,Granules Pharmaceuticals Inc.,Current,Reverified,Unavailable,Shortage of an active ingredient,2022-10-12,2026-09-18,,,Estimated recovery: October 2026,,,877-770-3183
1421,47781-567-01,Alvogen,Current,Reverified,Available,,2023-07-14,2026-09-17,,,,,,844-842-8672 and email: CustomerService-US@alvogen.com
1422,0143-9310-10,"Hikma Pharmaceuticals USA, Inc.",Current,Reverified,Available,,2022-10-05,2026-09-18,,,Novaplus label,,,800-631-2174
1423,0338-1130-03,Baxter Healthcare,Current,Reverified,Available,,2020-12-08,2026-09-17,,,,,,888-229-0001
1424,13668-354-01,Torrent Pharmaceuticals Limited,To Be Discontinued,New,,,2026-03-25,2026-03-25,,2026-03-25,Discontinuation of the manufacture of the drug,,,908-280-3333
1425,0527-4664-37,"Lannett Company, Inc.",Current,Reverified,Available,,2023-07-14,2026-09-15,,,,,,844-834-0530
1426,63323-808-11,"Fresenius Kabi USA, LLC",Current,Reverified,Available,,2012-01-01,2026-09-15,,,Check wholesalers for inventory,,,888-386-1300
1427,13811-708-10,"Trigen Laboratories, LLC",Current,Reverified,Limited Availability,Demand increase for the drug,2023-07-26,2026-09-16,,,Allocation to current contracted customers,,,800-541-4802
1428,43547-608-10,"Solco Healthcare US, LLC",Current,Reverified,Limited Availability,Shortage of an active ingredient,2023-07-14,2026-06-29,,,On allocation,,,866-931-9829
1429,66758-211-31,Sandoz Inc.,To Be Discontinued,New,,,2026-01-27,2026-01-27,,2026-01-27,Discontinuation of the manufacture of the drug,,,800-525-8747
1430,60505-6282-7,Teyro Labs,Current,Reverified,Unavailable,Discontinuation of the manufacture of the drug,2023-04-28,2026-09-16,,,Wholesaler & Distributor through Marketing partner (Apotex Inc.); Discontinuation of the manufacture of the drug,https://www.accessdata.fda.gov/scripts/drugshortages/dsp_ActiveIngredientDetails.cfm?AI=Carboplatin%20Injection&st=d,,Apotex Inc.: 800-706-5575
1431,59212-001-02,Advanz Pharma (US) Corp.,To Be Discontinued,New,,,2025-12-01,2025-12-01,,2025-12-01,Discontinuation of the manufacture of the drug,,,847-283-7921
1432,72205-134-91,Novadoz Pharmaceuticals LLC,Current,Reverified,Available,,2023-07-14,2026-09-16,,,,,,(855) 668-2369; customerservice@novadozpharma.com
1433,63323-806-50,"Fresenius Kabi USA, LLC",Current,Reverified,Available,,2012-01-01,2026-09-15,,,Check wholesalers for inventory,,,888-386-1300
1434,68025-097-30,"Vertical Pharmaceuticals, LLC",Current,Reverified,Available,,2023-07-26,2026-09-16,,,,,,800-541-4802
1435,64850-556-01,"Elite Laboratories, Inc.",Current,Reverified,Limited Availability,Shortage of an active ingredient,2023-07-14,2026-09-16,,,Estimated recovery: TBD,,,888-852-6657
1436,36000-284-25,Baxter Healthcare,Current,Reverified,Available,,2020-04-07,2026-09-17,,,,,,888-229-0001
1437,83831-142-50,"Avyxa Pharma, LLC",Current,Reverified,Available,,2023-04-28,2026-09-01,,,,,,877-595-7337; customerservice@avyxa.com
1438,0085-4331-01,Merck Sharp & Dohme Corp.,To Be Discontinued,New,,,2025-12-02,2025-12-02,,2025-12-02,Discontinuation of the manufacture of the drug,,,800-672-6372
1439,0409-1176-30,"Hospira, Inc., a Pfizer Company",Current,Reverified,Available,,2025-05-30,2026-09-22,,,,,,844-646-4398
1440,0527-0764-37,"Lannett Company, Inc.",Current,Reverified,Available,,2022-10-12,2026-09-15,,,,,,844-834-0530
1441,0641-6047-10,"Hikma Pharmaceuticals USA, Inc.",Current,Reverified,Unavailable,Other,2018-05-03,2026-09-18,,,Estimated recovery: TBD,,,800-631-2174
1442,63323-122-50,"Fresenius Kabi USA, LLC",Current,Reverified,Available,,2023-03-13,2026-09-15,,,Check wholesaler for inventory,,,888-386-1300
1443,0071-3112-23,Pfizer Inc.,To Be Discontinued,New,,,2025-10-01,2025-10-01,,2025-10-01,Discontinuation of the manufacture of the drug,,,800-533-4535
1444,72888-152-05,Rubicon Research Private Limited,Current,Reverified,Available,,2023-03-10,2026-06-01,,,Marketed by Advagen Pharma Ltd.,,,sales@advagenpharma.com
1445,72078-035-02,"Mylan Institutional, a Viatris Company",Current,Reverified,Available,,2022-06-28,2026-09-17,,,,,,800-796-9526
1446,70010-116-01,Granules Pharmaceuticals Inc.,Current,Reverified,Unavailable,Shortage of an active ingredient,2022-10-12,2026-09-18,,,Estimated recovery: October 2026,,,877-770-3183
1447,65219-084-15,"Jiangsu Hengrui Pharmaceuticals Co., Ltd.",To Be Discontinued,New,,,2026-05-21,2026-05-21,,2026-05-21,Discontinuation of the manufacture of the drug,,,"Marketed by Fresenius Kabi, USA; Customer service: 888-386-1300"
1448,68025-096-30,"Vertical Pharmaceuticals, LLC",Current,Reverified,Available,,2023-07-26,2026-09-16,,,,,,800-541-4802
1449,62037-726-01,"Teva Pharmaceuticals USA, Inc.",Current,Revised,Limited Availability,Other,2023-07-26,2026-09-15,,,Estimated recovery: September 2026,,,800-545-8800
1450,63323-853-25,"Fresenius Kabi USA, LLC",Current,Reverified,Unavailable,Other,2017-10-31,2026-09-15,,,Next release September 2026. Check wholesalers for inventory.,,,888-386-1300
1451,59651-724-05,Aurobindo Pharma USA,Current,Reverified,Available,,2023-03-10,2026-06-02,,,,,,866-850-2876
1452,0074-2340-30,AbbVie Inc.,To Be Discontinued,New,,,2026-07-24,2026-07-24,,2026-07-24,Discontinuation of the manufacture of the drug,,,800-633-9110
1453,68025-097-10,"Vertical Pharmaceuticals, LLC",Current,Reverified,Available,,2023-07-26,2026-09-16,,,,,,800-541-4802
1454,0228-2851-11,"Actavis Pharma, Inc.",To Be Discontinued,New,,,2025-11-13,2025-11-13,,2025-11-13,A business decision was made to discontinue manufacture of the drug.,,,800-545-8800
1455,0409-2308-01,"Hospira, Inc., a Pfizer Company",Current,Revised,Unavailable,Demand increase for the drug,2020-04-02,2026-09-22,,,Next Delivery and Estimated Recovery: December 2026,,,844-646-4398
1456,45963-677-11,"Teva Pharmaceuticals USA, Inc.",To Be Discontinued,New,,,2026-08-31,2026-08-31,,2026-08-31,A business decision was made to discontinue manufacture of the drug.,,,800-545-8800
1457,0641-0121-25,"Hikma Pharmaceuticals USA, Inc.",Current,Reverified,Available,,2017-11-03,2026-09-18,2025-01-03,,Additional lots are scheduled for manufacturing to meet demand.  Product will be made available as it is released.,,,800-631-2174
1458,0990-4179-05,Otsuka ICU Medical LLC,Current,Reverified,Unavailable,Shortage of an active ingredient,2020-12-08,2026-09-16,,,"Estimated recovery: TBD. This product is distributed by ICU Medical. For questions regarding this product, please contact ICU Medical.",,,1-866-829-9025 or ProductAvailability@icumed.com
1459,63323-288-10,"Fresenius Kabi USA, LLC",Current,Reverified,Unavailable,Delay in shipping of the drug,2018-03-23,2026-09-15,,,Estimated recovery: TBD,,,888-386-1300
1460,70121-1574-5,Amneal Pharmaceuticals,Current,Revised,Available,,2021-12-15,2026-06-17,,,,,,866-525-7270
1461,0002-7752-05,Eli Lilly and Co.,To Be Discontinued,New,,,2026-09-01,2026-09-01,,2026-09-01,"A business decision was made to discontinue manufacture of the drug. Distribution projected to end June 2027. If patients or prescribers have any questions, the Lilly Answers Center (1-800-545-5979) is available Monday through Friday from 9am to 8pm for assistance.",,,800-545-5979
1462,0703-3675-01,"Teva Pharmaceuticals USA, Inc.",Current,Revised,Limited Availability,Other,2023-03-13,2026-09-15,,,Estimated recovery: December 2026,,,800-545-8800
1463,0641-6059-01,"Hikma Pharmaceuticals USA, Inc.",Current,Reverified,Available,,2020-04-02,2026-09-18,,,Additional lots are scheduled to be manufactured. Product will be made available as it is released.,,,800-631-2174
1464,0641-6043-25,"Hikma Pharmaceuticals USA, Inc.",Current,Reverified,Unavailable,Other,2018-06-06,2026-09-18,,,Estimated recovery: TBD,,,800-631-2174
1465,70069-758-04,"Somerset Therapeutics, LLC",Current,Reverified,Available,,2020-04-10,2026-09-11,,,,,,732-554-1037
1466,63323-288-21,"Fresenius Kabi USA, LLC",Current,Reverified,Available,,2018-03-23,2026-09-15,,,,,,888-386-1300
1467,63323-451-01,"Fresenius Kabi USA, LLC",Current,Reverified,Available,,2017-10-31,2026-09-15,,,Check wholesalers for inventory,,,888-386-1300
1468,57844-115-01,"Teva Pharmaceuticals USA, Inc.",Current,Reverified,Available,,2022-10-12,2026-09-15,,,,,,800-545-8800
1469,0409-2305-05,"Hospira, Inc., a Pfizer Company",Current,Revised,Unavailable,Demand increase for the drug,2020-04-02,2026-09-22,,,Next Delivery: October 2026; Estimated Recovery: December 2026,,,844-646-4398
1470,13668-355-05,Torrent Pharmaceuticals Limited,To Be Discontinued,New,,,2026-03-25,2026-03-25,,2026-03-25,Discontinuation of the manufacture of the drug,,,908-280-3333
1471,0378-1134-01,"Mylan Pharmaceuticals Inc., a Viatris Company",To Be Discontinued,New,,,2026-04-20,2026-04-20,,2026-04-20,Discontinuation of the manufacture of the drug,,,877-446-3679
1472,63323-671-20,"Fresenius Kabi USA, LLC",Current,Reverified,Unavailable,Other,2020-04-10,2026-09-15,,,Expected recovery: TBD,,,888-386-1300
1473,0169-4314-30,"Novo Nordisk, Inc.",To Be Discontinued,New,,,2026-06-04,2026-06-04,,2026-06-04,Discontinuation of the manufacture of the drug. These products will be replaced by Ozempic (semaglutide) tablets.,,,833-493-4689
1474,0574-7110-12,Padagis US LLC,To Be Discontinued,New,,,2026-07-23,2026-07-23,,2026-07-23,Discontinuation of the manufacture of the drug,,,(800) 775-2054
1475,55513-800-60,Amgen Inc.,To Be Discontinued,New,,,2026-03-24,2026-03-24,,2026-01-01,Discontinuation of the manufacture of the drug product,,,1-800-772-6436
1476,76329-1912-1,"Amphastar Pharmaceuticals, Inc.",Current,Reverified,Available,,2018-12-06,2026-09-16,,,,,,800-423-4136
1477,0781-2234-31,Sandoz Inc.,To Be Discontinued,New,,,2025-10-09,2025-10-09,,2025-10-09,Discontinuation of the manufacture of the drug,,,800-525-8747
1478,55150-161-02,Eugia US LLC,Current,Revised,Unavailable,Demand increase for the drug,2018-02-20,2026-09-17,,,On backorder. Recovery: late October 2026. Check wholesalers for inventory,,,888-238-7880
1479,0990-7923-23,Otsuka ICU Medical LLC,Current,Reverified,Available,,2022-02-14,2026-09-16,,,"This product is distributed by ICU Medical. For questions regarding this product, please contact ICU Medical.",,,1-866-829-9025 or ProductAvailability@icumed.com
1480,0990-7139-36,Otsuka ICU Medical LLC,Current,Reverified,Unavailable,Discontinuation of the manufacture of the drug,2023-04-28,2026-09-16,,,"Product temporarily unavailable. Estimated recovery: TBD. This product is distributed by ICU Medical. For questions regarding this product, please contact ICU Medical.",https://www.fda.gov/media/182619/download?attachment,,1-866-829-9025 or ProductAvailability@icumed.com
1481,49230-209-92,Fresenius Medical Care North America,To Be Discontinued,New,,,2026-03-10,2026-03-10,,2026-03-10,"The NDC codes are being discontinued, to be replaced with NDC labeler code #46163.",,,800-323-5188
1482,0409-4903-34,"Hospira, Inc., a Pfizer Company",To Be Discontinued,New,,,2025-11-07,2025-11-07,,2025-11-07,Discontinuation of the manufacture of the drug,,,844-646-4398
1483,25021-821-05,Sagent Pharmaceuticals,Current,Reverified,Limited Availability,Shortage of an active ingredient,2021-12-15,2026-09-18,,,"Estimated recovery: November 2026, Product on hand is 8-12 months of dating prior to expiry",,,866-625-1618
1484,64253-400-91,"Medefil, Inc.",Current,Reverified,Available,,2012-01-01,2026-09-15,,,,,,630-682-4600
1485,0409-4283-01,"Hospira, Inc., a Pfizer Company",Current,Reverified,Available,,2012-02-22,2026-09-22,,,,,,844-646-4398
1486,0338-0070-10,Baxter Healthcare,Current,Revised,Available,Demand increase for the drug,2022-02-14,2026-09-17,,,,,,888-229-0001
1487,69489-721-30,Journey Medical Corporation,To Be Discontinued,New,,,2026-05-08,2026-05-08,,2026-05-08,Discontinuation of the manufacture of the drug,,,480-434-6670
1488,0074-7098-03,AbbVie Inc.,To Be Discontinued,New,,,2026-03-24,2026-03-24,,2026-03-24,Discontinuation of the manufacture of the drug,,,800-633-9110
1489,63323-485-27,"Fresenius Kabi USA, LLC",Current,Reverified,Available,,2012-02-22,2026-09-15,,,Check wholesalers for inventory,,,888-386-1300
1490,0641-6040-01,"Hikma Pharmaceuticals USA, Inc.",Current,Reverified,Available,,2017-11-03,2026-09-18,,,Additional lots are scheduled to be manufactured. Product will be made available as it is released.,,,800-631-2174
1491,65219-258-10,"Fresenius Kabi USA, LLC",To Be Discontinued,New,,,2026-08-31,2026-08-31,,2026-08-31,Discontinuation of the manufacture of the drug,,,888-386-1300
1492,0409-4278-01,"Hospira, Inc., a Pfizer Company",Current,Reverified,Available,,2012-02-22,2026-09-22,,,,,,844-646-4398
1493,0409-9104-20,"Hospira, Inc., a Pfizer Company",Current,Reverified,Available,,2017-11-06,2026-09-22,,,,,,844-646-4398
1494,0049-3190-01,Pfizer Inc.,To Be Discontinued,New,,,2025-10-16,2025-10-16,,2025-10-16,Discontinuation of the manufacture of the drug,,,844-646-4398
1495,65862-618-90,Aurobindo Pharma USA,Current,Reverified,Unavailable,Discontinuation of the manufacture of the drug,2023-01-19,2026-06-02,,,Discontinuation of the manufacture of the drug,,,866-850-2876
1496,42858-167-01,Rhodes Pharmaceuticals L.P.,Current,Revised,Limited Availability,Shortage of an active ingredient,2024-01-11,2026-06-24,,,Estimated recovery: TBD,,,888-827-0616
1497,0781-2868-10,Sandoz Inc.,To Be Discontinued,New,,,2025-10-09,2025-10-09,,2025-10-09,Discontinuation of the manufacture of the drug,,,800-525-8747
1498,0641-6085-25,"Hikma Pharmaceuticals USA, Inc.",Current,Reverified,Unavailable,Other,2023-11-21,2026-09-18,,,Estimated recovery: TBD,,,800-631-2174
1499,64850-503-01,"Elite Laboratories, Inc.",Current,Reverified,Available,,2022-10-12,2026-09-16,,,,,,888-852-6657
1500,0409-3178-01,"Hospira, Inc., a Pfizer Company",Current,Revised,Unavailable,Other,2012-02-22,2026-09-22,,,Next Delivery: October 2026; Estimated Recovery: December 2026; Shortage per Manufacturer: Manufacturing Delay,,,844-646-4398
1501,63323-465-57,"Fresenius Kabi USA, LLC",Current,Reverified,Available,,2018-02-20,2026-09-15,,,Check wholesalers for inventory,,,888-386-1300
1502,68180-659-07,"Lupin Pharmaceuticals, Inc.",Current,Reverified,Available,,2021-12-22,2026-09-01,,,,,,866-587-4617
1503,60505-4745-1,Apotex Corp.,Current,Reverified,Available,,2023-11-01,2026-09-16,,,,,,800-706-5575
1504,0006-3066-03,Merck Sharp & Dohme LLC,To Be Discontinued,New,,,2026-04-08,2026-04-08,,2026-04-08,To be discontinued in approximately early-September 2026.,,,800-672-6372
1505,65219-065-05,"Fresenius Kabi USA, LLC",Current,Reverified,Unavailable,Delay in shipping of the drug,2023-02-15,2026-09-15,,,Estimated recovery: TBD,,,888-386-1300
1506,43547-606-10,"Solco Healthcare US, LLC",Current,Reverified,Limited Availability,Shortage of an active ingredient,2023-07-14,2026-06-29,,,On allocation,,,866-931-9829
1507,0641-6028-25,"Hikma Pharmaceuticals USA, Inc.",Current,Reverified,Available,,2023-12-20,2026-09-18,,,Additional lots will be scheduled for manufacturing to meet demand.  Product will be made available as it is released.,,,800-631-2174
1508,55150-171-10,Eugia US LLC,Current,Reverified,Available,,2018-02-20,2026-09-17,,,Check wholesalers for inventory,,,888-238-7880
1509,55150-195-20,Eugia US LLC,Current,Reverified,Unavailable,Demand increase for the drug,2018-03-23,2026-09-17,,,On backorder. Recovery: TBD. Check wholesalers for inventory,,,888-238-7880
1510,0406-5114-01,SpecGx LLC,Current,Reverified,Available,,2023-07-14,2026-08-20,,,,,,800-325-8888
1511,0781-2868-01,Sandoz Inc.,To Be Discontinued,New,,,2025-10-09,2025-10-09,,2025-10-09,Discontinuation of the manufacture of the drug,,,800-525-8747
1512,70069-631-25,"Somerset Therapeutics, LLC",Current,Reverified,Available,,2012-01-01,2026-09-11,,,,,,732-554-1037
1513,64850-554-01,"Elite Laboratories, Inc.",Current,Reverified,Limited Availability,Shortage of an active ingredient,2023-07-14,2026-09-16,,,Estimated recovery: TBD,,,888-852-6657
1514,0173-0715-22,GlaxoSmithKline,To Be Discontinued,New,,,2026-07-27,2026-07-27,,2026-07-27,"The anticipated date that GSK will cease distribution of the presentation is approximately December 31, 2026.  The 120 dose presentation of this product will still be available.",,,888-825-5249
1515,0409-1165-01,"Hospira, Inc., a Pfizer Company",Current,Reverified,Available,,2018-02-20,2026-09-22,,,,,,844-646-4398
1516,63323-285-63,"Fresenius Kabi USA, LLC",Current,Reverified,Unavailable,Other,2018-03-23,2026-09-15,,,Estimated recovery: TBD,,,888-386-1300
1517,0527-4665-37,"Lannett Company, Inc.",Current,Reverified,Available,,2023-07-14,2026-09-15,,,,,,844-834-0530
1518,46163-206-92,Fresenius Medical Care North America,To Be Discontinued,New,,,2026-03-10,2026-03-10,,2026-03-10,"The NDC codes are being discontinued, to be replaced with NDC labeler code #46163.",,,800-323-5188
1519,39822-4200-2,"XGen Pharmaceuticals DJB, Inc.",Current,Reverified,Available,,2023-02-15,2026-09-22,,,Tamarang is the application holder and X-Gen is the distributor/labeler,,,866-390-4411
1520,0641-6002-10,"Hikma Pharmaceuticals USA, Inc.",Current,Reverified,Unavailable,Other,2018-09-05,2026-09-18,,,Estimated recovery: TBD,,,800-631-2174
1521,25021-311-02,Gland Pharma Limited,To Be Discontinued,New,,,2026-04-28,2026-04-28,,2026-04-28,Distributed by Sagent Pharmaceuticals; Discontinuation of the manufacture of the drug,,,Sagent Pharmaceuticals: 866-625-1618
1522,63323-460-37,"Fresenius Kabi USA, LLC",Current,Reverified,Available,,2018-02-20,2026-09-15,,,Check wholesaler for inventory,,,888-386-1300
1523,0409-4887-99,"Hospira, Inc., a Pfizer Company",Current,Reverified,Available,,2021-11-23,2026-09-22,,,,,,844-646-4398
1524,72205-135-91,Novadoz Pharmaceuticals LLC,Current,Reverified,Available,,2023-07-14,2026-09-16,,,,,,(855) 668-2369; customerservice@novadozpharma.com
1525,0409-1896-20,"Hospira, Inc., a Pfizer Company",Current,Revised,Unavailable,Other,2017-10-31,2026-09-22,,,Next Delivery: January 2027; Estimated Recovery: March 2027; Shortage per Manufacturer: Manufacturing Delay,,,844-646-4398
1526,70069-061-25,"Somerset Therapeutics, LLC",Current,Reverified,Available,,2018-03-23,2026-09-11,,,,,,732-554-1019
1527,61703-408-25,"Hospira, Inc., a Pfizer Company",Current,Reverified,Available,,2023-03-13,2026-09-22,,,,,,844-646-4398
1528,63323-578-02,"Fresenius Kabi USA, LLC",To Be Discontinued,New,,,2026-07-30,2026-07-30,,2026-07-30,Discontinuation of the manufacture of the drug,,,888-386-1300
1529,0941-0413-06,Vantive US Healthcare LLC,To Be Discontinued,New,,,2026-08-03,2026-08-03,,2026-08-03,A business decision was made to discontinue manufacture of the drug.,,,800-284-4060
1530,0338-0004-04,Baxter Healthcare,Current,Reverified,Limited Availability,Demand increase for the drug,2023-04-28,2026-09-17,,,Estimated recovery: September 2026,,,888-229-0001
1531,0641-6044-25,"Hikma Pharmaceuticals USA, Inc.",Current,Reverified,Limited Availability,Demand increase for the drug,2018-09-05,2026-09-18,,,Estimated recovery: TBD,,,800-631-2174
1532,0409-0801-01,"Hospira, Inc., a Pfizer Company",Current,New,Unavailable,Other,2026-08-27,2026-08-27,,,Next delivery: Q2 2027; Estimated recovery: Q3 2027; Shortage per manufacturer: manufacturing delays,,,844-646-4398
1533,0409-5555-01,"Hospira, Inc., a Pfizer Company",Current,Revised,Limited Availability,Other,2017-03-01,2026-09-22,,,Limited Supply Available. Next Delivery: May 2027; Estimated Recovery: June 2027; Shortage per Manufacturer: Manufacturing Delay,,,844-646-4398
1534,62037-725-01,"Teva Pharmaceuticals USA, Inc.",Current,Revised,Limited Availability,Other,2023-07-26,2026-09-15,,,Estimated recovery: September 2026,,,800-545-8800
1535,0264-9872-10,B. Braun Medical Inc.,Current,Revised,Limited Availability,Other,2017-11-14,2026-09-22,,,Estimated recovery: late Q4 2026; Manufacturing delays,,,800-227-2862
1536,63323-172-60,"Fresenius Kabi USA, LLC",Current,Reverified,Unavailable,Delay in shipping of the drug,2023-04-28,2026-09-15,,,Next release November 2026. Check wholesalers for inventory.,,,888-386-1300
1537,83301-0081-2,Mullan Pharmaceutical Inc.,Current,Reverified,Available,,2017-12-13,2026-09-16,,,,,,800-673-9839
1538,0409-1178-30,"Hospira, Inc., a Pfizer Company",Current,Reverified,Available,,2025-05-30,2026-09-22,,,,,,844-646-4398
1539,62135-484-60,Chartwell Molecular Holdings LLC,Current,Reverified,Available,,2023-01-19,2026-09-15,,,,,,845-268-5000 x 510 or Chartwell Customer service at cs@chartwellpharma.com
1540,45567-0060-1,"Sun Pharmaceutical Industries, Inc.",Current,Revised,Unavailable,Other,2023-12-27,2026-09-18,,,Estimated Recovery: TBD,,,800-818-4555
1541,45963-676-11,"Teva Pharmaceuticals USA, Inc.",To Be Discontinued,New,,,2026-08-31,2026-08-31,,2026-08-31,A business decision was made to discontinue manufacture of the drug.,,,800-545-8800
1542,0185-0842-01,Sandoz Inc.,Current,Reverified,Available,,2022-10-12,2026-09-18,,,,,,800-525-8747
1543,0009-0395-14,Pfizer Inc.,To Be Discontinued,New,,,2026-02-25,2026-02-25,,2026-02-25,Discontinuation of the manufacture of the drug,,,844-646-4398
1544,63323-464-37,"Fresenius Kabi USA, LLC",Current,Reverified,Available,,2018-02-20,2026-09-15,,,Check wholesalers for inventory,,,888-386-1300
1545,70010-117-01,Granules Pharmaceuticals Inc.,Current,Reverified,Unavailable,Shortage of an active ingredient,2022-10-12,2026-09-18,,,Estimated recovery: October 2026,,,877-770-3183
1546,13668-353-30,Torrent Pharmaceuticals Limited,To Be Discontinued,New,,,2026-03-25,2026-03-25,,2026-03-25,Discontinuation of the manufacture of the drug,,,908-280-3333
1547,0143-9785-10,"Hikma Pharmaceuticals USA, Inc.",Current,Reverified,Available,,2020-12-30,2026-09-18,,,Additional lots will be available.  Product will be made available as it is released.,,,800-631-2174
1548,0641-6056-10,"Hikma Pharmaceuticals USA, Inc.",Current,Reverified,Available,,2020-04-02,2026-09-18,,,Additional lots are scheduled to be manufactured. Product will be made available as it is released.,,,800-631-2174
1549,0409-2634-05,"Hospira, Inc., a Pfizer Company",Current,Reverified,Available,,2017-10-31,2026-09-22,,,,,,844-646-4398
1550,0338-3814-50,Baxter Healthcare,Current,Revised,Limited Availability,Demand increase for the drug,2023-03-21,2026-09-17,,,Estimated recovery: November 2026,,,888-229-0001
1551,0409-1749-10,"Hospira, Inc., a Pfizer Company",Current,Reverified,Available,,2018-02-20,2026-09-22,,,,,,844-646-4398
1552,68025-088-30,"Vertical Pharmaceuticals, LLC",Current,Reverified,Available,,2023-07-26,2026-09-16,,,,,,800-541-4802
1553,0143-9872-10,"Hikma Pharmaceuticals USA, Inc.",Current,Reverified,Unavailable,Shortage of an active ingredient,2023-10-31,2026-09-18,,,Estimated recovery: TBD,,,800-631-2174
1554,51759-523-21,"Teva Pharmaceuticals USA, Inc.",To Be Discontinued,New,,,2025-11-13,2025-11-13,,2025-11-13,Discontinuation of the manufacture of the drug,,,800-545-8800
1555,13668-354-90,Torrent Pharmaceuticals Limited,To Be Discontinued,New,,,2026-03-25,2026-03-25,,2026-03-25,Discontinuation of the manufacture of the drug,,,908-280-3333
1556,72336-032-01,Lifsa Drugs LLC,Current,Revised,Limited Availability,Other,2026-04-16,2026-08-06,,,Estimated recovery: TBD,,,833.627.0070
1557,67457-421-30,"Mylan Institutional, a Viatris Company",Current,Reverified,Available,,2019-02-08,2026-09-17,,,,,,800-796-9526
1558,0093-7353-01,"Teva Pharmaceuticals USA, Inc.",To Be Discontinued,New,,,2025-12-04,2025-12-04,,2025-12-04,A business decision was made to discontinue manufacture of the drug,,,800-545-8800
1559,0009-0274-01,Pfizer Inc.,Current,Reverified,Available,,2021-12-15,2026-09-21,,,,,,844-646-4398
1560,68180-558-09,"Lupin Pharmaceuticals, Inc.",Current,Reverified,Unavailable,Requirements related to complying with good manufacturing practices,2023-01-19,2026-09-01,,,Estimated recovery: TBD,,,866-587-4617
1561,0409-1159-02,"Hospira, Inc., a Pfizer Company",Current,Reverified,Available,,2018-02-20,2026-09-22,,,,,,844-646-4398
1562,0409-4910-34,"Hospira, Inc., a Pfizer Company",To Be Discontinued,New,,,2025-11-07,2025-11-07,,2025-11-07,Discontinuation of the manufacture of the drug,,,844-646-4398
1563,63323-161-01,"Fresenius Kabi USA, LLC",Current,Reverified,Available,,2018-03-23,2026-09-15,,,Check wholesalers for inventory,,,888-386-1300
1564,43598-975-58,Gland Pharma Limited,Current,Reverified,Available,,2020-04-10,2026-07-22,,,Distributed by DRL,,,Distributed by DRL
1565,21586-012-02,"SteriMax, Inc.",Current,Revised,Available,,2015-02-17,2026-06-15,,,,https://www.fda.gov/media/193116/download?attachment,,800-881-3550
1566,0641-6125-25,"Hikma Pharmaceuticals USA, Inc.",Current,Reverified,Available,,2017-11-03,2026-09-18,,,Additional lots are scheduled to be manufactured. Product will be made available as it is released.,,,800-631-2174
1567,15054-0025-1,"Ipsen Biopharmaceuticals, Inc.",To Be Discontinued,New,,,2026-08-31,2026-08-31,,2026-08-31,Discontinuation of the manufacture of the drug,,,(855)-463-5127
1568,31722-277-32,Aspiro Pharma Limited,Current,New,Available,,2018-02-20,2026-07-17,,,,,,"732-529-0430, customerservice@camberpharma.com"
1569,62037-720-05,"Teva Pharmaceuticals USA, Inc.",To Be Discontinued,New,,,2025-11-21,2025-11-21,,2025-11-21,Discontinuation of the manufacture of the drug,,,800-545-8800
1570,0555-0974-02,"Teva Pharmaceuticals USA, Inc.",Current,Reverified,Available,,2022-10-12,2026-09-15,,,,,,800-545-8800
1571,63323-824-76,"Fresenius Kabi USA, LLC",Current,Reverified,Available,,2022-03-01,2026-09-15,,,Check wholesalers for inventory,,,888-386-1300
1572,0009-0870-26,Pfizer Inc.,Current,Revised,Unavailable,Demand increase for the drug,2023-03-21,2026-09-21,,,Next Delivery and Estimated Recovery: December 2028,https://www.accessdata.fda.gov/scripts/drugshortages/dsp_ActiveIngredientDetails.cfm?AI=Clindamycin%20Phosphate%20Injection&st=d,,800-533-4535
1573,0574-7112-12,Padagis US LLC,To Be Discontinued,New,,,2026-07-23,2026-07-23,,2026-07-23,Discontinuation of the manufacture of the drug,,,(800) 775-2054
1574,68180-557-09,"Lupin Pharmaceuticals, Inc.",Current,Reverified,Unavailable,Requirements related to complying with good manufacturing practices,2023-01-19,2026-09-01,,,Estimated recovery: TBD,,,"Lupin Pharmaceuticals, Inc."
1575,0941-0430-51,Vantive US Healthcare LLC,To Be Discontinued,New,,,2026-08-03,2026-08-03,,2026-08-03,A business decision was made to discontinue manufacture of the drug.,,,800-284-4060
1576,0641-1496-35,"Hikma Pharmaceuticals USA, Inc.",Current,Revised,Available,,2023-11-21,2026-09-18,,,Additional lots are scheduled to be manufactured. Product will be made available as it is released.,,,800-631-2174
1577,0409-4282-01,"Hospira, Inc., a Pfizer Company",Current,Reverified,Available,,2012-02-22,2026-09-22,,,,,,844-646-4398
1578,0228-2551-06,"Teva Pharmaceuticals USA, Inc.",To Be Discontinued,New,,,2026-08-13,2026-08-13,,2026-08-13,A business decision was made to discontinue manufacture of the drug.,,,800-545-8800
1579,43547-407-11,"Prinston Pharmaceutical, Inc.",Current,Reverified,Available,,2023-03-10,2026-09-02,,,Marketed by Solco Healthcare,,,"For orders, Solco Healthcare 866-931-9829"
1580,49230-209-94,Fresenius Medical Care North America,To Be Discontinued,New,,,2026-03-10,2026-03-10,,2026-03-10,"The NDC codes are being discontinued, to be replaced with NDC labeler code #46163.",,,800-323-5188
1581,0781-3220-92,Sandoz Inc.,Current,Reverified,Available,,2023-02-15,2026-09-18,,,,,,800-525-8747
1582,54288-166-01,Gland Pharma Limited,Current,Revised,Limited Availability,Demand increase for the drug,2023-04-28,2026-09-15,,,"Recovery estimated in late Q4 2026; Distributed by BPI Labs, LLC",,,"Distributed by BPI Labs, LLC; Customer service number: (727) 471-0850 Ext 270"
1583,0143-9392-10,"Hikma Pharmaceuticals USA, Inc.",Current,Reverified,Unavailable,Demand increase for the drug,2022-06-28,2026-09-18,,,Estimated recovery: TBD,,,800-631-2174
1584,60505-4741-1,Apotex Corp.,Current,Reverified,Available,,2023-11-01,2026-09-16,,,,,,800-706-5575
1585,0409-2344-02,"Hospira, Inc., a Pfizer Company",Current,Reverified,Available,,2017-11-06,2026-09-22,,,,,,844-646-4398
1586,69784-200-96,Ailex Pharmaceuticals,Current,Reverified,Limited Availability,Other,2023-11-03,2026-08-31,,,"No longer manufactured, some supplies still available in supply chain. Distributed by Woodward Pharma Services LLC (248) 308-1120 Ext 2",,,Distributed by Omnivium Pharmaceuticals LLC (888) 807-9195 or customerservice@omniviumpharma.com
1587,0074-7098-04,AbbVie Inc.,To Be Discontinued,New,,,2026-03-24,2026-03-24,,2026-03-24,Discontinuation of the manufacture of the drug,,,800-633-9110
1588,0603-5168-32,"Endo Pharmaceuticals, Inc.",To Be Discontinued,New,,,2025-10-31,2025-10-31,,2025-10-31,Discontinuation of the manufacture of the drug,,,800-828-9393
1589,61703-150-05,"Hospira, Inc., a Pfizer Company",Current,Revised,Unavailable,Other,2023-04-28,2026-09-22,,,Next Delivery: January 2027; Estimated Recovery: March 2027; Shortage per Manufacturer: Manufacturing Delay,,,844-646-4398
1590,16729-484-90,Accord Healthcare Inc.,Current,Reverified,Unavailable,Discontinuation of the manufacture of the drug,2020-01-01,2026-09-15,,,Discontinuation of the manufacture of the drug,,,"866-941-7875, option 2"
1591,57664-049-88,"Sun Pharmaceutical Industries, Inc.",Current,Revised,Limited Availability,Other,2023-07-14,2026-09-18,,,Estimated Recovery: TBD,,,800-818-4555
1592,61958-0602-1,"Gilead Sciences, Inc.",To Be Discontinued,New,,,2026-06-17,2026-06-17,,2026-06-17,Product expected to be available until March 2027,,,800-445-3235
1593,16729-710-45,Accord Healthcare Inc.,To Be Discontinued,New,,,2026-05-27,2026-05-27,,2026-05-27,Accord is transitioning to the 5-pack configuration (NDC 16729-710-53).,,,866-941-7875
1594,65862-620-90,Aurobindo Pharma USA,Current,Reverified,Unavailable,Discontinuation of the manufacture of the drug,2023-01-19,2026-06-02,,,Discontinuation of the manufacture of the drug,,,866-850-2876
1595,0781-3220-95,Sandoz Inc.,Current,Reverified,Available,,2023-02-15,2026-09-18,,,,,,800-525-8747
1596,0338-0644-03,Baxter Healthcare,Current,Reverified,Unavailable,Shortage of an inactive ingredient component,2020-12-08,2026-09-17,,,Estimated recovery: December 2026,,,888-229-0001
1597,71288-700-06,"Meitheal Pharmaceuticals, Inc.",Current,Reverified,Available,,2023-02-15,2026-08-27,,,,,,844-824-8426
1598,0480-3567-01,"Teva Pharmaceuticals USA, Inc.",Current,Reverified,Available,,2023-07-14,2026-09-15,,,,,,800-545-8800
1599,65219-445-10,"Caplin Steriles, Ltd.",Current,Revised,Available,,2022-10-05,2026-06-16,,,Check wholesalers for inventory; Marketed by Fresenius Kabi,,,800-551-7176
1600,52536-125-10,"Azurity Pharmaceuticals, Inc",Current,Reverified,Available,,2020-04-10,2026-09-16,,,"Distributed by Wilshire Pharmaceuticals, Inc.",,,877-495-6856
1601,63323-351-20,"Fresenius Kabi USA, LLC",Current,Reverified,Limited Availability,Other,2021-02-17,2026-09-15,,,Check wholesalers for inventory,,,888-386-1300
