package_ndc,generic_name,presentation,dosage_form,openfda_brand_name,openfda_product_type,openfda_route,openfda_substance_name
0009-0225-02,Clindamycin Hydrochloride Capsule,"Cleocin Hydrochloride, Capsule, 150 mg (NDC 0009-0225-02)",Capsule,,,,
0409-2253-01,Bupivacaine Hydrochloride Injection,"Marcaine, Injection, Marcaine 225 mg/30 mL (7.5 mg/mL) (NDC 0409-2253-01)",Injection,['MARCAINE'],['HUMAN PRESCRIPTION DRUG'],"['EPIDURAL', 'RETROBULBAR']",['BUPIVACAINE HYDROCHLORIDE']
0781-3317-80,Oxaliplatin Injection,"Oxaliplatin, Injection, 5 mg/1 mL (NDC 0781-3317-80)",Injection,['OXALIPLATIN'],['HUMAN PRESCRIPTION DRUG'],['INTRAVENOUS'],['OXALIPLATIN']
0378-6857-77,Lisdexamfetamine Dimesylate Capsule,"Lisdexamfetamine Dimesylate, Capsule, 40 mg (NDC 0378-6857-77)",Capsule,['LISDEXAMFETAMINE DIMESYLATE'],['HUMAN PRESCRIPTION DRUG'],['ORAL'],['LISDEXAMFETAMINE DIMESYLATE']
72572-128-08,Dexmedetomidine Hydrochloride Injection,"Dexmedetomidine Hydrochloride, Injection, 400 mcg/100 mL (4 ug/1 mL) (NDC 72572-128-08)",Injection,['DEXMEDETOMIDINE HYDROCHLORIDE'],['HUMAN PRESCRIPTION DRUG'],['INTRAVENOUS'],['DEXMEDETOMIDINE HYDROCHLORIDE']
61269-605-10,Clonazepam Tablet,"Klonopin, Tablet, .5 mg (NDC 61269-605-10)",Tablet,['KLONOPIN'],['HUMAN PRESCRIPTION DRUG'],['ORAL'],['CLONAZEPAM']
0009-3073-01,Methylprednisolone Acetate Injection,"Depo-medrol, Injection, 40 mg/1 mL (NDC 0009-3073-01)",Injection,['DEPO-MEDROL'],['HUMAN PRESCRIPTION DRUG'],"['INTRALESIONAL', 'INTRAMUSCULAR', 'INTRASYNOVIAL', 'SOFT TISSUE', 'INTRA-ARTICULAR']",['METHYLPREDNISOLONE ACETATE']
70069-753-10,Bupivacaine Hydrochloride Injection,"Bupivacaine Hydrochloride, Injection, 5 mg/1 mL (NDC 70069-753-10)",Injection,['BUPIVACAINE HYDROCHLORIDE'],['HUMAN PRESCRIPTION DRUG'],"['INFILTRATION', 'PERINEURAL']",['BUPIVACAINE HYDROCHLORIDE']
0781-3519-90,Pemetrexed Disodium Injection,"Pemetrexed Disodium, Injection, 500 mg/20 mL (NDC 0781-3519-90)",Injection,['PEMETREXED'],['HUMAN PRESCRIPTION DRUG'],['INTRAVENOUS'],['PEMETREXED DISODIUM']
65162-024-09,Lisdexamfetamine Dimesylate Capsule,"Lisdexamfetamine Dimesylate, Capsule, 30 mg (NDC 65162-024-09)",Capsule,['LISDEXAMFETAMINE DIMESYLATE'],['HUMAN PRESCRIPTION DRUG'],['ORAL'],['LISDEXAMFETAMINE DIMESYLATE']
0338-0017-31,Dextrose Monohydrate 5% Injection,"Dextrose 5% In Plastic Container, Injection, 50 g/1000 mL (NDC 0338-0017-31)",Injection,['DEXTROSE'],['HUMAN PRESCRIPTION DRUG'],['INTRAVENOUS'],['DEXTROSE MONOHYDRATE']
0069-2299-30,Dacomitinib Tablet,"Vizimpro, Tablet, 45 mg (NDC 0069-2299-30)",Tablet,['VIZIMPRO'],['HUMAN PRESCRIPTION DRUG'],['ORAL'],['DACOMITINIB']
59651-722-01,Clonazepam Tablet,"Clonazepam, Tablet, .5 mg (NDC 59651-722-01)",Tablet,['CLONAZEPAM'],['HUMAN PRESCRIPTION DRUG'],['ORAL'],['CLONAZEPAM']
67457-893-08,Busulfan Injection,"Busulfan, Injection, 6 mg/1 mL (NDC 67457-893-08)",Injection,,,,
0641-0929-25,Promethazine Hydrochloride Injection,"Promethazine Hydrochloride, Injection, 50 mg/1 mL (NDC 0641-0929-25)",Injection,['PROMETHAZINE HYDROCHLORIDE'],['HUMAN PRESCRIPTION DRUG'],['INTRAMUSCULAR'],['PROMETHAZINE HYDROCHLORIDE']
59417-103-10,Lisdexamfetamine Dimesylate Capsule,"Vyvanse, Capsule, 30 mg (NDC 59417-103-10)",Capsule,['VYVANSE'],['HUMAN PRESCRIPTION DRUG'],['ORAL'],['LISDEXAMFETAMINE DIMESYLATE']
0409-0042-12,Dopamine Hydrochloride Injection,"Dopamine Hydrochloride In Dextrose 5% In Plastic Container, Injection, 400 mg/250 mL (1.6 mg/1 mL) (NDC 0409-0042-12)",Injection,['DOPAMINE HYDROCHLORIDE IN DEXTROSE'],['HUMAN PRESCRIPTION DRUG'],['INTRAVENOUS'],['DOPAMINE HYDROCHLORIDE']
76045-0210-10,Dexamethasone Sodium Phosphate Injection,"Dexamethasone Sodium Phosphate, Injection, 4 mg/1 mL (NDC 76045-0210-10)",Injection,,,,
61958-1401-1,Cobicistat Tablet,"Tybost, Tablet, 150 mg (NDC 61958-1401-1)",Tablet,['TYBOST'],['HUMAN PRESCRIPTION DRUG'],['ORAL'],['COBICISTAT']
0941-0413-07,"Calcium Chloride; Dextrose; Magnesium Chloride; Sodium Chloride; Sodium Lactate Intraperitoneal Injection, Solution","DIANEAL PD-2 with Dextrose, Intraperitoneal Injection, Solution, 25.7 mg/100 mL; 2.5 g/100 mL; 5.08 mg/100 mL; 538 mg/100 mL; 448 mg/100 mL (NDC 0941-0413-07)",Solution,['DIANEAL PD-2 WITH DEXTROSE'],['HUMAN PRESCRIPTION DRUG'],['INTRAPERITONEAL'],"['DEXTROSE MONOHYDRATE', 'SODIUM CHLORIDE', 'SODIUM LACTATE', 'CALCIUM CHLORIDE', 'MAGNESIUM CHLORIDE']"
0071-0530-23,Quinapril Hydrochloride Tablet,"Accupril, Tablet, 10 mg (NDC 0071-0530-23)",Tablet,,,,
76329-8261-1,Lorazepam Injection,"Lorazepam, Injection, 2 mg/1 mL (NDC 76329-8261-1)",Injection,['LORAZEPAM'],['HUMAN PRESCRIPTION DRUG'],"['INTRAMUSCULAR', 'INTRAVENOUS']",['LORAZEPAM']
63323-487-37,"Epinephrine Bitartrate, Lidocaine Hydrochloride Injection","Xylocaine, Injection, .005 mg/1 mL; 10 mg/1 mL (NDC 63323-487-37)",Injection,['XYLOCAINE MPF'],['HUMAN PRESCRIPTION DRUG'],"['EPIDURAL', 'INFILTRATION', 'INTRACAUDAL', 'PERINEURAL']","['LIDOCAINE HYDROCHLORIDE ANHYDROUS', 'EPINEPHRINE BITARTRATE']"
44567-603-24,Dexmedetomidine Hydrochloride Injection,"Dexmedetomidine Hydrochloride, Injection, 4 ug/1 mL (NDC 44567-603-24)",Injection,['DEXMEDETOMIDINE IN DEXTROSE'],['HUMAN PRESCRIPTION DRUG'],['INTRAVENOUS'],['DEXMEDETOMIDINE HYDROCHLORIDE']
25021-652-82,Ropivacaine Hydrochloride Injection,"Ropivacaine Hydrochloride, Injection, 5 mg/1 mL (NDC 25021-652-82)",Injection,['ROPIVACAINE HYDROCHLORIDE'],['HUMAN PRESCRIPTION DRUG'],"['EPIDURAL', 'INFILTRATION']",['ROPIVACAINE HYDROCHLORIDE']
72572-076-24,Clindamycin Phosphate Injection,"Clindamycin Phosphate In 5% Dextrose In Plastic Container, Injection, 18 mg/1 mL (NDC 72572-076-24)",Injection,['CLINDAMYCIN IN 5 PERCENT DEXTROSE'],['HUMAN PRESCRIPTION DRUG'],['INTRAVENOUS'],['CLINDAMYCIN']
63323-426-05,Rocuronium Bromide Injection,"Rocuronium Bromide, Injection, 10 mg/1 mL (NDC 63323-426-05)",Injection,['ROCURONIUM'],['HUMAN PRESCRIPTION DRUG'],['INTRAVENOUS'],['ROCURONIUM BROMIDE']
13811-707-10,"Methylphenidate Hydrochloride Tablet, Extended Release","Methylphenidate Hydrochloride, Tablet, Extended Release, 27 mg (NDC 13811-707-10)",Tablet,['METHYLPHENIDATE HYDROCHLORIDE'],['HUMAN PRESCRIPTION DRUG'],['ORAL'],['METHYLPHENIDATE HYDROCHLORIDE']
0527-0760-37,"Amphetamine Aspartate Monohydrate, Amphetamine Sulfate, Dextroamphetamine Saccharate, Dextroamphetamine Sulfate Tablet","Amphetamine Aspartate Monohydrate, Amphetamine Sulfate, Dextroamphetamine Saccharate, Dextroamphetamine Sulfate, Tablet, 1.25 mg; 1.25 mg; 1.25 mg; 1.25 mg (NDC 0527-0760-37)",Tablet,"['DEXTROAMPHETAMINE SACCHARATE, AMPHETAMINE ASPARTATE, DEXTROAMPHETAMINE SULFATE AND AMPHETAMINE SULFATE']",['HUMAN PRESCRIPTION DRUG'],['ORAL'],"['DEXTROAMPHETAMINE SACCHARATE', 'AMPHETAMINE ASPARTATE MONOHYDRATE', 'DEXTROAMPHETAMINE SULFATE', 'AMPHETAMINE SULFATE']"
0409-7838-24,Dexmedetomidine Hydrochloride Injection,"Precedex, Injection, 200 mcg/50 mL (NDC 0409-7838-24)",Injection,['PRECEDEX'],['HUMAN PRESCRIPTION DRUG'],['INTRAVENOUS'],['DEXMEDETOMIDINE HYDROCHLORIDE']
55150-196-99,Ropivacaine Hydrochloride Injection,"Ropivacaine Hydrochloride, Injection, 2 mg/1 mL (NDC 55150-196-99)",Injection,['ROPIVACAINE HYDROCHLORIDE'],['HUMAN PRESCRIPTION DRUG'],"['EPIDURAL', 'INFILTRATION', 'PERINEURAL']",['ROPIVACAINE HYDROCHLORIDE']
0574-0601-15,Podophyllum Resin Topical Tincture,"Podocon 25, Topical Tincture, 1 mg/4 mL (NDC 0574-0601-15)",,['PODOCON 25'],['HUMAN PRESCRIPTION DRUG'],['TOPICAL'],['PODOPHYLLUM RESIN']
72888-154-01,Clonazepam Tablet,"Clonazepam, Tablet, 2 mg (NDC 72888-154-01)",Tablet,['CLONAZEPAM'],['HUMAN PRESCRIPTION DRUG'],['ORAL'],['CLONAZEPAM']
65219-632-20,Ropivacaine Hydrochloride Injection,"Naropin, Injection, 2 mg/1 mL (NDC 65219-632-20)",Injection,['ROPIVACAINE HYDROCHLORIDE'],['HUMAN PRESCRIPTION DRUG'],"['EPIDURAL', 'INFILTRATION', 'PERINEURAL']",['ROPIVACAINE HYDROCHLORIDE']
68025-095-30,"Methylphenidate Hydrochloride Tablet, Extended Release","Relexxii, Tablet, Extended Release, 18 mg (NDC 68025-095-30)",Tablet,['RELEXXII'],['HUMAN PRESCRIPTION DRUG'],['ORAL'],['METHYLPHENIDATE HYDROCHLORIDE']
0093-7767-24,Everolimus Tablet,"Everolimus, Tablet, 5 mg (NDC 0093-7767-24)",Tablet,['EVEROLIMUS'],['HUMAN PRESCRIPTION DRUG'],['ORAL'],['EVEROLIMUS']
0143-9532-25,Dexmedetomidine Hydrochloride Injection,"Dexmedetomidine Hydrochloride, Injection, 100 ug/1 mL (NDC 0143-9532-25)",Injection,,,,
63323-285-65,Ropivacaine Hydrochloride Injection,"Naropin, Injection, 2 mg/1 mL (NDC 63323-285-65)",Injection,['NAROPIN'],['HUMAN PRESCRIPTION DRUG'],"['EPIDURAL', 'INFILTRATION']",['ROPIVACAINE HYDROCHLORIDE']
43066-027-10,Ropivacaine Hydrochloride Injection,"Ropivacaine Hydrochloride, Injection, 10 mg/1 mL (NDC 43066-027-10)",Injection,['ROPIVACAINE HYDROCHLORIDE'],['HUMAN PRESCRIPTION DRUG'],"['EPIDURAL', 'INFILTRATION', 'PERINEURAL']",['ROPIVACAINE HYDROCHLORIDE']
0093-0832-05,Clonazepam Tablet,"Clonazepam, Tablet, .5 mg (NDC 0093-0832-05)",Tablet,['CLONAZEPAM'],['HUMAN PRESCRIPTION DRUG'],['ORAL'],['CLONAZEPAM']
61314-454-36,Adalimumab-adaz Injection,"Hyrimoz, Injection, 80 mg/.8 mL (NDC 61314-454-36)",Injection,['HYRIMOZ'],['HUMAN PRESCRIPTION DRUG'],['SUBCUTANEOUS'],['ADALIMUMAB']
45963-709-11,"Metoprolol Succinate Tablet, Extended Release","Metoprolol Succinate, Tablet, Extended Release, 25 mg (NDC 45963-709-11)",Tablet,['METOPROLOL SUCCINATE'],['HUMAN PRESCRIPTION DRUG'],['ORAL'],['METOPROLOL SUCCINATE']
0574-0520-76,Activated Charcoal Oral Suspension,"Actidose, Oral Suspension, 208 mg/1 mL (NDC 0574-0520-76)",Oral Suspension,['ACTIDOSE'],['HUMAN OTC DRUG'],['ORAL'],['ACTIVATED CHARCOAL']
47781-176-01,"Amphetamine Aspartate Monohydrate, Amphetamine Sulfate, Dextroamphetamine Saccharate, Dextroamphetamine Sulfate Tablet","Amphetamine Aspartate Monohydrate, Amphetamine Sulfate, Dextroamphetamine Saccharate, Dextroamphetamine Sulfate, Tablet, 10mg (NDC 47781-176-01)",Tablet,,,,
63323-185-10,Sterile Water Injection,"Sterile Water For Injection In Plastic Container, Injection, 1 mL/1 mL (NDC 63323-185-10)",Injection,['STERILE WATER'],['HUMAN PRESCRIPTION DRUG'],"['INTRAMUSCULAR', 'INTRAVENOUS', 'SUBCUTANEOUS']",['WATER']
0143-9606-01,Azacitidine Injection,"Azacitidine, Injection, 100 mg/ Vial (NDC 0143-9606-01)",Injection,['AZACITIDINE'],['HUMAN PRESCRIPTION DRUG'],"['INTRAVENOUS', 'SUBCUTANEOUS']",['AZACITIDINE']
63323-165-30,Dexamethasone Sodium Phosphate Injection,"Dexamethasone Sodium Phosphate, Injection, 4 mg/1 mL (NDC 63323-165-30)",Injection,['DEXAMETHASONE SODIUM PHOSPHATE'],['HUMAN PRESCRIPTION DRUG'],"['INTRAMUSCULAR', 'INTRAVENOUS']",['DEXAMETHASONE SODIUM PHOSPHATE']
71357-002-10,Sodium Acetate Injection,"Sodium Acetate, Injection, 40 mEq/20mL (2 mEq/mL) (NDC 71357-002-10)",Injection,['SODIUM ACETATE'],['HUMAN PRESCRIPTION DRUG'],['INTRAVENOUS'],['SODIUM ACETATE']
0409-2305-17,Midazolam Hydrochloride Injection,"Midazolam Hydrochloride Preservative Free, Injection, 2 mg/2mL (1 mg/mL) (NDC 0409-2305-17)",Injection,['MIDAZOLAM'],['HUMAN PRESCRIPTION DRUG'],"['INTRAMUSCULAR', 'INTRAVENOUS']",['MIDAZOLAM HYDROCHLORIDE']
65219-084-15,Gadoterate Meglumine Injection,"Gadoterate Meglumine, Injection, 376.9 mg/1 mL (NDC 65219-084-15)",Injection,['GADOTERATE MEGLUMINE'],['HUMAN PRESCRIPTION DRUG'],['INTRAVENOUS'],['GADOTERATE MEGLUMINE']
0409-7517-16,Dextrose Monohydrate 50% Injection,"Dextrose Monohydrate 50%, Injection, 25 g/50 mL (NDC 0409-7517-16)",Injection,['DEXTROSE'],['HUMAN PRESCRIPTION DRUG'],['INTRAVENOUS'],['DEXTROSE MONOHYDRATE']
0264-2101-10,Sterile Water Irrigant,"Sterile Water In Plastic Container, Irrigant, 1 mL/1 mL (NDC 0264-2101-10)",Irrigant,,,,
64764-805-30,Ramelteon Tablet,"Rozerem, Tablet, 8 mg (NDC 64764-805-30)",Tablet,['ROZEREM'],['HUMAN PRESCRIPTION DRUG'],['ORAL'],['RAMELTEON']
72572-127-10,Dexmedetomidine Hydrochloride Injection,"Dexmedetomidine Hydrochloride, Injection, 200 mcg/50 mL (4 ug/1 mL) (NDC 72572-127-10)",Injection,['DEXMEDETOMIDINE HYDROCHLORIDE'],['HUMAN PRESCRIPTION DRUG'],['INTRAVENOUS'],['DEXMEDETOMIDINE HYDROCHLORIDE']
51754-5012-4,Sodium Bicarbonate Injection,"Sodium Bicarbonate, Injection, 42 mg/1 mL (NDC 51754-5012-4)",Injection,['SODIUM BICARBONATE'],['HUMAN PRESCRIPTION DRUG'],['INTRAVENOUS'],['SODIUM BICARBONATE']
0641-6039-01,Morphine Sulfate Injection,"Infumorph 200 (Preservative-Free Morphine Sulfate Sterile Solution), Injection, 10 mg/1 mL (NDC 0641-6039-01)",Injection,['INFUMORPH 200'],['HUMAN PRESCRIPTION DRUG'],"['EPIDURAL', 'INTRATHECAL']",['MORPHINE SULFATE']
0409-1312-30,Hydromorphone Hydrochloride Injection,"Hydromorphone Hydrochloride, Injection, 2 mg/1 mL Syringes (NDC 0409-1312-30)",Injection,['HYDROMORPHONE HYDROCHLORIDE'],['HUMAN PRESCRIPTION DRUG'],"['INTRAMUSCULAR', 'INTRAVENOUS', 'SUBCUTANEOUS']",['HYDROMORPHONE HYDROCHLORIDE']
0409-4350-03,Diltiazem Hydrochloride Injection,"Diltiazem Hydrochloride, Injection, 100 mg Single Dose ADD-Vantage® Glass Vial (NDC 0409-4350-03)",Injection,['DILTIAZEM HYDROCHLORIDE'],['HUMAN PRESCRIPTION DRUG'],['INTRAVENOUS'],['DILTIAZEM HYDROCHLORIDE']
25021-321-04,Bumetanide Injection,"Bumetanide, Injection, .25 mg/1 mL (NDC 25021-321-04)",Injection,['BUMETANIDE'],['HUMAN PRESCRIPTION DRUG'],"['INTRAMUSCULAR', 'INTRAVENOUS']",['BUMETANIDE']
63323-771-39,Azacitidine Injection,"Azacitidine, Injection, 100 mg/30 mL (NDC 63323-771-39)",Injection,['AZACITIDINE'],['HUMAN PRESCRIPTION DRUG'],"['INTRAVENOUS', 'SUBCUTANEOUS']",['AZACITIDINE']
0338-0017-11,Dextrose Monohydrate 5% Injection,"Dextrose 5% In Plastic Container, Injection, 50 g/1000 mL (NDC 0338-0017-11)",Injection,['DEXTROSE'],['HUMAN PRESCRIPTION DRUG'],['INTRAVENOUS'],['DEXTROSE MONOHYDRATE']
72607-100-00,Tazemetostat Hydrobromide Tablet,"Tazverik, Tablet, 200 mg (NDC 72607-100-00)",Tablet,['TAZVERIK'],['HUMAN PRESCRIPTION DRUG'],['ORAL'],['TAZEMETOSTAT HYDROBROMIDE']
0781-2859-31,Omeprazole Delayed Release Capsule,"Omeprazole, Delayed Release Capsule, 10 mg (NDC 0781-2859-31)",,['OMEPRAZOLE'],['HUMAN PRESCRIPTION DRUG'],['ORAL'],['OMEPRAZOLE']
0006-3516-59,Imipenem and Cilastatin Injection,"Primaxin, Injection, 500mg (NDC 0006-3516-59)",Injection,['PRIMAXIN IV'],['HUMAN PRESCRIPTION DRUG'],['INTRAVENOUS'],"['IMIPENEM', 'CILASTATIN SODIUM']"
55150-222-20,Etomidate Injection,"Etomidate, Injection, 40 mg/20 mL (NDC 55150-222-20)",Injection,['ETOMIDATE'],['HUMAN PRESCRIPTION DRUG'],['INTRAVENOUS'],['ETOMIDATE']
63323-464-31,Bupivacaine Hydrochloride Injection,"Sensorcaine, Injection, 2.5 mg/1 mL (NDC 63323-464-31)",Injection,['SENSORCAINE MPF'],['HUMAN PRESCRIPTION DRUG'],"['EPIDURAL', 'INFILTRATION', 'INTRACAUDAL', 'PERINEURAL']",['BUPIVACAINE HYDROCHLORIDE']
63323-083-05,Sodium Bicarbonate Injection,"Sodium Bicarbonate, Injection, 42 mg/1 mL (NDC 63323-083-05)",Injection,['SODIUM BICARBONATE'],['HUMAN PRESCRIPTION DRUG'],['INTRAVENOUS'],['SODIUM BICARBONATE']
69238-1248-3,"Donepezil Hydrochloride; Memantine Hydrochloride Capsule, Extended Release","Donepezil Hydrochloride; Memantine Hydrochloride, Capsule, Extended Release, 10 mg; 14 mg (NDC 69238-1248-3)","Capsule, Extended Release",['MEMANTINE AND DONEPEZIL HYDROCHLORIDES EXTENDED-RELEASE'],['HUMAN PRESCRIPTION DRUG'],['ORAL'],"['MEMANTINE HYDROCHLORIDE', 'DONEPEZIL HYDROCHLORIDE']"
55150-250-50,Bupivacaine Hydrochloride Injection,"Bupivacaine Hydrochloride, Injection, 5 mg/1 mL (NDC 55150-250-50)",Injection,['BUPIVACAINE HYDROCHLORIDE'],['HUMAN PRESCRIPTION DRUG'],['PERINEURAL'],['BUPIVACAINE HYDROCHLORIDE']
39822-3050-2,Pentamidine Isethionate Injection,"Pentamidine Isethionate, Injection, 300 mg/3 mL (NDC 39822-3050-2)",Injection,['PENTAMIDINE ISETHIONATE'],['HUMAN PRESCRIPTION DRUG'],"['INTRAMUSCULAR', 'INTRAVENOUS']",['PENTAMIDINE ISETHIONATE']
49884-605-11,"Lamotrigine Tablet, Extended Release","Lamotrigine, Tablet, Extended Release, 300 mg (NDC 49884-605-11)",Tablet,['LAMOTRIGINE EXTENDED RELEASE'],['HUMAN PRESCRIPTION DRUG'],['ORAL'],['LAMOTRIGINE']
72572-161-10,Etomidate Injection,"Etomidate, Injection, 2 mg/1 mL (NDC 72572-161-10)",Injection,['ETOMIDATE'],['HUMAN PRESCRIPTION DRUG'],['INTRAVENOUS'],['ETOMIDATE']
0409-1749-29,"Bupivacaine Hydrochloride, Epinephrine Bitartrate Injection","Marcaine With Epinephrine, Injection, Marcaine with Epinephrine 1:200,000 as the bitartrate 150 mg/30 mL (5 mg/mL 1:200,000) (NDC 0409-1749-29)",Injection,['MARCAINE WITH EPINEPHRINE'],['HUMAN PRESCRIPTION DRUG'],"['EPIDURAL', 'INTRACAUDAL', 'PERINEURAL']","['BUPIVACAINE HYDROCHLORIDE', 'EPINEPHRINE BITARTRATE']"
42806-799-60,Rifampin Capsule,"Rifampin, Capsule, 300 mg (NDC 42806-799-60)",Capsule,['RIFAMPIN'],['HUMAN PRESCRIPTION DRUG'],['ORAL'],['RIFAMPIN']
63323-483-57,"Epinephrine Bitartrate, Lidocaine Hydrochloride Injection","Xylocaine, Injection, .01 mg/1 mL; 20 mg/1 mL (NDC 63323-483-57)",Injection,['XYLOCAINE'],['HUMAN PRESCRIPTION DRUG'],"['INFILTRATION', 'PERINEURAL']","['LIDOCAINE HYDROCHLORIDE ANHYDROUS', 'EPINEPHRINE BITARTRATE']"
71288-723-52,Bupivacaine Hydrochloride Injection,"Bupivacaine Hydrochloride, Injection, 2.5 mg/1 mL (NDC 71288-723-52)",Injection,['BUPIVACAINE HYDROCHLORIDE'],['HUMAN PRESCRIPTION DRUG'],"['INFILTRATION', 'PERINEURAL']",['BUPIVACAINE HYDROCHLORIDE']
63323-604-01,Propranolol Hydrochloride Injection,"Propranolol Hydrochloride, Injection, 1 mg/1 mL (NDC 63323-604-01)",Injection,['PROPRANOLOL'],['HUMAN PRESCRIPTION DRUG'],['INTRAVENOUS'],['PROPRANOLOL HYDROCHLORIDE']
83634-651-50,Lidocaine Hydrochloride Injection,"Lidocaine Hydrochloride, Injection, 500 mg/50 mL (NDC 83634-651-50)",Injection,['LIDOCAINE HYDROCHLORIDE'],['HUMAN PRESCRIPTION DRUG'],"['INFILTRATION', 'PERINEURAL']",['LIDOCAINE HYDROCHLORIDE']
63323-280-04,Furosemide Injection,"Furosemide, Injection, 10 mg/1 mL (NDC 63323-280-04)",Injection,['FUROSEMIDE'],['HUMAN PRESCRIPTION DRUG'],"['INTRAMUSCULAR', 'INTRAVENOUS']",['FUROSEMIDE']
0409-4928-34,Calcium Chloride Injection,"Calcium Chloride, Injection, 100 mg/1 mL (NDC 0409-4928-34)",Injection,,,,
76329-3352-1,Sodium Bicarbonate Injection,"Sodium Bicarbonate, Injection, 84 mg/1 mL (NDC 76329-3352-1)",Injection,['SODIUM BICARBONATE'],['HUMAN PRESCRIPTION DRUG'],['INTRAVENOUS'],['SODIUM BICARBONATE']
0409-9094-22,Fentanyl Citrate Injection,"Fentanyl Citrate, Injection, 100 mcg/2 mL (50 ug/1 mL) (NDC 0409-9094-22)",Injection,['FENTANYL CITRATE'],['HUMAN PRESCRIPTION DRUG'],"['INTRAMUSCULAR', 'INTRAVENOUS']",['FENTANYL CITRATE']
31722-275-32,Bupivacaine Hydrochloride Injection,"Bupivacaine Hydrochloride, Injection, 2.5 mg/1 mL (NDC 31722-275-32)",Injection,['BUPIVACAINE HYDROCHLORIDE'],['HUMAN PRESCRIPTION DRUG'],"['EPIDURAL', 'INFILTRATION', 'INTRACAUDAL', 'PERINEURAL']",['BUPIVACAINE HYDROCHLORIDE']
67457-228-05,Rocuronium Bromide Injection,"Rocuronium Bromide, Injection, 10 mg/1 mL (NDC 67457-228-05)",Injection,['ROCURONIUM BROMIDE'],['HUMAN PRESCRIPTION DRUG'],['INTRAVENOUS'],['ROCURONIUM BROMIDE']
55150-252-20,Lidocaine Hydrochloride Injection,"Lidocaine Hydrochloride, Injection, 10 mg/mL (NDC 55150-252-20)",Injection,['LIDOCAINE HYDROCHLORIDE'],['HUMAN PRESCRIPTION DRUG'],"['INFILTRATION', 'PERINEURAL']",['LIDOCAINE HYDROCHLORIDE']
0409-6102-25,Furosemide Injection,"Furosemide, Injection, 20 mg/2 mL (10 mg/1 mL) (NDC 0409-6102-25)",Injection,['FUROSEMIDE'],['HUMAN PRESCRIPTION DRUG'],"['INTRAMUSCULAR', 'INTRAVENOUS']",['FUROSEMIDE']
21586-011-02,"Cefotaxime Sodium Powder, for Solution","Cefotaxime Sodium, Powder, for Solution, 1 g (NDC 21586-011-02)","Powder, For Solution",['CEFOTAXIME'],['HUMAN PRESCRIPTION DRUG'],"['INTRAMUSCULAR', 'INTRAVENOUS']",['CEFOTAXIME SODIUM']
0641-6147-10,Sterile Water Injection,"Sterile Water, Injection, 1 mL/1 mL (NDC 0641-6147-10)",Injection,['STERILE WATER'],['HUMAN PRESCRIPTION DRUG'],"['INTRAMUSCULAR', 'INTRAVENOUS', 'SUBCUTANEOUS']",['WATER']
63323-806-01,Fentanyl Citrate Injection,"Fentanyl Citrate Preservative Free, Injection, .05 mg/1 mL (NDC 63323-806-01)",Injection,['FENTANYL CITRATE'],['HUMAN PRESCRIPTION DRUG'],"['INTRAMUSCULAR', 'INTRAVENOUS']",['FENTANYL CITRATE']
0941-0415-07,"Calcium Chloride; Dextrose; Magnesium Chloride; Sodium Chloride; Sodium Lactate Intraperitoneal Injection, Solution","DIANEAL PD-2 with Dextrose, Intraperitoneal Injection, Solution, 25.7 mg/100 mL; 4.25 g/100 mL; 5.08 mg/100 mL; 538 mg/100 mL; 448 mg/100 mL (NDC 0941-0415-07)",Solution,['DIANEAL PD-2 WITH DEXTROSE'],['HUMAN PRESCRIPTION DRUG'],['INTRAPERITONEAL'],"['DEXTROSE MONOHYDRATE', 'SODIUM CHLORIDE', 'SODIUM LACTATE', 'CALCIUM CHLORIDE', 'MAGNESIUM CHLORIDE']"
59572-102-01,Azacitidine Injection,"Vidaza, Injection, 100 mg (NDC 59572-102-01)",Injection,['VIDAZA'],['HUMAN PRESCRIPTION DRUG'],"['INTRAVENOUS', 'SUBCUTANEOUS']",['AZACITIDINE']
63323-484-57,Lidocaine Hydrochloride Injection,"Xylocaine, Injection, 5 mg/1 mL (NDC 63323-484-57)",Injection,['XYLOCAINE'],['HUMAN PRESCRIPTION DRUG'],"['INFILTRATION', 'PERINEURAL']",['LIDOCAINE HYDROCHLORIDE ANHYDROUS']
0409-1312-36,Hydromorphone Hydrochloride Injection,"Hydromorphone Hydrochloride, Injection, 2 mg/1 mL (NDC 0409-1312-36)",Injection,['HYDROMORPHONE HYDROCHLORIDE'],['HUMAN PRESCRIPTION DRUG'],"['INTRAMUSCULAR', 'INTRAVENOUS', 'SUBCUTANEOUS']",['HYDROMORPHONE HYDROCHLORIDE']
0009-0775-26,Clindamycin Phosphate Injection,"Cleocin Phosphate, Injection, Cleocin Phosphate 600 mg/4 mL (150 mg/mL) (NDC 0009-0775-26)",Injection,['CLEOCIN PHOSPHATE'],['HUMAN PRESCRIPTION DRUG'],"['INTRAMUSCULAR', 'INTRAVENOUS']",['CLINDAMYCIN PHOSPHATE']
70726-0304-1,Riluzole Oral Suspension,"Teglutik, Oral Suspension, 5 mg/1 mL (NDC 70726-0304-1)",Oral Suspension,['TEGLUTIK'],['HUMAN PRESCRIPTION DRUG'],['ORAL'],['RILUZOLE']
16729-502-43,Furosemide Injection,"Furosemide, Injection, 10 mg/1 mL (NDC 16729-502-43)",Injection,['FUROSEMIDE'],['HUMAN PRESCRIPTION DRUG'],"['INTRAMUSCULAR', 'INTRAVENOUS']",['FUROSEMIDE']
61703-360-18,Carboplatin Injection,"Carboplatin, Injection, 50 mg/5 mL (10 mg/mL) (NDC 61703-360-18)",Injection,['CARBOPLATIN'],['HUMAN PRESCRIPTION DRUG'],['INTRAVENOUS'],['CARBOPLATIN']
43066-023-10,Ropivacaine Hydrochloride Injection,"Ropivacaine Hydrochloride, Injection, 5 mg/1 mL (NDC 43066-023-10)",Injection,['ROPIVACAINE HYDROCHLORIDE'],['HUMAN PRESCRIPTION DRUG'],"['EPIDURAL', 'INFILTRATION', 'PERINEURAL']",['ROPIVACAINE HYDROCHLORIDE']
39822-0355-6,Lincomycin Hydrochloride Injection,"Lincomycin Hydrochloride, Injection, 3 grams/10 mL vial x 10 count (NDC 39822-0355-6)",Injection,,,,
61474-9711-1,Icosapent Ethyl Capsule,"Icosapent Ethyl, Capsule, 1 g (NDC 61474-9711-1)",Capsule,,,,
43547-407-50,Clonazepam Tablet,"Clonazepam, Tablet, 1 mg (NDC 43547-407-50)",Tablet,['CLONAZEPAM'],['HUMAN PRESCRIPTION DRUG'],['ORAL'],['CLONAZEPAM']
0025-1031-31,Spironolactone Tablet,"Aldactone, Tablet, 100 mg (NDC 0025-1031-31)",Tablet,['ALDACTONE'],['HUMAN PRESCRIPTION DRUG'],['ORAL'],['SPIRONOLACTONE']
65219-086-20,Gadoterate Meglumine Injection,"Gadoterate Meglumine, Injection, 376.9 mg/1 mL (NDC 65219-086-20)",Injection,['GADOTERATE MEGLUMINE'],['HUMAN PRESCRIPTION DRUG'],['INTRAVENOUS'],['GADOTERATE MEGLUMINE']
0781-3290-09,Clindamycin Phosphate Injection,"Clindamycin Phosphate In 5% Dextrose In Plastic Container, Injection, 18 mg/1 mL (NDC 0781-3290-09)",Injection,['CLINDAMYCIN IN 5 PERCENT DEXTROSE'],['HUMAN PRESCRIPTION DRUG'],['INTRAVENOUS'],['CLINDAMYCIN']
70069-063-25,Ropivacaine Hydrochloride Injection,"Ropivacaine Hydrochloride, Injection, 5 mg/1 mL (NDC 70069-063-25)",Injection,['ROPIVACAINE HYDROCHLORIDE'],['HUMAN PRESCRIPTION DRUG'],"['EPIDURAL', 'INFILTRATION', 'PERINEURAL']",['ROPIVACAINE HYDROCHLORIDE']
42858-163-01,Lisdexamfetamine Dimesylate Capsule,"Lisdexamfetamine Dimesylate, Capsule, 30 mg (NDC 42858-163-01)",Capsule,['LISDEXAMFETAMINE DIMESYLATE'],['HUMAN PRESCRIPTION DRUG'],['ORAL'],['LISDEXAMFETAMINE DIMESYLATE']
0338-0069-10,Ketorolac Tromethamine Injection,"Ketorolac Tromethamine, Injection, 15 mg/1 mL (NDC 0338-0069-10)",Injection,['KETOROLAC TROMETHAMINE'],['HUMAN PRESCRIPTION DRUG'],"['INTRAMUSCULAR', 'INTRAVENOUS']",['KETOROLAC TROMETHAMINE']
0781-6172-86,Desflurane Liquid for Inhalation,"Desflurane, Liquid for Inhalation, 240 mL/240 mL (NDC 0781-6172-86)",,['DESFLURANE'],['HUMAN PRESCRIPTION DRUG'],['RESPIRATORY (INHALATION)'],['DESFLURANE']
0378-5815-77,Valsartan Tablet,"Valsartan, Tablet, 320 mg (NDC 0378-5815-77)",Tablet,,,,
0228-2853-11,"Guanfacine Hydrochloride Tablet, Extended Release","Guanfacine Hydrochloride, Tablet, Extended Release, 3 mg (NDC 0228-2853-11)",Tablet,['GUANFACINE'],['HUMAN PRESCRIPTION DRUG'],['ORAL'],['GUANFACINE HYDROCHLORIDE']
72888-153-05,Clonazepam Tablet,"Clonazepam, Tablet, 1 mg (NDC 72888-153-05)",Tablet,['CLONAZEPAM'],['HUMAN PRESCRIPTION DRUG'],['ORAL'],['CLONAZEPAM']
51754-5001-5,Sodium Bicarbonate Injection,"Sodium Bicarbonate, Injection, 84 mg/1 mL (NDC 51754-5001-5)",Injection,['SODIUM BICARBONATE'],['HUMAN PRESCRIPTION DRUG'],['INTRAVENOUS'],['SODIUM BICARBONATE']
57664-047-88,Lisdexamfetamine Dimesylate Capsule,"Lisdexamfetamine Dimesylate, Capsule, 20 mg (NDC 57664-047-88)",Capsule,['LISDEXAMFETAMINE DIMESYLATE'],['HUMAN PRESCRIPTION DRUG'],['ORAL'],['LISDEXAMFETAMINE DIMESYLATE']
0002-4312-62,Lasmiditan Succinate Tablet,"Reyvow, Tablet, 50 mg (NDC 0002-4312-62)",Tablet,['REYVOW'],['HUMAN PRESCRIPTION DRUG'],['ORAL'],['LASMIDITAN']
52536-126-08,Dexmedetomidine Hydrochloride Injection,"Dexmedetomidine Hydrochloride, Injection, 400 mcg/100 mL (4 ug/1 mL) (NDC 52536-126-08)",Injection,['DEXMEDETOMIDINE HYDROCHLORIDE'],['HUMAN PRESCRIPTION DRUG'],['INTRAVENOUS'],['DEXMEDETOMIDINE HYDROCHLORIDE']
63323-286-20,Ropivacaine Hydrochloride Injection,"Naropin, Injection, 5 mg/1 mL (NDC 63323-286-20)",Injection,['NAROPIN'],['HUMAN PRESCRIPTION DRUG'],"['EPIDURAL', 'INFILTRATION', 'PERINEURAL']",['ROPIVACAINE HYDROCHLORIDE']
57844-120-01,"Amphetamine Aspartate Monohydrate, Amphetamine Sulfate, Dextroamphetamine Saccharate, Dextroamphetamine Sulfate Tablet","Adderall, Tablet, 5 mg; 5 mg; 5 mg; 5 mg (NDC 57844-120-01)",Tablet,['ADDERALL'],['HUMAN PRESCRIPTION DRUG'],['ORAL'],"['DEXTROAMPHETAMINE SACCHARATE', 'AMPHETAMINE ASPARTATE MONOHYDRATE', 'DEXTROAMPHETAMINE SULFATE', 'AMPHETAMINE SULFATE']"
63323-165-05,Dexamethasone Sodium Phosphate Injection,"Dexamethasone Sodium Phosphate, Injection, 4 mg/1 mL (NDC 63323-165-05)",Injection,['DEXAMETHASONE SODIUM PHOSPHATE'],['HUMAN PRESCRIPTION DRUG'],"['INTRAMUSCULAR', 'INTRAVENOUS']",['DEXAMETHASONE SODIUM PHOSPHATE']
0025-1001-31,Spironolactone Tablet,"Aldactone, Tablet, 25 mg (NDC 0025-1001-31)",Tablet,['ALDACTONE'],['HUMAN PRESCRIPTION DRUG'],['ORAL'],['SPIRONOLACTONE']
59417-101-10,Lisdexamfetamine Dimesylate Capsule,"Vyvanse, Capsule, 10 mg (NDC 59417-101-10)",Capsule,['VYVANSE'],['HUMAN PRESCRIPTION DRUG'],['ORAL'],['LISDEXAMFETAMINE DIMESYLATE']
63323-486-57,Lidocaine Hydrochloride Injection,"Xylocaine, Injection, 20 mg/1 mL (NDC 63323-486-57)",Injection,['XYLOCAINE'],['HUMAN PRESCRIPTION DRUG'],"['INFILTRATION', 'PERINEURAL']",['LIDOCAINE HYDROCHLORIDE ANHYDROUS']
0409-7853-24,Dexmedetomidine Hydrochloride Injection,"Precedex, Injection, 400 mcg/100 mL (NDC 0409-7853-24)",Injection,['PRECEDEX'],['HUMAN PRESCRIPTION DRUG'],['INTRAVENOUS'],['DEXMEDETOMIDINE HYDROCHLORIDE']
0378-5814-77,Valsartan Tablet,"Valsartan, Tablet, 160 mg (NDC 0378-5814-77)",Tablet,,,,
55513-810-60,Ivabradine Hydrochloride Tablet,"Corlanor, Tablet, eq. 7.5 mg base (NDC 55513-810-60)",Tablet,['CORLANOR'],['HUMAN PRESCRIPTION DRUG'],['ORAL'],['IVABRADINE HYDROCHLORIDE']
71225-126-05,Dexmedetomidine Hydrochloride Injection,"Dexmedetomidine Hydrochloride, Injection, 4 ug/1 mL (NDC 71225-126-05)",Injection,,,,
0378-5813-77,Valsartan Tablet,"Valsartan, Tablet, 80 mg (NDC 0378-5813-77)",Tablet,,,,
0480-3565-01,Lisdexamfetamine Dimesylate Capsule,"Lisdexamfetamine Dimesylate, Capsule, 10 mg (NDC 0480-3565-01)",Capsule,['LISDEXAMFETAMINE DIMESYLATE'],['HUMAN PRESCRIPTION DRUG'],['ORAL'],['LISDEXAMFETAMINE DIMESYLATE']
71288-563-84,Liraglutide Injection,"Liraglutide, Injection, 6 mg/1 mL (NDC 71288-563-84)",Injection,['LIRAGLUTIDE'],['HUMAN PRESCRIPTION DRUG'],['SUBCUTANEOUS'],['LIRAGLUTIDE']
70121-1388-1,Dexmedetomidine Hydrochloride Injection,"Dexmedetomidine Hydrochloride, Injection, 4 mcg/mL, 50 mL (NDC 70121-1388-1)",Injection,['DEXMEDETOMIDINE HYDROCHLORIDE'],['HUMAN PRESCRIPTION DRUG'],['INTRAVENOUS'],['DEXMEDETOMIDINE HYDROCHLORIDE']
0574-7045-12,Belladonna and Opium Suppository,"Belladonna and Opium, Suppository, 16.2 mg; 30 mg (NDC 0574-7045-12)",Suppository,['BELLADONNA AND OPIUM'],['HUMAN PRESCRIPTION DRUG'],['RECTAL'],"['ATROPA BELLADONNA', 'OPIUM']"
0409-4904-34,Lidocaine Hydrochloride Injection,"Lidocaine Hydrochloride, Injection, 1%, USP (For Cardiac Use Only) 50 mg/5 mL (10 mg/mL) LifeShield™ ABBOJECT® Glass Syringe (20 G x 1 1/2) (NDC 0409-4904-34)""",Injection,,,,
0990-7930-09,Dextrose Monohydrate 10% Injection,"Dextrose 10% In Plastic Container, Injection, 10 g/100 mL (NDC 0990-7930-09)",Injection,['DEXTROSE'],['HUMAN PRESCRIPTION DRUG'],['INTRAVENOUS'],['DEXTROSE MONOHYDRATE']
0574-7040-12,Belladonna and Opium Suppository,"Belladonna and Opium, Suppository, 16.2 mg; 60 mg (NDC 0574-7040-12)",Suppository,['BELLADONNA AND OPIUM'],['HUMAN PRESCRIPTION DRUG'],['RECTAL'],"['ATROPA BELLADONNA', 'OPIUM']"
62037-727-01,"Methylphenidate Hydrochloride Tablet, Extended Release","Methylphenidate Hydrochloride, Tablet, Extended Release, 54 mg (NDC 62037-727-01)",Tablet,['METHYLPHENIDATE HYDROCHLORIDE'],['HUMAN PRESCRIPTION DRUG'],['ORAL'],['METHYLPHENIDATE HYDROCHLORIDE']
0054-0372-25,Lisdexamfetamine Dimesylate Capsule,"Lisdexamfetamine Dimesylate, Capsule, 40 mg (NDC 0054-0372-25)",Capsule,['LISDEXAMFETAMINE DIMESYLATE'],['HUMAN PRESCRIPTION DRUG'],['ORAL'],['LISDEXAMFETAMINE DIMESYLATE']
47781-178-01,"Amphetamine Aspartate Monohydrate, Amphetamine Sulfate, Dextroamphetamine Saccharate, Dextroamphetamine Sulfate Tablet","Amphetamine Aspartate Monohydrate, Amphetamine Sulfate, Dextroamphetamine Saccharate, Dextroamphetamine Sulfate, Tablet, 15mg (NDC 47781-178-01)",Tablet,,,,
0169-4303-30,Semaglutide Tablet,"Rybelsus, Tablet, 3 mg (NDC 0169-4303-30)",Tablet,['RYBELSUS'],['HUMAN PRESCRIPTION DRUG'],['ORAL'],['SEMAGLUTIDE']
63323-485-57,Lidocaine Hydrochloride Injection,"Xylocaine, Injection, 10 mg/1 mL (NDC 63323-485-57)",Injection,['XYLOCAINE'],['HUMAN PRESCRIPTION DRUG'],"['INFILTRATION', 'PERINEURAL']",['LIDOCAINE HYDROCHLORIDE ANHYDROUS']
0338-0017-10,Dextrose Monohydrate 5% Injection,"Dextrose 5% In Plastic Container, Injection, 50 g/1000 mL (NDC 0338-0017-10)",Injection,['DEXTROSE'],['HUMAN PRESCRIPTION DRUG'],['INTRAVENOUS'],['DEXTROSE MONOHYDRATE']
0409-1162-02,Bupivacaine Hydrochloride Injection,"Bupivacaine Hydrochloride, Injection, 150 mg/30 mL (5 mg/mL) (NDC 0409-1162-02)",Injection,['BUPIVACAINE HYDROCHLORIDE'],['HUMAN PRESCRIPTION DRUG'],"['EPIDURAL', 'INTRACAUDAL', 'PERINEURAL']",['BUPIVACAINE HYDROCHLORIDE']
45963-677-96,"Metoprolol Succinate Tablet, Extended Release","Metoprolol Succinate, Tablet, Extended Release, 100 mg (NDC 45963-677-96)",Tablet,['METOPROLOL SUCCINATE'],['HUMAN PRESCRIPTION DRUG'],['ORAL'],['METOPROLOL SUCCINATE']
13107-073-01,"Amphetamine Aspartate Monohydrate, Amphetamine Sulfate, Dextroamphetamine Saccharate, Dextroamphetamine Sulfate Tablet","Amphetamine Aspartate Monohydrate, Amphetamine Sulfate, Dextroamphetamine Saccharate, Dextroamphetamine Sulfate, Tablet, 5 mg; 5 mg; 5 mg; 5 mg (NDC 13107-073-01)",Tablet,"['DEXTROAMPHETAMINE SACCHARATE, AMPHETAMINE ASPARTATE, DEXTROAMPHETAMINE SULFATE AND AMPHETAMINE SULFATE']",['HUMAN PRESCRIPTION DRUG'],['ORAL'],"['DEXTROAMPHETAMINE SACCHARATE', 'AMPHETAMINE ASPARTATE MONOHYDRATE', 'DEXTROAMPHETAMINE SULFATE', 'AMPHETAMINE SULFATE']"
0409-6648-02,Dextrose Monohydrate 50% Injection,"Dextrose Monohydrate 50%, Injection, 25 g/50 mL (NDC 0409-6648-02)",Injection,['DEXTROSE'],['HUMAN PRESCRIPTION DRUG'],['INTRAVENOUS'],['DEXTROSE MONOHYDRATE']
0574-7045-04,Belladonna and Opium Suppository,"Belladonna and Opium, Suppository, 16.2 mg; 30 mg (NDC 0574-7045-04)",Suppository,['BELLADONNA AND OPIUM'],['HUMAN PRESCRIPTION DRUG'],['RECTAL'],"['ATROPA BELLADONNA', 'OPIUM']"
47781-562-01,Lisdexamfetamine Dimesylate Capsule,"Lisdexamfetamine Dimesylate, Capsule, 10 mg (NDC 47781-562-01)",Capsule,['LISDEXAMFETAMINE DIMESYLATE'],['HUMAN PRESCRIPTION DRUG'],['ORAL'],['LISDEXAMFETAMINE DIMESYLATE']
50742-463-16,Docetaxel Injection,"Docetaxel, Injection, 10 mg/1 mL (NDC 50742-463-16)",Injection,,,,
31722-277-34,Bupivacaine Hydrochloride Injection,"Bupivacaine Hydrochloride, Injection, 7.5 mg/1 mL (NDC 31722-277-34)",Injection,['BUPIVACAINE HYDROCHLORIDE'],['HUMAN PRESCRIPTION DRUG'],"['EPIDURAL', 'RETROBULBAR']",['BUPIVACAINE HYDROCHLORIDE']
0641-6061-25,Midazolam Hydrochloride Injection,"Midazolam Hydrochloride, Injection, 5 mg/1 mL (NDC 0641-6061-25)",Injection,['MIDAZOLAM'],['HUMAN PRESCRIPTION DRUG'],"['INTRAMUSCULAR', 'INTRAVENOUS']",['MIDAZOLAM HYDROCHLORIDE']
57664-084-88,"Lisdexamfetamine Dimesylate Tablet, Chewable","Lisdexamfetamine Dimesylate, Tablet, Chewable, 20 mg (NDC 57664-084-88)","Tablet, Chewable",['LISDEXAMFETAMINE DIMESYLATE'],['HUMAN PRESCRIPTION DRUG'],['ORAL'],['LISDEXAMFETAMINE DIMESYLATE']
0025-2732-31,"Disopyramide Phosphate Capsule, Extended Release","Norpace CR, Capsule, Extended Release, 100 mg (NDC 0025-2732-31)","Capsule, Extended Release",,,,
71288-726-52,Bupivacaine Hydrochloride Injection,"Bupivacaine Hydrochloride, Injection, 5 mg/1 mL (NDC 71288-726-52)",Injection,['BUPIVACAINE HYDROCHLORIDE'],['HUMAN PRESCRIPTION DRUG'],['PERINEURAL'],['BUPIVACAINE HYDROCHLORIDE']
0378-6854-77,Lisdexamfetamine Dimesylate Capsule,"Lisdexamfetamine Dimesylate, Capsule, 10 mg (NDC 0378-6854-77)",Capsule,['LISDEXAMFETAMINE DIMESYLATE'],['HUMAN PRESCRIPTION DRUG'],['ORAL'],['LISDEXAMFETAMINE DIMESYLATE']
63323-482-57,"Epinephrine Bitartrate, Lidocaine Hydrochloride Injection","Xylocaine, Injection, .01 mg/1 mL; 10 mg/1 mL (NDC 63323-482-57)",Injection,['XYLOCAINE'],['HUMAN PRESCRIPTION DRUG'],"['INFILTRATION', 'PERINEURAL']","['LIDOCAINE HYDROCHLORIDE ANHYDROUS', 'EPINEPHRINE BITARTRATE']"
0409-9043-01,"Bupivacaine Hydrochloride, Epinephrine Bitartrate Injection","Bupivacaine Hydrochloride and Epinephrine, Injection, 125 mg/50 mL (2.5 mg/mL) (NDC 0409-9043-01)",Injection,['BUPIVACAINE HYDROCHLORIDE AND EPINEPHRINE'],['HUMAN PRESCRIPTION DRUG'],"['INFILTRATION', 'PERINEURAL']","['BUPIVACAINE HYDROCHLORIDE', 'EPINEPHRINE BITARTRATE']"
13668-355-30,Nebivolol Hydrochloride Tablet,"Nebivolol Hydrochloride, Tablet, 10 mg (NDC 13668-355-30)",Tablet,,,,
0074-6799-22,Lopinavir and Ritonavir Tablet,"Kaletra, Tablet, 200 mg; 50 mg (NDC 0074-6799-22)",Tablet,,,,
58468-0126-1,Doxercalciferol Injection,"Hectorol, Injection, 2 mcg/mL injection 50 single-dose vials (NDC 58468-0126-1)",Injection,,,,
0990-6139-03,Sterile Water Irrigant,"Sterile Water In Plastic Container, Irrigant, 1 mL/1 mL (NDC 0990-6139-03)",Irrigant,,,,
43547-604-10,Lisdexamfetamine Dimesylate Capsule,"Lisdexamfetamine Dimesylate, Capsule, 30 mg (NDC 43547-604-10)",Capsule,['LISDEXAMFETAMINE DIMESYLATE'],['HUMAN PRESCRIPTION DRUG'],['ORAL'],['LISDEXAMFETAMINE DIMESYLATE']
0641-6247-25,Fentanyl Citrate Injection,"Fentanyl Citrate, Injection, 50 mcg/1 mL (NDC 0641-6247-25)",Injection,['FENTANYL CITRATE'],['HUMAN PRESCRIPTION DRUG'],"['INTRAMUSCULAR', 'INTRAVENOUS']",['FENTANYL CITRATE']
60505-6282-3,Carboplatin Injection,"Carboplatin, Injection, 150 mg/15 mL (10 mg/mL) Multiple Dose Vial (NDC 60505-6282-3)",Injection,['CARBOPLATIN'],['HUMAN PRESCRIPTION DRUG'],['INTRAVENOUS'],['CARBOPLATIN']
0781-2859-01,Omeprazole Delayed Release Capsule,"Omeprazole, Delayed Release Capsule, 10 mg (NDC 0781-2859-01)",,['OMEPRAZOLE'],['HUMAN PRESCRIPTION DRUG'],['ORAL'],['OMEPRAZOLE']
0143-9519-10,Methotrexate Sodium Injection,"Methotrexate, Preservative Free, Injection, 25 mg/1 mL (NDC 0143-9519-10)",Injection,['METHOTREXATE'],['HUMAN PRESCRIPTION DRUG'],"['INTRA-ARTERIAL', 'INTRAMUSCULAR', 'INTRATHECAL', 'INTRAVENOUS']",['METHOTREXATE']
72266-146-10,Etomidate Injection,"Etomidate, Injection, 2 mg/1 mL (NDC 72266-146-10)",Injection,['ETOMIDATE'],['HUMAN PRESCRIPTION DRUG'],['INTRAVENOUS'],['ETOMIDATE']
0641-6000-10,Lorazepam Injection,"Ativan, Injection, 2 mg/1 mL (NDC 0641-6000-10)",Injection,,,,
0527-0763-37,"Amphetamine Aspartate Monohydrate, Amphetamine Sulfate, Dextroamphetamine Saccharate, Dextroamphetamine Sulfate Tablet","Amphetamine Aspartate Monohydrate, Amphetamine Sulfate, Dextroamphetamine Saccharate, Dextroamphetamine Sulfate, Tablet, 3.125 mg; 3.125 mg; 3.125 mg; 3.125 mg (NDC 0527-0763-37)",Tablet,"['DEXTROAMPHETAMINE SACCHARATE, AMPHETAMINE ASPARTATE, DEXTROAMPHETAMINE SULFATE AND AMPHETAMINE SULFATE']",['HUMAN PRESCRIPTION DRUG'],['ORAL'],"['DEXTROAMPHETAMINE SACCHARATE', 'AMPHETAMINE ASPARTATE MONOHYDRATE', 'DEXTROAMPHETAMINE SULFATE', 'AMPHETAMINE SULFATE']"
61703-339-56,Carboplatin Injection,"Carboplatin, Injection, 600 mg/60 mL (10 mg/mL) (NDC 61703-339-56)",Injection,['CARBOPLATIN'],['HUMAN PRESCRIPTION DRUG'],['INTRAVENOUS'],['CARBOPLATIN']
60793-701-10,Penicillin G Benzathine Injection,"Bicillin L-A, Injection, 1200000 [iU]/2 mL (NDC 60793-701-10)",Injection,['BICILLIN L-A'],['HUMAN PRESCRIPTION DRUG'],['INTRAMUSCULAR'],['PENICILLIN G BENZATHINE']
57664-609-88,"Methylphenidate Hydrochloride Tablet, Extended Release","Methylphenidate Hydrochloride, Tablet, Extended Release, 54 mg (NDC 57664-609-88)",Tablet,,,,
10147-0570-1,Etravirine Tablet,"Etravirine, Tablet, 100 mg (NDC 10147-0570-1)",Tablet,['ETRAVIRINE'],['HUMAN PRESCRIPTION DRUG'],['ORAL'],['ETRAVIRINE']
0409-9045-17,"Bupivacaine Hydrochloride, Epinephrine Bitartrate Injection","Bupivacaine Hydrochloride and Epinephrine, Injection, 150 mg/30 mL (5 mg/mL) (NDC 0409-9045-17)",Injection,['BUPIVACAINE HYDROCHLORIDE AND EPINEPHRINE'],['HUMAN PRESCRIPTION DRUG'],"['EPIDURAL', 'INTRACAUDAL', 'PERINEURAL']","['BUPIVACAINE HYDROCHLORIDE', 'EPINEPHRINE BITARTRATE']"
61703-350-10,Methotrexate Sodium Injection,"Methotrexate Sodium, Injection, 50 mg/2 mL  (25 mg/mL) (NDC 61703-350-10)",Injection,['METHOTREXATE'],['HUMAN PRESCRIPTION DRUG'],"['INTRAMUSCULAR', 'INTRAVENOUS', 'SUBCUTANEOUS']",['METHOTREXATE SODIUM']
63323-806-20,Fentanyl Citrate Injection,"Fentanyl Citrate Preservative Free, Injection, .05 mg/1 mL (NDC 63323-806-20)",Injection,['FENTANYL CITRATE'],['HUMAN PRESCRIPTION DRUG'],"['INTRAMUSCULAR', 'INTRAVENOUS']",['FENTANYL CITRATE']
63323-326-20,Cefepime Hydrochloride Injection,"Cefepime Hydrochloride, Injection, 1 g (NDC 63323-326-20)",Injection,['CEFEPIME'],['HUMAN PRESCRIPTION DRUG'],"['INTRAMUSCULAR', 'INTRAVENOUS']",['CEFEPIME HYDROCHLORIDE']
0310-6615-02,Pramlintide Acetate Injection,"SymlinPen® 60 , Injection, 1000 ug/1 mL (NDC 0310-6615-02)",Injection,['SYMLINPEN'],['HUMAN PRESCRIPTION DRUG'],['SUBCUTANEOUS'],['PRAMLINTIDE ACETATE']
25021-820-10,Methylprednisolone Acetate Injection,"Methylprednisolone Acetate, Injection, 40 mg/1 mL (NDC 25021-820-10)",Injection,['METHYLPREDNISOLONE ACETATE'],['HUMAN PRESCRIPTION DRUG'],"['INTRA-ARTICULAR', 'INTRALESIONAL', 'INTRAMUSCULAR', 'INTRASYNOVIAL', 'SOFT TISSUE']",['METHYLPREDNISOLONE ACETATE']
0409-6102-26,Furosemide Injection,"Furosemide, Injection, 40 mg/4 mL (10 mg/1 mL) (NDC 0409-6102-26)",Injection,['FUROSEMIDE'],['HUMAN PRESCRIPTION DRUG'],"['INTRAMUSCULAR', 'INTRAVENOUS']",['FUROSEMIDE']
17478-050-05,Sufentanil Citrate Injection,"Sufentanil Citrate, Injection, 50 mcg/1 mL (NDC 17478-050-05)",Injection,,,,
70121-1573-5,Methylprednisolone Acetate Injection,"Methylprednisolone Acetate, Injection, 40 mg/1 mL (NDC 70121-1573-5)",Injection,['METHYLPREDNISOLONE ACETATE'],['HUMAN PRESCRIPTION DRUG'],"['INTRA-ARTICULAR', 'INTRALESIONAL', 'INTRAMUSCULAR', 'INTRASYNOVIAL', 'SOFT TISSUE']",['METHYLPREDNISOLONE ACETATE']
65219-082-10,Gadoterate Meglumine Injection,"Gadoterate Meglumine, Injection, 376.9 mg/1 mL (NDC 65219-082-10)",Injection,['GADOTERATE MEGLUMINE'],['HUMAN PRESCRIPTION DRUG'],['INTRAVENOUS'],['GADOTERATE MEGLUMINE']
0338-0502-03,Amino Acid Injection,"Clinisol 15% Sulfite Free In Plastic Container, Injection, 0.15 (NDC 0338-0502-03)",Injection,,,,
0641-6082-25,Promethazine Hydrochloride Injection,"Phenergan, Injection, 25 mg/1 mL (NDC 0641-6082-25)",Injection,['PHENERGAN'],['HUMAN PRESCRIPTION DRUG'],"['INTRAMUSCULAR', 'INTRAVENOUS']",['PROMETHAZINE HYDROCHLORIDE']
0172-5240-60,Anagrelide Hydrochloride Capsule,"Anagrelide Hydrochloride, Capsule, 1 mg (NDC 0172-5240-60)",Capsule,,,,
76045-009-11,Hydromorphone Hydrochloride Injection,"Dilaudid, Injection, 1 mg/1 mL (NDC 76045-009-11)",Injection,['DILAUDID'],['HUMAN PRESCRIPTION DRUG'],"['INTRAMUSCULAR', 'INTRAVENOUS', 'SUBCUTANEOUS']",['HYDROMORPHONE HYDROCHLORIDE']
0409-9045-01,"Bupivacaine Hydrochloride, Epinephrine Bitartrate Injection","Bupivacaine Hydrochloride And Epinephrine, Injection, 50 mg/10 mL (5 mg/mL) (NDC 0409-9045-01)",Injection,['BUPIVACAINE HYDROCHLORIDE AND EPINEPHRINE'],['HUMAN PRESCRIPTION DRUG'],"['EPIDURAL', 'INTRACAUDAL', 'PERINEURAL']","['BUPIVACAINE HYDROCHLORIDE', 'EPINEPHRINE BITARTRATE']"
0009-3475-01,Methylprednisolone Acetate Injection,"Depo-medrol, Injection, 80 mg/1 mL (NDC 0009-3475-01)",Injection,['DEPO-MEDROL'],['HUMAN PRESCRIPTION DRUG'],"['INTRA-ARTICULAR', 'INTRALESIONAL', 'INTRAMUSCULAR', 'SOFT TISSUE']",['METHYLPREDNISOLONE ACETATE']
0228-2850-11,"Guanfacine Hydrochloride Tablet, Extended Release","Guanfacine Hydrochloride, Tablet, Extended Release, 1 mg (NDC 0228-2850-11)",Tablet,['GUANFACINE'],['HUMAN PRESCRIPTION DRUG'],['ORAL'],['GUANFACINE HYDROCHLORIDE']
72888-153-00,Clonazepam Tablet,"Clonazepam, Tablet, 1 mg (NDC 72888-153-00)",Tablet,['CLONAZEPAM'],['HUMAN PRESCRIPTION DRUG'],['ORAL'],['CLONAZEPAM']
70069-641-25,Atropine Sulfate Injection,"Atropine Sulfate, Injection, 1 mg/1 mL (NDC 70069-641-25)",Injection,['ATROPINE SULFATE'],['HUMAN PRESCRIPTION DRUG'],['INTRAVENOUS'],['ATROPINE SULFATE']
0409-3814-12,Morphine Sulfate Injection,"Morphine Sulfate, Injection, 5 mg/10 mL (0.5 mg/mL) (NDC 0409-3814-12)",Injection,['MORPHINE SULFATE'],['HUMAN PRESCRIPTION DRUG'],"['EPIDURAL', 'INTRATHECAL', 'INTRAVENOUS']",['MORPHINE SULFATE']
61958-1701-1,Idelalisib Tablet,"Zydelig, Tablet, 100 mg (NDC 61958-1701-1)",Tablet,,,,
55150-335-01,Carboplatin Injection,"Carboplatin, Injection, 450 mg/45 mL (NDC 55150-335-01)",Injection,['CARBOPLATIN'],['HUMAN PRESCRIPTION DRUG'],['INTRAVENOUS'],['CARBOPLATIN']
63323-412-10,Midazolam Hydrochloride Injection,"Midazolam Hydrochloride, Injection, 5 mg/1 mL (NDC 63323-412-10)",Injection,['MIDAZOLAM'],['HUMAN PRESCRIPTION DRUG'],"['INTRAMUSCULAR', 'INTRAVENOUS']",['MIDAZOLAM HYDROCHLORIDE']
57844-112-01,"Amphetamine Aspartate Monohydrate, Amphetamine Sulfate, Dextroamphetamine Saccharate, Dextroamphetamine Sulfate Tablet","Adderall, Tablet, 3.125 mg; 3.125 mg; 3.125 mg; 3.125 mg (NDC 57844-112-01)",Tablet,['ADDERALL'],['HUMAN PRESCRIPTION DRUG'],['ORAL'],"['DEXTROAMPHETAMINE SACCHARATE', 'AMPHETAMINE ASPARTATE MONOHYDRATE', 'DEXTROAMPHETAMINE SULFATE', 'AMPHETAMINE SULFATE']"
0093-3213-01,Clonazepam Tablet,"Clonazepam, Tablet, 2 mg (NDC 0093-3213-01)",Tablet,['CLONAZEPAM'],['HUMAN PRESCRIPTION DRUG'],['ORAL'],['CLONAZEPAM']
39822-4200-6,Rocuronium Bromide Injection,"Rocuronium Bromide, Injection, 100 mg/10 mL (NDC 39822-4200-6)",Injection,['ROCURONIUM BROMIDE'],['HUMAN PRESCRIPTION DRUG'],['INTRAVENOUS'],['ROCURONIUM BROMIDE']
0069-0188-21,Palbociclib Capsule,"Ibrance, Capsule, 100 mg (NDC 0069-0188-21)",Capsule,['IBRANCE'],['HUMAN PRESCRIPTION DRUG'],['ORAL'],['PALBOCICLIB']
0338-0072-25,Ketorolac Tromethamine Injection,"Ketorolac Tromethamine, Injection, 30 mg/1 mL (NDC 0338-0072-25)",Injection,['KETOROLAC TROMETHAMINE'],['HUMAN PRESCRIPTION DRUG'],"['INTRAMUSCULAR', 'INTRAVENOUS']",['KETOROLAC TROMETHAMINE']
0641-6008-10,Bumetanide Injection,"Bumetanide, Injection, .25 mg/1 mL (NDC 0641-6008-10)",Injection,['BUMETANIDE'],['HUMAN PRESCRIPTION DRUG'],"['INTRAMUSCULAR', 'INTRAVENOUS']",['BUMETANIDE']
0409-2022-01,Morphine Sulfate Injection,"Morphine Sulfate, Injection, 50 mg/1 mL (NDC 0409-2022-01)",Injection,['MORPHINE SULFATE'],['HUMAN PRESCRIPTION DRUG'],['INTRAVENOUS'],['MORPHINE SULFATE']
0002-8980-05,Insulin Glargine-aglr Injection,"Rezvoglar, Injection, 100 [iU]/1 mL (NDC 0002-8980-05)",Injection,['REZVOGLAR KWIKPEN'],['HUMAN PRESCRIPTION DRUG'],['SUBCUTANEOUS'],['INSULIN GLARGINE']
16729-432-93,Dexmedetomidine Hydrochloride Injection,"Dexmedetomidine Hydrochloride, Injection, 100 ug/1 mL (NDC 16729-432-93)",Injection,,,,
70069-062-10,Ropivacaine Hydrochloride Injection,"Ropivacaine Hydrochloride, Injection, 2 mg/1 mL (NDC 70069-062-10)",Injection,['ROPIVACAINE HYDROCHLORIDE'],['HUMAN PRESCRIPTION DRUG'],"['EPIDURAL', 'INFILTRATION', 'PERINEURAL']",['ROPIVACAINE HYDROCHLORIDE']
0603-5167-32,Phenobarbital Tablet,"Phenobarbital, Tablet, 64.8 mg (NDC 0603-5167-32)",Tablet,['PHENOBARBITAL'],['HUMAN PRESCRIPTION DRUG'],['ORAL'],['PHENOBARBITAL']
0002-4491-08,Lasmiditan Succinate Tablet,"Reyvow, Tablet, 100 mg (NDC 0002-4491-08)",Tablet,['REYVOW'],['HUMAN PRESCRIPTION DRUG'],['ORAL'],['LASMIDITAN']
60505-6282-6,Carboplatin Injection,"Carboplatin, Injection, 450 mg/45 mL (10 mg/mL) Multiple Dose Vial (NDC 60505-6282-6)",Injection,['CARBOPLATIN'],['HUMAN PRESCRIPTION DRUG'],['INTRAVENOUS'],['CARBOPLATIN']
0574-7034-12,Aspirin Suppository,"Aspirin, Suppository, 300 mg (NDC 0574-7034-12)",Suppository,['ASPIRIN'],['HUMAN OTC DRUG'],['RECTAL'],['ASPIRIN']
50458-290-04,Itraconazole Capsule,"Sporanox, Capsule, 100 mg (NDC 50458-290-04)",Capsule,['SPORANOX'],['HUMAN PRESCRIPTION DRUG'],['ORAL'],['ITRACONAZOLE']
67457-251-02,Dexmedetomidine Hydrochloride Injection,"Dexmedetomidine Hydrochloride, Injection, 100 ug/1 mL (NDC 67457-251-02)",Injection,['DEXMEDETOMIDINE'],['HUMAN PRESCRIPTION DRUG'],['INTRAVENOUS'],['DEXMEDETOMIDINE HYDROCHLORIDE']
0409-6625-14,Sodium Bicarbonate Injection,"Sodium Bicarbonate, Injection, 50 mEq/50 mL (8.4%, 1 mEq/mL) (NDC 0409-6625-14)",Injection,['SODIUM BICARBONATE'],['HUMAN PRESCRIPTION DRUG'],['INTRAVENOUS'],['SODIUM BICARBONATE']
43547-413-09,Quinapril Hydrochloride Tablet,"Quinapril Hydrochloride, Tablet, 40 mg (NDC 43547-413-09)",Tablet,['QUINAPRIL'],['HUMAN PRESCRIPTION DRUG'],['ORAL'],['QUINAPRIL HYDROCHLORIDE']
0143-9594-25,Lidocaine Hydrochloride Injection,"Lidocaine Hydrochloride, Preservative Free, Injection, 20 mg/1 mL (NDC 0143-9594-25)",Injection,['LIDOCAINE HYDROCHLORIDE'],['HUMAN PRESCRIPTION DRUG'],"['EPIDURAL', 'INFILTRATION', 'INTRACAUDAL']",['LIDOCAINE HYDROCHLORIDE']
59417-106-10,Lisdexamfetamine Dimesylate Capsule,"Vyvanse, Capsule, 60 mg (NDC 59417-106-10)",Capsule,['VYVANSE'],['HUMAN PRESCRIPTION DRUG'],['ORAL'],['LISDEXAMFETAMINE DIMESYLATE']
13668-354-05,Nebivolol Hydrochloride Tablet,"Nebivolol Hydrochloride, Tablet, 5 mg (NDC 13668-354-05)",Tablet,,,,
83634-653-30,Lidocaine Hydrochloride Injection,"Lidocaine Hydrochloride, Injection, 300 mg/30 mL (NDC 83634-653-30)",Injection,['LIDOCAINE HYDROCHLORIDE'],['HUMAN PRESCRIPTION DRUG'],"['EPIDURAL', 'INFILTRATION', 'INTRACAUDAL', 'PERINEURAL']",['LIDOCAINE HYDROCHLORIDE']
0338-0017-18,Dextrose Monohydrate 5% Injection,"Dextrose 5% In Plastic Container, Injection, 50 g/1000 mL (NDC 0338-0017-18)",Injection,['DEXTROSE'],['HUMAN PRESCRIPTION DRUG'],['INTRAVENOUS'],['DEXTROSE MONOHYDRATE']
45567-0060-2,Technetium TC-99M Pyrophosphate Kit Injection,"CIS-PYRO, Injection, 12 mg/10 mL (NDC 45567-0060-2)",Injection,['KIT FOR THE PREPARATION OF TECHNETIUM TC99M PYROPHOSPHATE'],['HUMAN PRESCRIPTION DRUG'],['INTRAVENOUS'],['TECHNETIUM TC-99M PYROPHOSPHATE']
62135-667-90,Quinapril/Hydrochlorothiazide Tablet,"Quinapril/Hydrochlorothiazide, Tablet, 12.5 mg; 10 mg (NDC 62135-667-90)",Tablet,['QUINAPRIL AND HYDROCHLOROTHIAZIDE'],['HUMAN PRESCRIPTION DRUG'],['ORAL'],"['QUINAPRIL HYDROCHLORIDE', 'HYDROCHLOROTHIAZIDE']"
63323-495-27,Lidocaine Hydrochloride Injection,"Xylocaine, Injection, 20 mg/1 mL (NDC 63323-495-27)",Injection,['XYLOCAINE MPF'],['HUMAN PRESCRIPTION DRUG'],"['EPIDURAL', 'INFILTRATION', 'INTRACAUDAL', 'PERINEURAL']",['LIDOCAINE HYDROCHLORIDE ANHYDROUS']
0143-9930-10,"Cefotaxime Sodium Powder, for Solution","Cefotaxime Sodium, Powder, for Solution, 500 mg (NDC 0143-9930-10)","Powder, For Solution",['CEFOTAXIME'],['HUMAN PRESCRIPTION DRUG'],"['INTRAMUSCULAR', 'INTRAVENOUS']",['CEFOTAXIME SODIUM']
61314-473-64,Adalimumab-adaz Injection,"Hyrimoz, Injection, 40 mg/.4 mL (NDC 61314-473-64)",Injection,['HYRIMOZ'],['HUMAN PRESCRIPTION DRUG'],['SUBCUTANEOUS'],['ADALIMUMAB']
0143-9595-25,Lidocaine Hydrochloride Injection,"Lidocaine Hydrochloride, Preservative Free, Injection, 10 mg/1 mL (NDC 0143-9595-25)",Injection,['LIDOCAINE HYDROCHLORIDE'],['HUMAN PRESCRIPTION DRUG'],"['EPIDURAL', 'INFILTRATION', 'INTRACAUDAL']",['LIDOCAINE HYDROCHLORIDE']
0990-7922-03,Dextrose Monohydrate 5% Injection,"Dextrose 5% In Plastic Container, Injection, 5 g/100 mL (NDC 0990-7922-03)",Injection,['DEXTROSE'],['HUMAN PRESCRIPTION DRUG'],['INTRAVENOUS'],['DEXTROSE MONOHYDRATE']
63323-494-05,Valproate Sodium Injection,"Valproate Sodium, Injection, 100 mg/1 mL (NDC 63323-494-05)",Injection,['VALPROATE SODIUM'],['HUMAN PRESCRIPTION DRUG'],['INTRAVENOUS'],['VALPROATE SODIUM']
42806-801-01,Rifampin Capsule,"Rifampin, Capsule, 150 mg (NDC 42806-801-01)",Capsule,['RIFAMPIN'],['HUMAN PRESCRIPTION DRUG'],['ORAL'],['RIFAMPIN']
71288-563-85,Liraglutide Injection,"Liraglutide, Injection, 6 mg/1 mL (NDC 71288-563-85)",Injection,['LIRAGLUTIDE'],['HUMAN PRESCRIPTION DRUG'],['SUBCUTANEOUS'],['LIRAGLUTIDE']
0409-3613-01,Bupivacaine Hydrochloride Injection,"Bupivacaine Hydrochloride, Injection, Bupivacaine Spinal 15 mg/2 mL (7.5 mg/mL in 8.25% dextrose) (NDC 0409-3613-01)",Injection,['BUPIVACAINE SPINAL'],['HUMAN PRESCRIPTION DRUG'],['SUBARACHNOID'],['BUPIVACAINE HYDROCHLORIDE']
62037-710-01,"Potassium Chloride Tablet, Extended Release","Potassium Chloride, Tablet, Extended Release, 10 meq (NDC 62037-710-01)",Tablet,,,,
63323-201-10,Lidocaine Hydrochloride Injection,"Lidocaine Hydrochloride, Injection, 10 mg/1 mL (NDC 63323-201-10)",Injection,['LIDOCAINE'],['HUMAN PRESCRIPTION DRUG'],"['INFILTRATION', 'PERINEURAL']",['LIDOCAINE HYDROCHLORIDE']
63323-489-27,"Epinephrine Bitartrate, Lidocaine Hydrochloride Injection","Xylocaine, Injection, .005 mg/1 mL; 20 mg/1 mL (NDC 63323-489-27)",Injection,['XYLOCAINE MPF'],['HUMAN PRESCRIPTION DRUG'],"['EPIDURAL', 'INFILTRATION', 'INTRACAUDAL', 'PERINEURAL']","['LIDOCAINE HYDROCHLORIDE ANHYDROUS', 'EPINEPHRINE BITARTRATE']"
76204-027-01,Albuterol Sulfate Solution,"Albuterol Sulfate, Solution, 2.5 mg/.5 mL (NDC 76204-027-01)",Solution,"['ALBUTEROL SULFATE INHALATION SOLUTION, 0.5%']",['HUMAN PRESCRIPTION DRUG'],['RESPIRATORY (INHALATION)'],['ALBUTEROL SULFATE']
70726-0306-1,Riluzole Oral Suspension,"Teglutik, Oral Suspension, 5 mg/1 mL (NDC 70726-0306-1)",Oral Suspension,['TEGLUTIK'],['HUMAN PRESCRIPTION DRUG'],['ORAL'],['RILUZOLE']
61703-600-05,Carboplatin Injection,"Carboplatin, Injection, 600 mg/60 mL (10 mg/mL) (NDC 61703-600-05)",Injection,['CARBOPLATIN'],['HUMAN PRESCRIPTION DRUG'],['INTRAVENOUS'],['CARBOPLATIN']
72078-036-05,Remifentanil Hydrochloride Injection,"Ultiva, Injection, 5 mg (NDC 72078-036-05)",Injection,['ULTIVA'],['HUMAN PRESCRIPTION DRUG'],['INTRAVENOUS'],['REMIFENTANIL HYDROCHLORIDE']
42858-165-01,Lisdexamfetamine Dimesylate Capsule,"Lisdexamfetamine Dimesylate, Capsule, 50 mg (NDC 42858-165-01)",Capsule,['LISDEXAMFETAMINE DIMESYLATE'],['HUMAN PRESCRIPTION DRUG'],['ORAL'],['LISDEXAMFETAMINE DIMESYLATE']
0409-3183-01,"Epinephrine Bitartrate, Lidocaine Hydrochloride Injection","Lidocaine Hydrochloride And Epinephrine, Injection, 400 mg/20 mL (2%; 1:200,000) (NDC 0409-3183-01)",Injection,['LIDOCAINE HYDROCHLORIDE AND EPINEPHRINE'],['HUMAN PRESCRIPTION DRUG'],"['EPIDURAL', 'INFILTRATION', 'INTRACAUDAL', 'PERINEURAL']","['LIDOCAINE HYDROCHLORIDE', 'EPINEPHRINE']"
0409-1160-01,Bupivacaine Hydrochloride Injection,"Bupivacaine Hydrochloride, Injection, 125 mg/50 mL (2.5 mg/mL) (NDC 0409-1160-01)",Injection,['BUPIVACAINE HYDROCHLORIDE'],['HUMAN PRESCRIPTION DRUG'],"['INFILTRATION', 'PERINEURAL']",['BUPIVACAINE HYDROCHLORIDE']
43066-019-10,Ropivacaine Hydrochloride Injection,"Ropivacaine Hydrochloride, Injection, 5 mg/1 mL (NDC 43066-019-10)",Injection,['ROPIVACAINE HYDROCHLORIDE'],['HUMAN PRESCRIPTION DRUG'],"['EPIDURAL', 'INFILTRATION', 'PERINEURAL']",['ROPIVACAINE HYDROCHLORIDE']
0264-4500-00,Amino Acid Injection,"Plenamine, Injection, 0.15 (NDC 0264-4500-00)",Injection,['PLENAMINE'],['HUMAN PRESCRIPTION DRUG'],['INTRAVENOUS'],"['LYSINE ACETATE', 'LEUCINE', 'PHENYLALANINE', 'VALINE', 'ISOLEUCINE', 'METHIONINE', 'THREONINE', 'TRYPTOPHAN', 'ALANINE', 'ARGININE', 'GLYCINE', 'HISTIDINE', 'PROLINE', 'GLUTAMIC ACID', 'SERINE', 'ASPARTIC ACID', 'TYROSINE']"
50458-575-01,Rivaroxaban For Suspension,"Xarelto, For Suspension, 155 mg (NDC 50458-575-01)",,['XARELTO'],['HUMAN PRESCRIPTION DRUG'],['ORAL'],['RIVAROXABAN']
60505-4744-1,Lisdexamfetamine Dimesylate Capsule,"Lisdexamfetamine Dimesylate, Capsule, 60 mg (NDC 60505-4744-1)",Capsule,,,,
0378-4415-01,Flurazepam Hydrochloride Capsule,"Flurazepam Hydrochloride, Capsule, 15 mg (NDC 0378-4415-01)",Capsule,,,,
31722-275-34,Bupivacaine Hydrochloride Injection,"Bupivacaine Hydrochloride, Injection, 2.5 mg/1 mL (NDC 31722-275-34)",Injection,['BUPIVACAINE HYDROCHLORIDE'],['HUMAN PRESCRIPTION DRUG'],"['EPIDURAL', 'INFILTRATION', 'INTRACAUDAL', 'PERINEURAL']",['BUPIVACAINE HYDROCHLORIDE']
63323-285-10,Ropivacaine Hydrochloride Injection,"Naropin, Injection, 2 mg/1 mL (NDC 63323-285-10)",Injection,['NAROPIN'],['HUMAN PRESCRIPTION DRUG'],"['EPIDURAL', 'INFILTRATION']",['ROPIVACAINE HYDROCHLORIDE']
0009-0051-01,Medroxyprogesterone Acetate Tablet,"PROVERA, Tablet, 10 mg (NDC 0009-0051-01)",Tablet,['PROVERA'],['HUMAN PRESCRIPTION DRUG'],['ORAL'],['MEDROXYPROGESTERONE ACETATE']
63323-288-20,Ropivacaine Hydrochloride Injection,"Naropin, Injection, 10 mg/1 mL (NDC 63323-288-20)",Injection,['NAROPIN'],['HUMAN PRESCRIPTION DRUG'],['EPIDURAL'],['ROPIVACAINE HYDROCHLORIDE']
64850-505-01,"Amphetamine Aspartate Monohydrate, Amphetamine Sulfate, Dextroamphetamine Saccharate, Dextroamphetamine Sulfate Tablet","Amphetamine Aspartate Monohydrate, Amphetamine Sulfate, Dextroamphetamine Saccharate, Dextroamphetamine Sulfate, Tablet, 5 mg; 5 mg; 5 mg; 5 mg (NDC 64850-505-01)",Tablet,"['DEXTROAMPHETAMINE SACCHARATE, AMPHETAMINE ASPARTATE, DEXTROAMPHETAMINE SULFATE AND AMPHETAMINE SULFATE']",['HUMAN PRESCRIPTION DRUG'],['ORAL'],"['DEXTROAMPHETAMINE SACCHARATE', 'AMPHETAMINE ASPARTATE MONOHYDRATE', 'DEXTROAMPHETAMINE SULFATE', 'AMPHETAMINE SULFATE']"
71288-203-05,Furosemide Injection,"Furosemide, Injection, 10 mg/1 mL (NDC 71288-203-05)",Injection,['FUROSEMIDE'],['HUMAN PRESCRIPTION DRUG'],"['INTRAMUSCULAR', 'INTRAVENOUS']",['FUROSEMIDE']
0941-0433-51,"Calcium Chloride; Dextrose; Magnesium Chloride; Sodium Chloride; Sodium Lactate Intraperitoneal Injection, Solution","DIANEAL Low Calcium with Dextrose, Intraperitoneal Injection, Solution, 18.3 mg/100 mL; 4.25 g/100 mL; 5.08 mg/100 mL; 538 mg/100 mL; 448 mg/100 mL (NDC 0941-0433-51)",Solution,['DIANEAL LOW CALCIUM WITH DEXTROSE'],['HUMAN PRESCRIPTION DRUG'],['INTRAPERITONEAL'],"['DEXTROSE MONOHYDRATE', 'SODIUM CHLORIDE', 'SODIUM LACTATE', 'CALCIUM CHLORIDE', 'MAGNESIUM CHLORIDE']"
70069-067-25,Ropivacaine Hydrochloride Injection,"Ropivacaine Hydrochloride, Injection, 10 mg/1 mL (NDC 70069-067-25)",Injection,['ROPIVACAINE HYDROCHLORIDE'],['HUMAN PRESCRIPTION DRUG'],['EPIDURAL'],['ROPIVACAINE HYDROCHLORIDE']
63323-462-37,"Bupivacaine Hydrochloride, Epinephrine Bitartrate Injection","Sensorcaine, Injection, 5 mg/1 mL; .005 mg/1 mL (NDC 63323-462-37)",Injection,['SENSORCAINE MPF'],['HUMAN PRESCRIPTION DRUG'],"['EPIDURAL', 'INFILTRATION', 'INTRACAUDAL', 'PERINEURAL']","['BUPIVACAINE HYDROCHLORIDE', 'EPINEPHRINE BITARTRATE']"
63323-286-31,Ropivacaine Hydrochloride Injection,"Naropin, Injection, 5 mg/1 mL (NDC 63323-286-31)",Injection,['NAROPIN'],['HUMAN PRESCRIPTION DRUG'],"['EPIDURAL', 'INFILTRATION', 'PERINEURAL']",['ROPIVACAINE HYDROCHLORIDE']
64850-552-01,Lisdexamfetamine Dimesylate Capsule,"Lisdexamfetamine Dimesylate, Capsule, 30 mg (NDC 64850-552-01)",Capsule,['LISDEXAMFETAMINE DIMESYLATE'],['HUMAN PRESCRIPTION DRUG'],['ORAL'],['LISDEXAMFETAMINE DIMESYLATE']
63323-469-05,Haloperidol Decanoate Injection,"Haloperidol Decanoate, Injection, 50 mg/1 mL (NDC 63323-469-05)",Injection,['HALOPERIDOL DECANOATE'],['HUMAN PRESCRIPTION DRUG'],['INTRAMUSCULAR'],['HALOPERIDOL DECANOATE']
54288-167-01,Carboplatin Injection,"Carboplatin, Injection, 600 mg/65 mL (NDC 54288-167-01)",Injection,['CARBOPLATIN'],['HUMAN PRESCRIPTION DRUG'],['INTRAVENOUS'],['CARBOPLATIN']
0487-6105-01,Sterile Water Injection,"Sterile Water, Injection, 1 mL/1 mL (NDC 0487-6105-01)",Injection,['STERILE WATER'],['HUMAN PRESCRIPTION DRUG'],"['INTRAMUSCULAR', 'INTRAVENOUS', 'SUBCUTANEOUS']",['WATER']
63323-340-20,Cefepime Hydrochloride Injection,"Cefepime Hydrochloride, Injection, 2 g (NDC 63323-340-20)",Injection,['CEFEPIME'],['HUMAN PRESCRIPTION DRUG'],['INTRAVENOUS'],['CEFEPIME HYDROCHLORIDE']
70069-047-25,Sodium Acetate Injection,"Sodium Acetate, Injection, 164 mg/1 mL (NDC 70069-047-25)",Injection,['SODIUM ACETATE ANHYDROUS'],['HUMAN PRESCRIPTION DRUG'],['INTRAVENOUS'],['SODIUM ACETATE ANHYDROUS']
59417-116-01,"Lisdexamfetamine Dimesylate Tablet, Chewable","Vyvanse, Tablet, Chewable, 20 mg (NDC 59417-116-01)","Tablet, Chewable",['VYVANSE'],['HUMAN PRESCRIPTION DRUG'],['ORAL'],['LISDEXAMFETAMINE DIMESYLATE']
0574-7093-12,Hydrocortisone Acetate Suppository,"Hydrocortisone Acetate, Suppository, 30 mg (NDC 0574-7093-12)",Suppository,['HYDROCORTISONE ACETATE'],['HUMAN PRESCRIPTION DRUG'],['RECTAL'],['HYDROCORTISONE ACETATE']
61703-339-50,Carboplatin Injection,"Carboplatin, Injection, 450 mg/45 mL (10 mg/mL) (NDC 61703-339-50)",Injection,['CARBOPLATIN'],['HUMAN PRESCRIPTION DRUG'],['INTRAVENOUS'],['CARBOPLATIN']
0574-7040-04,Belladonna and Opium Suppository,"Belladonna and Opium, Suppository, 16.2 mg; 60 mg (NDC 0574-7040-04)",Suppository,['BELLADONNA AND OPIUM'],['HUMAN PRESCRIPTION DRUG'],['RECTAL'],"['ATROPA BELLADONNA', 'OPIUM']"
59651-722-99,Clonazepam Tablet,"Clonazepam, Tablet, .5 mg (NDC 59651-722-99)",Tablet,['CLONAZEPAM'],['HUMAN PRESCRIPTION DRUG'],['ORAL'],['CLONAZEPAM']
0409-7299-25,Sodium Acetate Injection,"Sodium Acetate, Injection, 40 mEq/20 mL (2 mEq/mL) (NDC 0409-7299-25)",Injection,['SODIUM ACETATE'],['HUMAN PRESCRIPTION DRUG'],['INTRAVENOUS'],['SODIUM ACETATE ANHYDROUS']
62175-312-37,"Methylphenidate Hydrochloride Tablet, Extended Release","Methylphenidate Hydrochloride, Tablet, Extended Release, 36 mg (NDC 62175-312-37)",Tablet,['METHYLPHENIDATE HYDROCHLORIDE'],['HUMAN PRESCRIPTION DRUG'],['ORAL'],['METHYLPHENIDATE HYDROCHLORIDE']
62332-599-25,Ketorolac Tromethamine Injection,"Ketorolac Tromethamine, Injection, 15 mg/1 mL (NDC 62332-599-25)",Injection,['KETOROLAC TROMETHAMINE'],['HUMAN PRESCRIPTION DRUG'],"['INTRAMUSCULAR', 'INTRAVENOUS']",['KETOROLAC TROMETHAMINE']
0338-0644-04,Amino Acid Injection,"Travasol, Injection, 2.07 g/100 mL; 1.15 g/100 mL; 1.03 g/100 mL; 480 mg/100 mL; 600 mg/100 mL; 730 mg/100 mL; 580 mg/100 mL; 400 mg/100 mL; 560 mg/100 mL; 680 mg/100 mL; 500 mg/100 mL; 420 mg/100 mL; 180 mg/100 mL; 40 mg/100 mL; 580 mg/100 mL (NDC 0338-0644-04)",Injection,['TRAVASOL'],['HUMAN PRESCRIPTION DRUG'],['INTRAVENOUS'],"['LEUCINE', 'PHENYLALANINE', 'LYSINE HYDROCHLORIDE', 'METHIONINE', 'ISOLEUCINE', 'VALINE', 'HISTIDINE', 'THREONINE', 'TRYPTOPHAN', 'ALANINE', 'GLYCINE', 'ARGININE', 'PROLINE', 'TYROSINE', 'SERINE']"
72205-102-01,Bumetanide Injection,"Bumetanide, Injection, 0.25 mg/mL, 10 mL (NDC 72205-102-01)",Injection,['BUMETANIDE'],['HUMAN PRESCRIPTION DRUG'],"['INTRAMUSCULAR', 'INTRAVENOUS']",['BUMETANIDE']
0941-0411-06,"Calcium Chloride; Dextrose; Magnesium Chloride; Sodium Chloride; Sodium Lactate Intraperitoneal Injection, Solution","DIANEAL PD-2 with Dextrose, Intraperitoneal Injection, Solution, 25.7 mg/100 mL; 1.5 g/100 mL; 5.08 mg/100 mL; 538 mg/100 mL; 448 mg/100 mL (NDC 0941-0411-06)",Solution,['DIANEAL PD-2 WITH DEXTROSE'],['HUMAN PRESCRIPTION DRUG'],['INTRAPERITONEAL'],"['DEXTROSE MONOHYDRATE', 'SODIUM CHLORIDE', 'SODIUM LACTATE', 'CALCIUM CHLORIDE', 'MAGNESIUM CHLORIDE']"
0338-0004-02,Sterile Water Irrigant,"Sterile Water, Irrigant, 100 mL/100 mL (NDC 0338-0004-02)",Irrigant,['STERILE WATER'],['HUMAN PRESCRIPTION DRUG'],['IRRIGATION'],['WATER']
50458-588-01,"Methylphenidate Hydrochloride Tablet, Extended Release","Concerta, Tablet, Extended Release, 27 mg (NDC 50458-588-01)",Tablet,['CONCERTA'],['HUMAN PRESCRIPTION DRUG'],['ORAL'],['METHYLPHENIDATE HYDROCHLORIDE']
25021-700-01,Ketorolac Tromethamine Injection,"Ketorolac Tromethamine, Injection, 15 mg/1 mL (NDC 25021-700-01)",Injection,['KETOROLAC TROMETHAMINE'],['HUMAN PRESCRIPTION DRUG'],"['INTRAMUSCULAR', 'INTRAVENOUS']",['KETOROLAC TROMETHAMINE']
0781-3423-94,Caspofungin Acetate Injection,"Caspofungin Acetate, Injection, 7 mg/1 mL (NDC 0781-3423-94)",Injection,['CASPOFUNGIN ACETATE'],['HUMAN PRESCRIPTION DRUG'],['INTRAVENOUS'],['CASPOFUNGIN ACETATE']
0409-1165-01,Bupivacaine Hydrochloride Injection,"Bupivacaine Hydrochloride, Injection, 7.5 mg/1 mL (NDC 0409-1165-01)",Injection,['BUPIVACAINE HYDROCHLORIDE'],['HUMAN PRESCRIPTION DRUG'],"['EPIDURAL', 'RETROBULBAR']",['BUPIVACAINE HYDROCHLORIDE']
0574-2420-65,"Methylphenidate Film, Extended Release","Methylphenidate, Film, Extended Release, 20 mg (NDC 0574-2420-65)","Film, Extended Release",['METHYLPHENIDATE TRANSDERMAL SYSTEM'],['HUMAN PRESCRIPTION DRUG'],['TRANSDERMAL'],['METHYLPHENIDATE']
72143-321-30,Sulconazole Nitrate Solution,"Sulconazole Nitrate, Solution, 30 mL (NDC 72143-321-30)",Solution,['SULCONAZOLE NITRATE'],['HUMAN PRESCRIPTION DRUG'],['TOPICAL'],['SULCONAZOLE NITRATE']
42023-230-10,Micafungin Sodium Injection,"Micafungin Sodium, Injection, 20 mg/1 mL (NDC 42023-230-10)",Injection,,,,
57844-117-01,"Amphetamine Aspartate Monohydrate, Amphetamine Sulfate, Dextroamphetamine Saccharate, Dextroamphetamine Sulfate Tablet","Adderall, Tablet, 1.875 mg; 1.875 mg; 1.875 mg; 1.875 mg (NDC 57844-117-01)",Tablet,['ADDERALL'],['HUMAN PRESCRIPTION DRUG'],['ORAL'],"['DEXTROAMPHETAMINE SACCHARATE', 'AMPHETAMINE ASPARTATE MONOHYDRATE', 'DEXTROAMPHETAMINE SULFATE', 'AMPHETAMINE SULFATE']"
63323-468-37,"Bupivacaine Hydrochloride, Epinephrine Bitartrate Injection","Sensorcaine, Injection, 2.5 mg/1 mL; .005 mg/1 mL (NDC 63323-468-37)",Injection,['SENSORCAINE MPF'],['HUMAN PRESCRIPTION DRUG'],"['EPIDURAL', 'INFILTRATION', 'INTRACAUDAL', 'PERINEURAL']","['BUPIVACAINE HYDROCHLORIDE', 'EPINEPHRINE BITARTRATE']"
0264-4500-05,Amino Acid Injection,"Plenamine, Injection, 0.15 (NDC 0264-4500-05)",Injection,['PLENAMINE'],['HUMAN PRESCRIPTION DRUG'],['INTRAVENOUS'],"['LYSINE ACETATE', 'LEUCINE', 'PHENYLALANINE', 'VALINE', 'ISOLEUCINE', 'METHIONINE', 'THREONINE', 'TRYPTOPHAN', 'ALANINE', 'ARGININE', 'GLYCINE', 'HISTIDINE', 'PROLINE', 'GLUTAMIC ACID', 'SERINE', 'ASPARTIC ACID', 'TYROSINE']"
63323-467-57,Bupivacaine Hydrochloride Injection,"Sensorcaine, Injection, 5 mg/1 mL (NDC 63323-467-57)",Injection,['SENSORCAINE'],['HUMAN PRESCRIPTION DRUG'],['PERINEURAL'],['BUPIVACAINE HYDROCHLORIDE']
0002-8011-27,Mirikizumab-mrkz Injection,"Omvoh, Injection, 100 mg/1 mL (NDC 0002-8011-27)",Injection,['OMVOH'],['HUMAN PRESCRIPTION DRUG'],['SUBCUTANEOUS'],['MIRIKIZUMAB']
63323-492-37,Lidocaine Hydrochloride Injection,"Xylocaine, Injection, 10 mg/1 mL (NDC 63323-492-37)",Injection,['XYLOCAINE MPF'],['HUMAN PRESCRIPTION DRUG'],"['EPIDURAL', 'INFILTRATION', 'INTRACAUDAL', 'PERINEURAL']",['LIDOCAINE HYDROCHLORIDE ANHYDROUS']
72888-154-05,Clonazepam Tablet,"Clonazepam, Tablet, 2 mg (NDC 72888-154-05)",Tablet,['CLONAZEPAM'],['HUMAN PRESCRIPTION DRUG'],['ORAL'],['CLONAZEPAM']
60951-701-70,Acetaminophen; Oxycodone Hydrochloride Tablet,"Acetaminophen; Oxycodone Hydrochloride, Tablet, 325 mg; 2.5 mg (NDC 60951-701-70)",Tablet,['ENDOCET'],['HUMAN PRESCRIPTION DRUG'],['ORAL'],"['OXYCODONE HYDROCHLORIDE', 'ACETAMINOPHEN']"
43547-406-10,Clonazepam Tablet,"Clonazepam, Tablet, .5 mg (NDC 43547-406-10)",Tablet,['CLONAZEPAM'],['HUMAN PRESCRIPTION DRUG'],['ORAL'],['CLONAZEPAM']
55150-172-30,Bupivacaine Hydrochloride Injection,"Bupivacaine Hydrochloride, Injection, 7.5 mg/1 mL (NDC 55150-172-30)",Injection,['BUPIVACAINE HYDROCHLORIDE'],['HUMAN PRESCRIPTION DRUG'],"['EPIDURAL', 'RETROBULBAR']",['BUPIVACAINE HYDROCHLORIDE']
69238-2512-9,Nitrofurantoin Oral Suspension,"Nitrofurantoin, Oral Suspension, 25 mg/5 mL (NDC 69238-2512-9)",Oral Suspension,['NITROFURANTOIN'],['HUMAN PRESCRIPTION DRUG'],['ORAL'],['NITROFURANTOIN']
63323-493-97,Lidocaine Hydrochloride Injection,"Xylocaine, Injection, 15 mg/1 mL (NDC 63323-493-97)",Injection,['XYLOCAINE MPF'],['HUMAN PRESCRIPTION DRUG'],"['EPIDURAL', 'INFILTRATION', 'INTRACAUDAL', 'PERINEURAL']",['LIDOCAINE HYDROCHLORIDE ANHYDROUS']
0093-3212-01,Clonazepam Tablet,"Clonazepam, Tablet, 1 mg (NDC 0093-3212-01)",Tablet,['CLONAZEPAM'],['HUMAN PRESCRIPTION DRUG'],['ORAL'],['CLONAZEPAM']
0409-1103-01,Cisatracurium Besylate Injection,"Cisatracurium Besylate, Injection, 200 mg/20ml (10 mg/mL) Single Dose Vial (NDC 0409-1103-01)",Injection,['CISATRACURIUM BESYLATE'],['HUMAN PRESCRIPTION DRUG'],['INTRAVENOUS'],['CISATRACURIUM BESYLATE']
0143-9378-01,Daptomycin Injection,"Daptomycin, Injection, 500 mg/10 mL (NDC 0143-9378-01)",Injection,,,,
0228-2855-11,"Guanfacine Hydrochloride Tablet, Extended Release","Guanfacine Hydrochloride, Tablet, Extended Release, 4 mg (NDC 0228-2855-11)",Tablet,['GUANFACINE'],['HUMAN PRESCRIPTION DRUG'],['ORAL'],['GUANFACINE HYDROCHLORIDE']
0990-7930-02,Dextrose Monohydrate 10% Injection,"Dextrose 10% In Plastic Container, Injection, 10 g/100 mL (NDC 0990-7930-02)",Injection,['DEXTROSE'],['HUMAN PRESCRIPTION DRUG'],['INTRAVENOUS'],['DEXTROSE MONOHYDRATE']
71288-115-30,Azacitidine Injection,"Azacitidine, Injection, 100 mg/30 mL (NDC 71288-115-30)",Injection,['AZACITIDINE'],['HUMAN PRESCRIPTION DRUG'],"['INTRAVENOUS', 'SUBCUTANEOUS']",['AZACITIDINE']
23155-601-41,Midazolam Hydrochloride Injection,"Midazolam Hydrochloride, Injection, 5 mg/1 mL (NDC 23155-601-41)",Injection,['MIDAZOLAM HYDROCHLORIDE'],['HUMAN PRESCRIPTION DRUG'],"['INTRAMUSCULAR', 'INTRAVENOUS']",['MIDAZOLAM HYDROCHLORIDE']
11534-193-01,"Amphetamine Aspartate Monohydrate, Amphetamine Sulfate, Dextroamphetamine Saccharate, Dextroamphetamine Sulfate Tablet","Amphetamine Aspartate Monohydrate, Amphetamine Sulfate, Dextroamphetamine Saccharate, Dextroamphetamine Sulfate, Tablet, 3.125 mg; 3.125 mg; 3.125 mg; 3.125 mg (NDC 11534-193-01)",Tablet,"['DEXTROAMPHETAMINE SACCHARATE, AMPHETAMINE ASPARTATE, DEXTROAMPHETAMINE SULFATE AND AMPHETAMINE SULFATE']",['HUMAN PRESCRIPTION DRUG'],['ORAL'],"['DEXTROAMPHETAMINE SACCHARATE', 'AMPHETAMINE ASPARTATE MONOHYDRATE', 'DEXTROAMPHETAMINE SULFATE', 'AMPHETAMINE SULFATE']"
76045-211-20,Midazolam Hydrochloride Injection,"Midazolam Hydrochloride Preservative Free, Injection, 2 mg/2 mL (NDC 76045-211-20)",Injection,['MIDAZOLAM'],['HUMAN PRESCRIPTION DRUG'],"['INTRAMUSCULAR', 'INTRAVENOUS']",['MIDAZOLAM HYDROCHLORIDE']
55513-813-28,Ivabradine Solution,"Corlanor, Solution, 5 mg/5 mL (NDC 55513-813-28)",Solution,['CORLANOR'],['HUMAN PRESCRIPTION DRUG'],['ORAL'],['IVABRADINE HYDROCHLORIDE']
0990-7923-36,Dextrose Monohydrate 5% Injection,"Dextrose 5% In Plastic Container, Injection, 5 g/100 mL (NDC 0990-7923-36)",Injection,['DEXTROSE'],['HUMAN PRESCRIPTION DRUG'],['INTRAVENOUS'],['DEXTROSE MONOHYDRATE']
0409-5534-14,Sodium Bicarbonate Injection,"Sodium Bicarbonate, Injection, 42 mg/1 mL (NDC 0409-5534-14)",Injection,,,,
0832-0274-11,Morphine Sulfate Tablet,"Morphine Sulfate, Tablet, 30 mg (NDC 0832-0274-11)",Tablet,['MORPHINE SULFATE'],['HUMAN PRESCRIPTION DRUG'],['ORAL'],['MORPHINE SULFATE']
67457-902-10,Etomidate Injection,"Etomidate, Injection, 2 mg/1 mL (NDC 67457-902-10)",Injection,['ETOMIDATE'],['HUMAN PRESCRIPTION DRUG'],['INTRAVENOUS'],['ETOMIDATE']
0093-3213-05,Clonazepam Tablet,"Clonazepam, Tablet, 2 mg (NDC 0093-3213-05)",Tablet,['CLONAZEPAM'],['HUMAN PRESCRIPTION DRUG'],['ORAL'],['CLONAZEPAM']
57844-130-01,"Amphetamine Aspartate Monohydrate, Amphetamine Sulfate, Dextroamphetamine Saccharate, Dextroamphetamine Sulfate Tablet","Adderall, Tablet, 7.5 mg; 7.5 mg; 7.5 mg; 7.5 mg (NDC 57844-130-01)",Tablet,['ADDERALL'],['HUMAN PRESCRIPTION DRUG'],['ORAL'],"['DEXTROAMPHETAMINE SACCHARATE', 'AMPHETAMINE ASPARTATE MONOHYDRATE', 'DEXTROAMPHETAMINE SULFATE', 'AMPHETAMINE SULFATE']"
0228-2551-11,"Diclofenac Sodium Tablet, Delayed Release","Diclofenac Sodium, Tablet, Delayed Release, 75 mg (NDC 0228-2551-11)",Tablet,['DICLOFENAC SODIUM'],['HUMAN PRESCRIPTION DRUG'],['ORAL'],['DICLOFENAC SODIUM']
82667-800-01,Triamcinolone Acetonide Injection,"Triesence, Injection, 40 mg/1 mL (NDC 82667-800-01)",Injection,['TRIESENCE'],['HUMAN PRESCRIPTION DRUG'],['OPHTHALMIC'],['TRIAMCINOLONE ACETONIDE']
13668-356-01,Nebivolol Hydrochloride Tablet,"Nebivolol Hydrochloride, Tablet, 20 mg (NDC 13668-356-01)",Tablet,,,,
0781-3465-95,Fondaparinux Sodium Injection,"Fondaparinux Sodium, Injection, 7.5 mg/.6 mL (NDC 0781-3465-95)",Injection,['FONDAPARINUX SODIUM'],['HUMAN PRESCRIPTION DRUG'],['SUBCUTANEOUS'],['FONDAPARINUX SODIUM']
0409-1660-20,Dexmedetomidine Hydrochloride Injection,"Precedex, Injection, 80 mcg/20 mL (4 mcg/mL) (NDC 0409-1660-20)",Injection,['PRECEDEX'],['HUMAN PRESCRIPTION DRUG'],['INTRAVENOUS'],['DEXMEDETOMIDINE HYDROCHLORIDE']
0409-4776-01,Lidocaine Hydrochloride Injection,"Lidocaine Hydrochloride Preservative Free, Injection, 300 mg/20 mL (1.5%; 15 mg/mL) (NDC 0409-4776-01)",Injection,['LIDOCAINE HYDROCHLORIDE'],['HUMAN PRESCRIPTION DRUG'],"['EPIDURAL', 'INFILTRATION', 'INTRACAUDAL', 'PERINEURAL']",['LIDOCAINE HYDROCHLORIDE']
0338-1073-02,Dobutamine Hydrochloride Injection,"Dobutamine Hydrochloride In Dextrose 5% In Plastic Container, Injection, 100 mg/100 mL (NDC 0338-1073-02)",Injection,['DOBUTAMINE HYDROCHLORIDE IN DEXTROSE'],['HUMAN PRESCRIPTION DRUG'],['INTRAVENOUS'],['DOBUTAMINE HYDROCHLORIDE']
0409-2253-25,Bupivacaine Hydrochloride Injection,"Marcaine, Injection, 225 mg/30 mL (NDC 0409-2253-25)",Injection,['MARCAINE'],['HUMAN PRESCRIPTION DRUG'],"['EPIDURAL', 'RETROBULBAR']",['BUPIVACAINE HYDROCHLORIDE']
0409-1630-10,Atropine Sulfate Injection,"Atropine Sulfate, Injection, 1 mg/10 mL (0.1 mg/mL) Syringes (NDC 0409-1630-10)",Injection,['ATROPINE SULFATE'],['HUMAN PRESCRIPTION DRUG'],['INTRAVENOUS'],['ATROPINE SULFATE']
36000-283-25,Furosemide Injection,"Furosemide, Injection, 10 mg/1 mL (NDC 36000-283-25)",Injection,['FUROSEMIDE'],['HUMAN PRESCRIPTION DRUG'],['INTRAVENOUS'],['FUROSEMIDE']
67457-423-12,Dexamethasone Sodium Phosphate Injection,"Dexamethasone Sodium Phosphate, Injection, 4 mg/1 mL (NDC 67457-423-12)",Injection,['DEXAMETHASONE SODIUM PHOSPHATE'],['HUMAN PRESCRIPTION DRUG'],"['INTRA-ARTICULAR', 'INTRALESIONAL', 'INTRAMUSCULAR', 'INTRAVENOUS', 'SOFT TISSUE']",['DEXAMETHASONE SODIUM PHOSPHATE']
63323-492-27,Lidocaine Hydrochloride Injection,"Xylocaine, Injection, 10 mg/1 mL (NDC 63323-492-27)",Injection,['XYLOCAINE MPF'],['HUMAN PRESCRIPTION DRUG'],"['EPIDURAL', 'INFILTRATION', 'INTRACAUDAL', 'PERINEURAL']",['LIDOCAINE HYDROCHLORIDE ANHYDROUS']
63323-481-57,"Epinephrine Bitartrate, Lidocaine Hydrochloride Injection","Xylocaine, Injection, .005 mg/1 mL; 5 mg/1 mL (NDC 63323-481-57)",Injection,['XYLOCAINE'],['HUMAN PRESCRIPTION DRUG'],"['INFILTRATION', 'PERINEURAL']","['LIDOCAINE HYDROCHLORIDE ANHYDROUS', 'EPINEPHRINE BITARTRATE']"
0338-1130-04,Amino Acid Injection,"Premasol 10% Sulfite Free in VIAFLEX Plastic Container, Injection, 0.1 (NDC 0338-1130-04)",Injection,['PREMASOL - SULFITE-FREE (AMINO ACID)'],['HUMAN PRESCRIPTION DRUG'],['INTRAVENOUS'],"['LEUCINE', 'LYSINE ACETATE', 'ISOLEUCINE', 'VALINE', 'HISTIDINE', 'PHENYLALANINE', 'THREONINE', 'METHIONINE', 'TRYPTOPHAN', 'TYROSINE', 'ARGININE', 'PROLINE', 'ALANINE', 'GLUTAMIC ACID', 'SERINE', 'GLYCINE', 'ASPARTIC ACID', 'TAURINE', 'CYSTEINE HYDROCHLORIDE']"
57664-656-88,Pindolol Tablet,"Pindolol, Tablet, 10 mg (NDC 57664-656-88)",Tablet,['PINDOLOL'],['HUMAN PRESCRIPTION DRUG'],['ORAL'],['PINDOLOL']
65219-281-10,Gadobutrol Injection,"Gadobutrol, Injection, 604.72 mg/mL (NDC 65219-281-10)",Injection,['GADOBUTROL'],['HUMAN PRESCRIPTION DRUG'],['INTRAVENOUS'],['GADOBUTROL']
0409-2596-05,Midazolam Hydrochloride Injection,"Midazolam Hydrochloride, Injection, 50 mg/10 mL (5 mg/mL) (NDC 0409-2596-05)",Injection,['MIDAZOLAM'],['HUMAN PRESCRIPTION DRUG'],"['INTRAMUSCULAR', 'INTRAVENOUS']",['MIDAZOLAM HYDROCHLORIDE']
0409-1323-05,Lidocaine Hydrochloride Injection,"Lidocaine Hydrochloride Preservative Free In Plastic Container, Injection, 100 mg/5mL (2%,20 mg/1 mL) Syringes (NDC 0409-1323-05)",Injection,['LIDOCAINE HYDROCHLORIDE'],['HUMAN PRESCRIPTION DRUG'],['INTRAVENOUS'],['LIDOCAINE HYDROCHLORIDE']
0527-0761-37,"Amphetamine Aspartate Monohydrate, Amphetamine Sulfate, Dextroamphetamine Saccharate, Dextroamphetamine Sulfate Tablet","Amphetamine Aspartate Monohydrate, Amphetamine Sulfate, Dextroamphetamine Saccharate, Dextroamphetamine Sulfate, Tablet, 1.875 mg; 1.875 mg; 1.875 mg; 1.875 mg (NDC 0527-0761-37)",Tablet,"['DEXTROAMPHETAMINE SACCHARATE, AMPHETAMINE ASPARTATE, DEXTROAMPHETAMINE SULFATE AND AMPHETAMINE SULFATE']",['HUMAN PRESCRIPTION DRUG'],['ORAL'],"['DEXTROAMPHETAMINE SACCHARATE', 'AMPHETAMINE ASPARTATE MONOHYDRATE', 'DEXTROAMPHETAMINE SULFATE', 'AMPHETAMINE SULFATE']"
16729-295-33,Carboplatin Injection,"Carboplatin, Injection, 10 mg/1 mL (NDC 16729-295-33)",Injection,['CARBOPLATIN'],['HUMAN PRESCRIPTION DRUG'],['INTRAVENOUS'],['CARBOPLATIN']
0069-4310-71,Prazosin Hydrochloride Capsule,"Minipress, Capsule, 1 mg (NDC 0069-4310-71)",Capsule,,,,
0574-7090-12,Hydrocortisone Acetate Suppository,"Hydrocortisone Acetate, Suppository, 25 mg (NDC 0574-7090-12)",Suppository,['HYDROCORTISONE ACETATE'],['HUMAN PRESCRIPTION DRUG'],['RECTAL'],['HYDROCORTISONE ACETATE']
55150-209-02,Dexmedetomidine Hydrochloride Injection,"Dexmedetomidine Hydrochloride, Injection, 100 ug/1 mL (NDC 55150-209-02)",Injection,['DEXMEDETOMIDINE'],['HUMAN PRESCRIPTION DRUG'],['INTRAVENOUS'],['DEXMEDETOMIDINE HYDROCHLORIDE']
47781-563-01,Lisdexamfetamine Dimesylate Capsule,"Lisdexamfetamine Dimesylate, Capsule, 20 mg (NDC 47781-563-01)",Capsule,['LISDEXAMFETAMINE DIMESYLATE'],['HUMAN PRESCRIPTION DRUG'],['ORAL'],['LISDEXAMFETAMINE DIMESYLATE']
0093-7768-24,Everolimus Tablet,"Everolimus, Tablet, 7.5 mg (NDC 0093-7768-24)",Tablet,['EVEROLIMUS'],['HUMAN PRESCRIPTION DRUG'],['ORAL'],['EVEROLIMUS']
60505-6282-1,Carboplatin Injection,"Carboplatin, Injection, 50 mg/5 mL (10 mg/mL) Multiple Dose Vial (NDC 60505-6282-1)",Injection,['CARBOPLATIN'],['HUMAN PRESCRIPTION DRUG'],['INTRAVENOUS'],['CARBOPLATIN']
0088-2102-24,"Rifapentine Tablet, Film Coated","Priftin, Tablet, Film Coated, 150 mg (NDC 0088-2102-24)",Tablet,['PRIFTIN'],['HUMAN PRESCRIPTION DRUG'],['ORAL'],['RIFAPENTINE']
63323-851-10,Hydromorphone Hydrochloride Injection,"Hydromorphone Hydrochloride, Injection, 10 mg/1 mL (NDC 63323-851-10)",Injection,['HYDROMORPHONE HYDROCHLORIDE'],['HUMAN PRESCRIPTION DRUG'],"['INTRAMUSCULAR', 'INTRAVENOUS', 'SUBCUTANEOUS']",['HYDROMORPHONE HYDROCHLORIDE']
42806-343-01,"Amphetamine Aspartate Monohydrate, Amphetamine Sulfate, Dextroamphetamine Saccharate, Dextroamphetamine Sulfate Tablet","Amphetamine Aspartate Monohydrate, Amphetamine Sulfate, Dextroamphetamine Saccharate, Dextroamphetamine Sulfate, Tablet, 3.75 mg; 3.75 mg; 3.75 mg; 3.75 mg (NDC 42806-343-01)",Tablet,"['DEXTROAMPHETAMINE SACCHARATE, AMPHETAMINE ASPARTATE, DEXTROAMPHETAMINE SULFATE AND AMPHETAMINE SULFATE']",['HUMAN PRESCRIPTION DRUG'],['ORAL'],"['DEXTROAMPHETAMINE SACCHARATE', 'AMPHETAMINE ASPARTATE MONOHYDRATE', 'DEXTROAMPHETAMINE SULFATE', 'AMPHETAMINE SULFATE']"
0378-6855-77,Lisdexamfetamine Dimesylate Capsule,"Lisdexamfetamine Dimesylate, Capsule, 20 mg (NDC 0378-6855-77)",Capsule,['LISDEXAMFETAMINE DIMESYLATE'],['HUMAN PRESCRIPTION DRUG'],['ORAL'],['LISDEXAMFETAMINE DIMESYLATE']
72888-153-30,Clonazepam Tablet,"Clonazepam, Tablet, 1 mg (NDC 72888-153-30)",Tablet,['CLONAZEPAM'],['HUMAN PRESCRIPTION DRUG'],['ORAL'],['CLONAZEPAM']
67457-228-10,Rocuronium Bromide Injection,"Rocuronium Bromide, Injection, 10 mg/1 mL (NDC 67457-228-10)",Injection,['ROCURONIUM BROMIDE'],['HUMAN PRESCRIPTION DRUG'],['INTRAVENOUS'],['ROCURONIUM BROMIDE']
0574-7224-06,Hydromorphone Hydrochloride Suppository,"Hydromorphone Hydrochloride, Suppository, 3 mg (NDC 0574-7224-06)",Suppository,['HYDROMORPHONE HYDROCHLORIDE'],['HUMAN PRESCRIPTION DRUG'],['RECTAL'],['HYDROMORPHONE HYDROCHLORIDE']
55150-297-10,Dexmedetomidine Hydrochloride Injection,"Dexmedetomidine Hydrochloride, Injection, 4 ug/1 mL (NDC 55150-297-10)",Injection,['DEXMEDETOMIDINE HYDROCHLORIDE'],['HUMAN PRESCRIPTION DRUG'],['INTRAVENOUS'],['DEXMEDETOMIDINE HYDROCHLORIDE']
0409-1304-31,Hydromorphone Hydrochloride Injection,"Hydromorphone Hydrochloride, Injection, 4 mg/1 mL Syringes (NDC 0409-1304-31)",Injection,['HYDROMORPHONE HYDROCHLORIDE'],['HUMAN PRESCRIPTION DRUG'],"['INTRAMUSCULAR', 'INTRAVENOUS', 'SUBCUTANEOUS']",['HYDROMORPHONE HYDROCHLORIDE']
16729-136-00,Clonazepam Tablet,"Clonazepam, Tablet, .5 mg (NDC 16729-136-00)",Tablet,['CLONAZEPAM'],['HUMAN PRESCRIPTION DRUG'],['ORAL'],['CLONAZEPAM']
63323-285-13,Ropivacaine Hydrochloride Injection,"Naropin, Injection, 2 mg/1 mL (NDC 63323-285-13)",Injection,['NAROPIN'],['HUMAN PRESCRIPTION DRUG'],"['EPIDURAL', 'INFILTRATION']",['ROPIVACAINE HYDROCHLORIDE']
0143-9531-01,Ifosfamide Injection,"Ifosfamide, Injection, 50 mg/1 mL (NDC 0143-9531-01)",Injection,['IFOSFAMIDE'],['HUMAN PRESCRIPTION DRUG'],['INTRAVENOUS'],['IFOSFAMIDE']
13668-353-05,Nebivolol Hydrochloride Tablet,"Nebivolol Hydrochloride, Tablet, 2.5 mg (NDC 13668-353-05)",Tablet,,,,
0574-0521-25,Activated Charcoal Oral Suspension,"Actidose Aqua, Oral Suspension, 208 mg/1 mL (NDC 0574-0521-25)",Oral Suspension,['ACTIDOSE AQUA'],['HUMAN OTC DRUG'],['ORAL'],['ACTIVATED CHARCOAL']
0338-0502-06,Amino Acid Injection,"Clinisol 15% Sulfite Free In Plastic Container, Injection, 0.15 (NDC 0338-0502-06)",Injection,,,,
0409-3299-06,Sodium Acetate Injection,"Sodium Acetate, Injection, 200 mEq/100 mL (2 mEq/mL) (NDC 0409-3299-06)",Injection,['SODIUM ACETATE'],['HUMAN PRESCRIPTION DRUG'],['INTRAVENOUS'],['SODIUM ACETATE ANHYDROUS']
0480-3566-01,Lisdexamfetamine Dimesylate Capsule,"Lisdexamfetamine Dimesylate, Capsule, 20 mg (NDC 0480-3566-01)",Capsule,['LISDEXAMFETAMINE DIMESYLATE'],['HUMAN PRESCRIPTION DRUG'],['ORAL'],['LISDEXAMFETAMINE DIMESYLATE']
49884-562-11,"Lamotrigine Tablet, Extended Release","Lamotrigine, Tablet, Extended Release, 50 mg (NDC 49884-562-11)",Tablet,,,,
42023-146-25,Dexmedetomidine Hydrochloride Injection,"Dexmedetomidine Hydrochloride, Injection, 100 ug/1 mL (NDC 42023-146-25)",Injection,['DEXMEDETOMIDINE HYDROCHLORIDE'],['HUMAN PRESCRIPTION DRUG'],['INTRAVENOUS'],['DEXMEDETOMIDINE HYDROCHLORIDE']
0185-2098-01,"Amphetamine Aspartate Monohydrate, Amphetamine Sulfate, Dextroamphetamine Saccharate, Dextroamphetamine Sulfate Tablet","Amphetamine Aspartate Monohydrate, Amphetamine Sulfate, Dextroamphetamine Saccharate, Dextroamphetamine Sulfate, Tablet, 1.25 mg; 1.25 mg; 1.25 mg; 1.25 mg (NDC 0185-2098-01)",Tablet,"['DEXTROAMPHETAMINE SACCHARATE, AMPHETAMINE ASPARTATE MONOHYDRATE, DEXTROAMPHETAMINE SULFATE AND AMPHETAMINE SULFATE']",['HUMAN PRESCRIPTION DRUG'],['ORAL'],"['DEXTROAMPHETAMINE SACCHARATE', 'AMPHETAMINE ASPARTATE MONOHYDRATE', 'DEXTROAMPHETAMINE SULFATE', 'AMPHETAMINE SULFATE']"
76204-025-96,Cromolyn Sodium Concentrate,"Cromolyn Sodium, Concentrate, 100 mg/5 mL (NDC 76204-025-96)",Concentrate,,,,
63323-943-10,Succinylcholine Chloride Injection,"Succinylcholine Chloride, Injection, 20 mg/1 mL (NDC 63323-943-10)",Injection,['SUCCINYLCHOLINE CHLORIDE'],['HUMAN PRESCRIPTION DRUG'],"['INTRAMUSCULAR', 'INTRAVENOUS']",['SUCCINYLCHOLINE CHLORIDE']
13811-706-10,"Methylphenidate Hydrochloride Tablet, Extended Release","Methylphenidate Hydrochloride, Tablet, Extended Release, 18 mg (NDC 13811-706-10)",Tablet,['METHYLPHENIDATE HYDROCHLORIDE'],['HUMAN PRESCRIPTION DRUG'],['ORAL'],['METHYLPHENIDATE HYDROCHLORIDE']
55150-163-30,Lidocaine Hydrochloride Injection,"Lidocaine Hydrochloride, Injection, 10 mg/1 mL (NDC 55150-163-30)",Injection,['LIDOCAINE HYDROCHLORIDE'],['HUMAN PRESCRIPTION DRUG'],"['EPIDURAL', 'INFILTRATION', 'INTRACAUDAL', 'PERINEURAL']",['LIDOCAINE HYDROCHLORIDE']
66794-230-42,Dexmedetomidine Hydrochloride Injection,"Dexmedetomidine Hydrochloride, Injection, 200 ug/2 mL (NDC 66794-230-42)",Injection,['DEXMEDETOMIDINE'],['HUMAN PRESCRIPTION DRUG'],['INTRAVENOUS'],['DEXMEDETOMIDINE HYDROCHLORIDE']
0006-3856-02,"Imipenem Anhydrous, Cilastatin, and Relebactam Anhydrous Injection","RECARBRIO, Injection, 500 mg/100 mL; 500 mg/100 mL; 250 mg/100 mL (NDC 0006-3856-02)",Injection,['RECARBRIO'],['HUMAN PRESCRIPTION DRUG'],['INTRAVENOUS'],"['IMIPENEM ANHYDROUS', 'CILASTATIN', 'RELEBACTAM ANHYDROUS']"
70069-759-04,Dexmedetomidine Hydrochloride Injection,"Dexmedetomidine Hydrochloride, Injection, 100 ug/1 mL (NDC 70069-759-04)",Injection,['DEXMEDETOMIDINE HYDROCHLORIDE'],['HUMAN PRESCRIPTION DRUG'],['INTRAVENOUS'],['DEXMEDETOMIDINE HYDROCHLORIDE']
0093-5031-56,Tiagabine Hydrochloride Tablet,"Tiagabine Hydrochloride, Tablet, 4mg 30 count (NDC 0093-5031-56)",Tablet,['TIAGABINE HYDROCHLORIDE'],['HUMAN PRESCRIPTION DRUG'],['ORAL'],['TIAGABINE HYDROCHLORIDE']
45963-678-11,"Metoprolol Succinate Tablet, Extended Release","Metoprolol Succinate, Tablet, Extended Release, 200 mg (NDC 45963-678-11)",Tablet,['METOPROLOL SUCCINATE'],['HUMAN PRESCRIPTION DRUG'],['ORAL'],['METOPROLOL SUCCINATE']
55150-256-50,Lidocaine Hydrochloride Injection,"Lidocaine Hydrochloride, Injection, 20 mg/mL (NDC 55150-256-50)",Injection,['LIDOCAINE HYDROCHLORIDE'],['HUMAN PRESCRIPTION DRUG'],"['INFILTRATION', 'PERINEURAL']",['LIDOCAINE HYDROCHLORIDE']
42806-341-01,"Amphetamine Aspartate Monohydrate, Amphetamine Sulfate, Dextroamphetamine Saccharate, Dextroamphetamine Sulfate Tablet","Amphetamine Aspartate Monohydrate, Amphetamine Sulfate, Dextroamphetamine Saccharate, Dextroamphetamine Sulfate, Tablet, 2.5 mg; 2.5 mg; 2.5 mg; 2.5 mg (NDC 42806-341-01)",Tablet,"['DEXTROAMPHETAMINE SACCHARATE, AMPHETAMINE ASPARTATE, DEXTROAMPHETAMINE SULFATE AND AMPHETAMINE SULFATE']",['HUMAN PRESCRIPTION DRUG'],['ORAL'],"['DEXTROAMPHETAMINE SACCHARATE', 'AMPHETAMINE ASPARTATE MONOHYDRATE', 'DEXTROAMPHETAMINE SULFATE', 'AMPHETAMINE SULFATE']"
10147-1700-3,Itraconazole Capsule,"Sporanox, Capsule, 100 mg (NDC 10147-1700-3)",Capsule,['ITRACONAZOLE'],['HUMAN PRESCRIPTION DRUG'],['ORAL'],['ITRACONAZOLE']
63323-671-50,Dexmedetomidine Hydrochloride Injection,"Dexmedetomidine Hydrochloride, Injection, 4 ug/1 mL (NDC 63323-671-50)",Injection,,,,
63323-472-17,Bupivacaine Hydrochloride Injection,"Sensorcaine, Injection, 7.5 mg/1 mL (NDC 63323-472-17)",Injection,['SENSORCAINE MPF'],['HUMAN PRESCRIPTION DRUG'],"['EPIDURAL', 'RETROBULBAR']",['BUPIVACAINE HYDROCHLORIDE']
0641-6060-10,Midazolam Hydrochloride Injection,"Midazolam Hydrochloride, Injection, 5 mg/1 mL (NDC 0641-6060-10)",Injection,['MIDAZOLAM'],['HUMAN PRESCRIPTION DRUG'],"['INTRAMUSCULAR', 'INTRAVENOUS']",['MIDAZOLAM HYDROCHLORIDE']
65162-023-09,Lisdexamfetamine Dimesylate Capsule,"Lisdexamfetamine Dimesylate, Capsule, 20 mg (NDC 65162-023-09)",Capsule,['LISDEXAMFETAMINE DIMESYLATE'],['HUMAN PRESCRIPTION DRUG'],['ORAL'],['LISDEXAMFETAMINE DIMESYLATE']
13668-356-90,Nebivolol Hydrochloride Tablet,"Nebivolol Hydrochloride, Tablet, 20 mg (NDC 13668-356-90)",Tablet,,,,
0002-4312-08,Lasmiditan Succinate Tablet,"Reyvow, Tablet, 50 mg (NDC 0002-4312-08)",Tablet,['REYVOW'],['HUMAN PRESCRIPTION DRUG'],['ORAL'],['LASMIDITAN']
0338-0017-02,Dextrose Monohydrate 5% Injection,"Dextrose 5% In Plastic Container, Injection, 50 g/1000 mL (NDC 0338-0017-02)",Injection,['DEXTROSE'],['HUMAN PRESCRIPTION DRUG'],['INTRAVENOUS'],['DEXTROSE MONOHYDRATE']
0487-9901-30,Albuterol Sulfate Solution,"Albuterol Sulfate, Solution, 2.5 mg/.5 mL (NDC 0487-9901-30)",Solution,['ALBUTEROL SULFATE'],['HUMAN PRESCRIPTION DRUG'],['RESPIRATORY (INHALATION)'],['ALBUTEROL SULFATE']
0641-6020-10,Morphine Sulfate Injection,"Duramorph, Injection, .5 mg/1 mL (NDC 0641-6020-10)",Injection,['DURAMORPH'],['HUMAN PRESCRIPTION DRUG'],"['EPIDURAL', 'INTRATHECAL', 'INTRAVENOUS']",['MORPHINE SULFATE']
59417-102-10,Lisdexamfetamine Dimesylate Capsule,"Vyvanse, Capsule, 20 mg (NDC 59417-102-10)",Capsule,['VYVANSE'],['HUMAN PRESCRIPTION DRUG'],['ORAL'],['LISDEXAMFETAMINE DIMESYLATE']
0338-0017-38,Dextrose Monohydrate 5% Injection,"Dextrose 5% In Plastic Container, Injection, 50 g/1000 mL (NDC 0338-0017-38)",Injection,['DEXTROSE'],['HUMAN PRESCRIPTION DRUG'],['INTRAVENOUS'],['DEXTROSE MONOHYDRATE']
83634-653-02,Lidocaine Hydrochloride Injection,"Lidocaine Hydrochloride, Injection, 20 mg/2 mL (NDC 83634-653-02)",Injection,['LIDOCAINE HYDROCHLORIDE'],['HUMAN PRESCRIPTION DRUG'],"['EPIDURAL', 'INFILTRATION', 'INTRACAUDAL', 'PERINEURAL']",['LIDOCAINE HYDROCHLORIDE']
0143-9252-25,Dopamine Hydrochloride Injection,"Dopamine Hydrochloride, Injection, 40 mg/1 mL (NDC 0143-9252-25)",Injection,['DOPAMINE HYDROCHLORIDE'],['HUMAN PRESCRIPTION DRUG'],['INTRAVENOUS'],['DOPAMINE HYDROCHLORIDE']
70069-752-25,Bupivacaine Hydrochloride Injection,"Bupivacaine Hydrochloride, Injection, 2.5 mg/1 mL (NDC 70069-752-25)",Injection,['BUPIVACAINE HYDROCHLORIDE'],['HUMAN PRESCRIPTION DRUG'],"['INFILTRATION', 'PERINEURAL']",['BUPIVACAINE HYDROCHLORIDE']
13668-355-90,Nebivolol Hydrochloride Tablet,"Nebivolol Hydrochloride, Tablet, 10 mg (NDC 13668-355-90)",Tablet,,,,
0074-3956-46,Lopinavir and Ritonavir Oral Solution,"Kaletra, Oral Solution, 80 mg/1 mL; 20 mg/1 mL (NDC 0074-3956-46)",Oral Solution,['KALETRA'],['HUMAN PRESCRIPTION DRUG'],['ORAL'],"['LOPINAVIR', 'RITONAVIR']"
0338-0551-11,Dextrose Monohydrate 5% Injection,"Dextrose 5% In Plastic Container, Injection, 5 g/100 mL (NDC 0338-0551-11)",Injection,['DEXTROSE'],['HUMAN PRESCRIPTION DRUG'],['INTRAVENOUS'],['DEXTROSE MONOHYDRATE']
55150-254-10,Lidocaine Hydrochloride Injection,"Lidocaine Hydrochloride, Injection, 20 mg/mL (NDC 55150-254-10)",Injection,['LIDOCAINE HYDROCHLORIDE'],['HUMAN PRESCRIPTION DRUG'],"['INFILTRATION', 'PERINEURAL']",['LIDOCAINE HYDROCHLORIDE']
0409-3178-02,"Epinephrine Bitartrate, Lidocaine Hydrochloride Injection","Lidocaine Hydrochloride And Epinephrine, Injection, 300 mg/30 mL (1%; 1:100,000) (NDC 0409-3178-02)",Injection,['LIDOCAINE HYDROCHLORIDE AND EPINEPHRINE'],['HUMAN PRESCRIPTION DRUG'],"['INFILTRATION', 'PERINEURAL']","['LIDOCAINE HYDROCHLORIDE', 'EPINEPHRINE']"
0941-0427-53,"Calcium Chloride; Dextrose; Magnesium Chloride; Sodium Chloride; Sodium Lactate Intraperitoneal Injection, Solution","DIANEAL PD-2 with Dextrose, Intraperitoneal Injection, Solution, 25.7 mg/100 mL; 2.5 g/100 mL; 5.08 mg/100 mL; 538 mg/100 mL; 448 mg/100 mL (NDC 0941-0427-53)",Solution,['DIANEAL PD-2 WITH DEXTROSE'],['HUMAN PRESCRIPTION DRUG'],['INTRAPERITONEAL'],"['DEXTROSE MONOHYDRATE', 'SODIUM CHLORIDE', 'SODIUM LACTATE', 'CALCIUM CHLORIDE', 'MAGNESIUM CHLORIDE']"
0781-2859-10,Omeprazole Delayed Release Capsule,"Omeprazole, Delayed Release Capsule, 10 mg (NDC 0781-2859-10)",,['OMEPRAZOLE'],['HUMAN PRESCRIPTION DRUG'],['ORAL'],['OMEPRAZOLE']
0409-1985-30,Lorazepam Injection,"Lorazepam, Injection, 2 mg/1 mL Syringes (NDC 0409-1985-30)",Injection,['LORAZEPAM'],['HUMAN PRESCRIPTION DRUG'],"['INTRAMUSCULAR', 'INTRAVENOUS']",['LORAZEPAM']
63481-627-70,Acetaminophen; Oxycodone Hydrochloride Tablet,"Acetaminophen; Oxycodone Hydrochloride, Tablet, 325 mg; 2.5 mg (NDC 63481-627-70)",Tablet,,,,
63323-491-57,Lidocaine Hydrochloride Injection,"Xylocaine, Injection, 5 mg/1 mL (NDC 63323-491-57)",Injection,['XYLOCAINE MPF'],['HUMAN PRESCRIPTION DRUG'],['INFILTRATION'],['LIDOCAINE HYDROCHLORIDE ANHYDROUS']
0641-6029-25,Fentanyl Citrate Injection,"Fentanyl Citrate, Injection, 50 mcg/1 mL (NDC 0641-6029-25)",Injection,['FENTANYL CITRATE'],['HUMAN PRESCRIPTION DRUG'],['INTRAVENOUS'],['FENTANYL CITRATE']
0941-0457-05,"Calcium Chloride; Dextrose; Magnesium Chloride; Sodium Chloride; Sodium Lactate Intraperitoneal Injection, Solution","DIANEAL Low Calcium with Dextrose, Intraperitoneal Injection, Solution, 18.3 mg/100 mL; 2.5 g/100 mL; 5.08 mg/100 mL; 538 mg/100 mL; 448 mg/100 mL (NDC 0941-0457-05)",Solution,['DIANEAL LOW CALCIUM WITH DEXTROSE'],['HUMAN PRESCRIPTION DRUG'],['INTRAPERITONEAL'],"['DEXTROSE MONOHYDRATE', 'SODIUM CHLORIDE', 'SODIUM LACTATE', 'CALCIUM CHLORIDE', 'MAGNESIUM CHLORIDE']"
60793-702-10,Penicillin G Benzathine Injection,"Bicillin L-A, Injection, 2400000 [iU]/4 mL (NDC 60793-702-10)",Injection,['BICILLIN L-A'],['HUMAN PRESCRIPTION DRUG'],['INTRAMUSCULAR'],['PENICILLIN G BENZATHINE']
54092-191-12,"Mesalamine Capsule, Extended Release","Pentasa, Capsule, Extended Release, 500 mg (NDC 54092-191-12)","Capsule, Extended Release",['PENTASA'],['HUMAN PRESCRIPTION DRUG'],['ORAL'],['MESALAMINE']
0074-9037-30,Paricalcitol Capsule,"Zemplar, Capsule, 2 ug (NDC 0074-9037-30)",Capsule,['ZEMPLAR'],['HUMAN PRESCRIPTION DRUG'],['ORAL'],['PARICALCITOL']
42858-164-01,Lisdexamfetamine Dimesylate Capsule,"Lisdexamfetamine Dimesylate, Capsule, 40 mg (NDC 42858-164-01)",Capsule,['LISDEXAMFETAMINE DIMESYLATE'],['HUMAN PRESCRIPTION DRUG'],['ORAL'],['LISDEXAMFETAMINE DIMESYLATE']
0173-0716-22,"Fluticasone Propionate and Salmeterol Xinafoate Aerosol, Metered","Advair HFA, Aerosol, Metered, 115 ug; 21 ug (NDC 0173-0716-22)",,['ADVAIR HFA'],['HUMAN PRESCRIPTION DRUG'],['RESPIRATORY (INHALATION)'],"['FLUTICASONE PROPIONATE', 'SALMETEROL XINAFOATE']"
25021-115-06,Clindamycin Phosphate Injection,"Clindamycin Phosphate, Injection, 150 mg/1 mL (NDC 25021-115-06)",Injection,['CLINDAMYCIN'],['HUMAN PRESCRIPTION DRUG'],"['INTRAMUSCULAR', 'INTRAVENOUS']",['CLINDAMYCIN PHOSPHATE']
0641-6083-25,Promethazine Hydrochloride Injection,"Phenergan, Injection, 50 mg/1 mL (NDC 0641-6083-25)",Injection,['PHENERGAN'],['HUMAN PRESCRIPTION DRUG'],['INTRAMUSCULAR'],['PROMETHAZINE HYDROCHLORIDE']
16729-277-30,Methotrexate Sodium Injection,"Methotrexate Sodium Preservative Free, Injection, 25 mg/1 mL (NDC 16729-277-30)",Injection,['METHOTREXATE'],['HUMAN PRESCRIPTION DRUG'],"['INTRA-ARTERIAL', 'INTRAMUSCULAR', 'INTRATHECAL', 'INTRAVENOUS']",['METHOTREXATE']
0990-7922-55,Dextrose Monohydrate 5% Injection,"Dextrose 5% In Plastic Container, Injection, 5 g/100 mL (NDC 0990-7922-55)",Injection,['DEXTROSE'],['HUMAN PRESCRIPTION DRUG'],['INTRAVENOUS'],['DEXTROSE MONOHYDRATE']
0527-4666-37,Lisdexamfetamine Dimesylate Capsule,"Lisdexamfetamine Dimesylate, Capsule, 60 mg (NDC 0527-4666-37)",Capsule,,,,
25021-311-04,Furosemide Injection,"Furosemide, Injection, 10 mg/1 mL (NDC 25021-311-04)",Injection,['FUROSEMIDE'],['HUMAN PRESCRIPTION DRUG'],"['INTRAMUSCULAR', 'INTRAVENOUS']",['FUROSEMIDE']
0009-0902-18,Clindamycin Phosphate Injection,"Cleocin Phosphate, Injection, 900 mg/6 mL (150 mg/mL); 6 mL Vial (NDC 0009-0902-18)",Injection,['CLEOCIN PHOSPHATE'],['HUMAN PRESCRIPTION DRUG'],"['INTRAMUSCULAR', 'INTRAVENOUS']",['CLINDAMYCIN PHOSPHATE']
25021-687-05,Rocuronium Bromide Injection,"Rocuronium Bromide, Injection, 10 mg/1 mL (NDC 25021-687-05)",Injection,['ROCURONIUM BROMIDE'],['HUMAN PRESCRIPTION DRUG'],['INTRAVENOUS'],['ROCURONIUM BROMIDE']
0781-9409-95,Ampicillin Sodium Injection,"Ampicillin Sodium, Injection, 10 g (NDC 0781-9409-95)",Injection,['AMPICILLIN'],['HUMAN PRESCRIPTION DRUG'],['INTRAVENOUS'],['AMPICILLIN SODIUM']
0990-7922-09,Dextrose Monohydrate 5% Injection,"Dextrose 5% In Plastic Container, Injection, 5 g/100 mL (NDC 0990-7922-09)",Injection,['DEXTROSE'],['HUMAN PRESCRIPTION DRUG'],['INTRAVENOUS'],['DEXTROSE MONOHYDRATE']
72205-136-91,"Lisdexamfetamine Dimesylate Tablet, Chewable","Lisdexamfetamine Dimesylate, Tablet, Chewable, 50 mg (NDC 72205-136-91)","Tablet, Chewable",['LISDEXAMFETAMINE DIMESYLATE'],['HUMAN PRESCRIPTION DRUG'],['ORAL'],['LISDEXAMFETAMINE DIMESYLATE']
63323-280-10,Furosemide Injection,"Furosemide, Injection, 10 mg/1 mL (NDC 63323-280-10)",Injection,['FUROSEMIDE'],['HUMAN PRESCRIPTION DRUG'],"['INTRAMUSCULAR', 'INTRAVENOUS']",['FUROSEMIDE']
60505-0815-0,Desmopressin Acetate Spray,"Desmopressin Acetate (needs No Refrigeration), Spray, 10 ug (NDC 60505-0815-0)",Spray,,,,
70069-481-10,Atropine Sulfate Injection,"Atropine Sulfate, Injection, .4 mg/1 mL (NDC 70069-481-10)",Injection,['ATROPINE SULFATE'],['HUMAN PRESCRIPTION DRUG'],"['ENDOTRACHEAL', 'INTRAMEDULLARY', 'INTRAMUSCULAR', 'INTRAVENOUS', 'SUBCUTANEOUS']",['ATROPINE SULFATE']
0009-0280-51,Methylprednisolone Acetate Injection,"Depo-medrol, Injection, 40 mg/1 mL (NDC 0009-0280-51)",Injection,['DEPO-MEDROL'],['HUMAN PRESCRIPTION DRUG'],"['INTRALESIONAL', 'INTRAMUSCULAR', 'INTRASYNOVIAL', 'SOFT TISSUE']",['METHYLPREDNISOLONE ACETATE']
63323-824-74,Dextrose Monohydrate 10% Injection,"Dextrose 10% In Plastic Container, Injection, 100 mg/1 mL (NDC 63323-824-74)",Injection,['DEXTROSE'],['HUMAN PRESCRIPTION DRUG'],['INTRAVENOUS'],['DEXTROSE MONOHYDRATE']
0641-6046-10,Lorazepam Injection,"Lorazepam, Injection, 2 mg/1 mL (NDC 0641-6046-10)",Injection,['LORAZEPAM'],['HUMAN PRESCRIPTION DRUG'],"['INTRAMUSCULAR', 'INTRAVENOUS']",['LORAZEPAM']
63323-578-05,Glycopyrrolate Injection,"Glycopyrrolate, Injection, 1 mg per 5 mL (NDC 63323-578-05)",Injection,['GLYCOPYRROLATE'],['HUMAN PRESCRIPTION DRUG'],"['INTRAMUSCULAR', 'INTRAVENOUS']",['GLYCOPYRROLATE']
0641-6145-25,Dexamethasone Sodium Phosphate Injection,"Dexamethasone Sodium Phosphate, Injection, 4 mg/1 mL (NDC 0641-6145-25)",Injection,['DEXAMETHASONE SODIUM PHOSPHATE'],['HUMAN PRESCRIPTION DRUG'],"['INTRA-ARTICULAR', 'INTRALESIONAL', 'INTRAMUSCULAR', 'INTRAVENOUS', 'SOFT TISSUE']",['DEXAMETHASONE SODIUM PHOSPHATE']
70069-062-25,Ropivacaine Hydrochloride Injection,"Ropivacaine Hydrochloride, Injection, 2 mg/1 mL (NDC 70069-062-25)",Injection,['ROPIVACAINE HYDROCHLORIDE'],['HUMAN PRESCRIPTION DRUG'],"['EPIDURAL', 'INFILTRATION', 'PERINEURAL']",['ROPIVACAINE HYDROCHLORIDE']
23155-601-42,Midazolam Hydrochloride Injection,"Midazolam Hydrochloride, Injection, 5 mg/1 mL (NDC 23155-601-42)",Injection,['MIDAZOLAM HYDROCHLORIDE'],['HUMAN PRESCRIPTION DRUG'],"['INTRAMUSCULAR', 'INTRAVENOUS']",['MIDAZOLAM HYDROCHLORIDE']
0641-6251-10,Atropine Sulfate Injection,"Atropine Sulfate, Injection, 0.4 mg/1 mL (NDC 0641-6251-10)",Injection,['ATROPINE SULFATE'],['HUMAN PRESCRIPTION DRUG'],"['ENDOTRACHEAL', 'INTRAMEDULLARY', 'INTRAMUSCULAR', 'INTRAVENOUS', 'SUBCUTANEOUS']",['ATROPINE SULFATE']
0409-1181-30,Meperidine Hydrochloride Injection,"Demerol, Injection, 50 mg/1 mL (NDC 0409-1181-30)",Injection,['DEMEROL'],['HUMAN PRESCRIPTION DRUG'],"['INTRAMUSCULAR', 'INTRAVENOUS', 'SUBCUTANEOUS']",['MEPERIDINE HYDROCHLORIDE']
0409-1005-20,Heparin Sodium Injection,"Heparin Sodium, Injection, 1,000 Units/500 mL (2 Units/mL) (NDC 0409-1005-20)",Injection,['HEPARIN SODIUM'],['HUMAN PRESCRIPTION DRUG'],['INTRAVENOUS'],['HEPARIN SODIUM']
0409-0155-02,Dexmedetomidine Hydrochloride Injection,"Precedex, Injection, 400 mcg/100 mL (4 mcg/mL) (NDC 0409-0155-02)",Injection,['PRECEDEX'],['HUMAN PRESCRIPTION DRUG'],['INTRAVENOUS'],['DEXMEDETOMIDINE HYDROCHLORIDE']
0409-6625-35,Sodium Bicarbonate Injection,"Sodium Bicarbonate, Injection, 50 mEq/50 mL (8.4%, 1 mEq/mL) (NDC 0409-6625-35)",Injection,['SODIUM BICARBONATE'],['HUMAN PRESCRIPTION DRUG'],['INTRAVENOUS'],['SODIUM BICARBONATE']
0832-0273-11,Morphine Sulfate Tablet,"Morphine Sulfate, Tablet, 15 mg (NDC 0832-0273-11)",Tablet,['MORPHINE SULFATE'],['HUMAN PRESCRIPTION DRUG'],['ORAL'],['MORPHINE SULFATE']
63323-482-17,"Epinephrine Bitartrate, Lidocaine Hydrochloride Injection","Xylocaine, Injection, .01 mg/1 mL; 10 mg/1 mL (NDC 63323-482-17)",Injection,['XYLOCAINE'],['HUMAN PRESCRIPTION DRUG'],"['INFILTRATION', 'PERINEURAL']","['LIDOCAINE HYDROCHLORIDE ANHYDROUS', 'EPINEPHRINE BITARTRATE']"
0781-9404-95,Ampicillin Sodium Injection,"Ampicillin Sodium, Injection, 1 g (NDC 0781-9404-95)",Injection,['AMPICILLIN'],['HUMAN PRESCRIPTION DRUG'],"['INTRAMUSCULAR', 'INTRAVENOUS']",['AMPICILLIN SODIUM']
0409-2634-50,Hydromorphone Hydrochloride Injection,"Hydromorphone Hydrochloride, Injection, 500 mg/50 mL (10 mg/mL) (NDC 0409-2634-50)",Injection,['HYDROMORPHONE HYDROCHLORIDE'],['HUMAN PRESCRIPTION DRUG'],"['INTRAMUSCULAR', 'INTRAVENOUS', 'SUBCUTANEOUS']",['HYDROMORPHONE HYDROCHLORIDE']
0338-0023-04,Dextrose Monohydrate 10% Injection,"Dextrose 10% In Plastic Container, Injection, 100 g/1000 mL (NDC 0338-0023-04)",Injection,['DEXTROSE'],['HUMAN PRESCRIPTION DRUG'],['INTRAVENOUS'],['DEXTROSE MONOHYDRATE']
0169-7703-21,Somatropin Injection,"Norditropin, Injection, 30 mg/3 mL (NDC 0169-7703-21)",Injection,['NORDITROPIN'],['HUMAN PRESCRIPTION DRUG'],['SUBCUTANEOUS'],['SOMATROPIN']
76329-3340-1,Atropine Sulfate Injection,"Atropine Sulfate, Injection, .1 mg/1 mL (NDC 76329-3340-1)",Injection,['ATROPINE SULFATE'],['HUMAN PRESCRIPTION DRUG'],['INTRAVENOUS'],['ATROPINE SULFATE']
0409-4933-10,Epinephrine Injection,"Epinephrine, Injection, .1 mg/1 mL (NDC 0409-4933-10)",Injection,,,,
68025-098-10,"Methylphenidate Hydrochloride Tablet, Extended Release","Relexxii, Tablet, Extended Release, 54 mg (NDC 68025-098-10)",Tablet,['RELEXXII'],['HUMAN PRESCRIPTION DRUG'],['ORAL'],['METHYLPHENIDATE HYDROCHLORIDE']
63323-162-01,Ketorolac Tromethamine Injection,"Ketorolac Tromethamine, Injection, 30 mg/1 mL (NDC 63323-162-01)",Injection,['KETOROLAC TROMETHAMINE'],['HUMAN PRESCRIPTION DRUG'],['INTRAMUSCULAR'],['KETOROLAC TROMETHAMINE']
65219-462-10,Dextrose Monohydrate 5% Injection,"Dextrose 5% In Plastic Container, Injection, 50 mg/1 mL (NDC 65219-462-10)",Injection,['DEXTROSE'],['HUMAN PRESCRIPTION DRUG'],['INTRAVENOUS'],['DEXTROSE MONOHYDRATE']
0093-5030-56,Tiagabine Hydrochloride Tablet,"Tiagabine Hydrochloride, Tablet, 2mg 30 count (NDC 0093-5030-56)",Tablet,['TIAGABINE HYDROCHLORIDE'],['HUMAN PRESCRIPTION DRUG'],['ORAL'],['TIAGABINE HYDROCHLORIDE']
57664-655-88,Pindolol Tablet,"Pindolol, Tablet, 5 mg (NDC 57664-655-88)",Tablet,['PINDOLOL'],['HUMAN PRESCRIPTION DRUG'],['ORAL'],['PINDOLOL']
0228-2550-11,"Diclofenac Sodium Tablet, Delayed Release","Diclofenac Sodium, Tablet, Delayed Release, 50 mg (NDC 0228-2550-11)",Tablet,['DICLOFENAC SODIUM'],['HUMAN PRESCRIPTION DRUG'],['ORAL'],['DICLOFENAC SODIUM']
0009-0280-02,Methylprednisolone Acetate Injection,"Depo-medrol, Injection, 40 mg/1 mL (NDC 0009-0280-02)",Injection,['DEPO-MEDROL'],['HUMAN PRESCRIPTION DRUG'],"['INTRALESIONAL', 'INTRAMUSCULAR', 'INTRASYNOVIAL', 'SOFT TISSUE']",['METHYLPREDNISOLONE ACETATE']
0409-4282-02,Lidocaine Hydrochloride Injection,"Lidocaine Hydrochloride, Injection, 200 mg/10 mL (2%; 20 mg/mL) (NDC 0409-4282-02)",Injection,['LIDOCAINE HYDROCHLORIDE'],['HUMAN PRESCRIPTION DRUG'],"['EPIDURAL', 'INFILTRATION', 'INTRACAUDAL', 'PERINEURAL']",['LIDOCAINE HYDROCHLORIDE']
0409-0025-10,Dobutamine Hydrochloride Injection,"Dobutamine Hydrochloride In Dextrose 5% In Plastic Container, Injection, 250 mg/250mL (1 mg/mL) (NDC 0409-0025-10)",Injection,['DOBUTAMINE IN DEXTROSE'],['HUMAN PRESCRIPTION DRUG'],['INTRAVENOUS'],['DOBUTAMINE HYDROCHLORIDE']
0378-5807-93,Valsartan Tablet,"Valsartan, Tablet, 40 mg (NDC 0378-5807-93)",Tablet,,,,
0310-6627-02,Pramlintide Acetate Injection,"SymlinPen® 120 , Injection, 1000 ug/1 mL (NDC 0310-6627-02)",Injection,['SYMLINPEN'],['HUMAN PRESCRIPTION DRUG'],['SUBCUTANEOUS'],['PRAMLINTIDE ACETATE']
0023-6150-04,Progesterone Vaginal Gel,"Crinone, Vaginal Gel, 4% (NDC 0023-6150-04)",Vaginal Gel,['CRINONE'],['HUMAN PRESCRIPTION DRUG'],['VAGINAL'],['PROGESTERONE']
44567-610-10,Midazolam Hydrochloride Injection,"Midazolam In 0.9% Sodium Chloride, Injection, 1 mg/1 mL (NDC 44567-610-10)",Injection,,,,
0555-0971-02,"Amphetamine Aspartate Monohydrate, Amphetamine Sulfate, Dextroamphetamine Saccharate, Dextroamphetamine Sulfate Tablet","Amphetamine Aspartate Monohydrate, Amphetamine Sulfate, Dextroamphetamine Saccharate, Dextroamphetamine Sulfate, Tablet, 1.25 mg; 1.25 mg; 1.25 mg; 1.25 mg (NDC 0555-0971-02)",Tablet,"['DEXTROAMPHETAMINE SACCHARATE, AMPHETAMINE ASPARTATE, DEXTROAMPHETAMINE SULFATE AND AMPHETAMINE SULFATE']",['HUMAN PRESCRIPTION DRUG'],['ORAL'],"['DEXTROAMPHETAMINE SACCHARATE', 'AMPHETAMINE ASPARTATE MONOHYDRATE', 'DEXTROAMPHETAMINE SULFATE', 'AMPHETAMINE SULFATE']"
11534-192-01,"Amphetamine Aspartate Monohydrate, Amphetamine Sulfate, Dextroamphetamine Saccharate, Dextroamphetamine Sulfate Tablet","Amphetamine Aspartate Monohydrate, Amphetamine Sulfate, Dextroamphetamine Saccharate, Dextroamphetamine Sulfate, Tablet, 2.5 mg; 2.5 mg; 2.5 mg; 2.5 mg (NDC 11534-192-01)",Tablet,"['DEXTROAMPHETAMINE SACCHARATE, AMPHETAMINE ASPARTATE, DEXTROAMPHETAMINE SULFATE AND AMPHETAMINE SULFATE']",['HUMAN PRESCRIPTION DRUG'],['ORAL'],"['DEXTROAMPHETAMINE SACCHARATE', 'AMPHETAMINE ASPARTATE MONOHYDRATE', 'DEXTROAMPHETAMINE SULFATE', 'AMPHETAMINE SULFATE']"
64980-642-03,Albuterol Sulfate Solution,"Albuterol Sulfate, Solution, 2.5 mg/.5 mL (NDC 64980-642-03)",Solution,['ALBUTEROL SULFATE'],['HUMAN PRESCRIPTION DRUG'],['RESPIRATORY (INHALATION)'],['ALBUTEROL SULFATE']
65862-163-90,Quinapril/Hydrochlorothiazide Tablet,"Quinapril Hydrochloride And Hydrochlorothiazide, Tablet, 25 mg; 20 mg (NDC 65862-163-90)",Tablet,['QUINAPRIL HYDROCHLORIDE/HYDROCHLOROTHIAZIDE'],['HUMAN PRESCRIPTION DRUG'],['ORAL'],"['QUINAPRIL HYDROCHLORIDE', 'HYDROCHLOROTHIAZIDE']"
0409-4933-01,Epinephrine Injection,"Epinephrine, Injection, .1 mg/1 mL (NDC 0409-4933-01)",Injection,,,,
0641-6126-25,Morphine Sulfate Injection,"Morphine Sulfate, Injection, 8 mg/1 mL (NDC 0641-6126-25)",Injection,['MORPHINE SULFATE'],['HUMAN PRESCRIPTION DRUG'],['INTRAVENOUS'],['MORPHINE SULFATE']
60505-4742-1,Lisdexamfetamine Dimesylate Capsule,"Lisdexamfetamine Dimesylate, Capsule, 40 mg (NDC 60505-4742-1)",Capsule,,,,
0338-1005-03,Dopamine Hydrochloride Injection,"Dopamine Hydrochloride In Dextrose 5% In Plastic Container, Injection, 80 mg/100 mL (NDC 0338-1005-03)",Injection,['DOPAMINE HYDROCHLORIDE AND DEXTROSE'],['HUMAN PRESCRIPTION DRUG'],['INTRAVENOUS'],['DOPAMINE HYDROCHLORIDE']
0409-1162-01,Bupivacaine Hydrochloride Injection,"Bupivacaine Hydrochloride, Injection, 50 mg/10 mL (5 mg/mL) (NDC 0409-1162-01)",Injection,['BUPIVACAINE HYDROCHLORIDE'],['HUMAN PRESCRIPTION DRUG'],"['EPIDURAL', 'INTRACAUDAL', 'PERINEURAL']",['BUPIVACAINE HYDROCHLORIDE']
0068-0597-01,Rifampin Injection,"Rifadin, Injection, 600 mg/10 mL (NDC 0068-0597-01)",Injection,['RIFADIN IV'],['HUMAN PRESCRIPTION DRUG'],['INTRAVENOUS'],['RIFAMPIN']
62135-736-30,Flurazepam Hydrochloride Capsule,"Flurazepam Hydrochloride, Capsule, 15 mg (NDC 62135-736-30)",Capsule,['FLURAZEPAM HYDROCHLORIDE'],['HUMAN PRESCRIPTION DRUG'],['ORAL'],['FLURAZEPAM HYDROCHLORIDE']
0574-7114-12,Morphine Sulfate Suppository,"Morphine Sulfate, Suppository, 20 mg (NDC 0574-7114-12)",Suppository,['MORPHINE SULFATE'],['HUMAN PRESCRIPTION DRUG'],['RECTAL'],['MORPHINE SULFATE']
59417-107-10,Lisdexamfetamine Dimesylate Capsule,"Vyvanse, Capsule, 70 mg (NDC 59417-107-10)",Capsule,['VYVANSE'],['HUMAN PRESCRIPTION DRUG'],['ORAL'],['LISDEXAMFETAMINE DIMESYLATE']
0591-4550-22,"Doxycycline Hyclate Tablet, Delayed Release","Doxycycline Hyclate, Tablet, Delayed Release, 50 mg (NDC 0591-4550-22)",Tablet,['DOXYCYCLINE HYCLATE'],['HUMAN PRESCRIPTION DRUG'],['ORAL'],['DOXYCYCLINE HYCLATE']
31722-276-34,Bupivacaine Hydrochloride Injection,"Bupivacaine Hydrochloride, Injection, 5 mg/1 mL (NDC 31722-276-34)",Injection,['BUPIVACAINE HYDROCHLORIDE'],['HUMAN PRESCRIPTION DRUG'],"['EPIDURAL', 'INTRACAUDAL', 'PERINEURAL']",['BUPIVACAINE HYDROCHLORIDE']
66794-229-41,Rocuronium Bromide Injection,"Rocuronium Bromide, Injection, 100 mg/10 mL (NDC 66794-229-41)",Injection,['ROCURONIUM'],['HUMAN PRESCRIPTION DRUG'],['INTRAVENOUS'],['ROCURONIUM BROMIDE']
0409-2344-88,Dobutamine Hydrochloride Injection,"Dobutamine Hydrochloride, Injection, 250 mg/20mL (12.5 mg/1 mL) (NDC 0409-2344-88)",Injection,['DOBUTAMINE'],['HUMAN PRESCRIPTION DRUG'],['INTRAVENOUS'],['DOBUTAMINE HYDROCHLORIDE']
0074-7098-05,Pilocarpine Hydrochloride Ophthalmic Solution,"Vuity, Ophthalmic Solution, 12.5 mg/1 mL (NDC 0074-7098-05)",Ophthalmic Solution,['VUITY'],['HUMAN PRESCRIPTION DRUG'],['OPHTHALMIC'],['PILOCARPINE HYDROCHLORIDE']
0009-0065-01,Medroxyprogesterone Acetate Tablet,"PROVERA, Tablet, 2.5 mg (NDC 0009-0065-01)",Tablet,['PROVERA'],['HUMAN PRESCRIPTION DRUG'],['ORAL'],['MEDROXYPROGESTERONE ACETATE']
0378-0007-85,Everolimus Tablet,"Everolimus, Tablet, 5 mg (NDC 0378-0007-85)",Tablet,,,,
0409-9042-17,"Bupivacaine Hydrochloride, Epinephrine Bitartrate Injection","Bupivacaine Hydrochloride And Epinephrine, Injection, 75 mg/30 mL (2.5 mg/mL) (NDC 0409-9042-17)",Injection,['BUPIVACAINE HYDROCHLORIDE AND EPINEPHRINE'],['HUMAN PRESCRIPTION DRUG'],"['EPIDURAL', 'INFILTRATION', 'INTRACAUDAL', 'PERINEURAL']","['BUPIVACAINE HYDROCHLORIDE', 'EPINEPHRINE BITARTRATE']"
63323-286-63,Ropivacaine Hydrochloride Injection,"Naropin, Injection, 5 mg/1 mL (NDC 63323-286-63)",Injection,['NAROPIN'],['HUMAN PRESCRIPTION DRUG'],"['EPIDURAL', 'INFILTRATION', 'PERINEURAL']",['ROPIVACAINE HYDROCHLORIDE']
43066-007-10,Rocuronium Bromide Injection,"Rocuronium Bromide, Injection, 50 mg/5 mL (NDC 43066-007-10)",Injection,['ROCURONIUM BROMIDE'],['HUMAN PRESCRIPTION DRUG'],['INTRAVENOUS'],['ROCURONIUM BROMIDE']
65862-161-90,Quinapril/Hydrochlorothiazide Tablet,"Quinapril Hydrochloride And Hydrochlorothiazide, Tablet, 12.5 mg; 10 mg (NDC 65862-161-90)",Tablet,['QUINAPRIL HYDROCHLORIDE/HYDROCHLOROTHIAZIDE'],['HUMAN PRESCRIPTION DRUG'],['ORAL'],"['QUINAPRIL HYDROCHLORIDE', 'HYDROCHLOROTHIAZIDE']"
0574-2430-65,"Methylphenidate Film, Extended Release","Methylphenidate, Film, Extended Release, 30 mg (NDC 0574-2430-65)","Film, Extended Release",['METHYLPHENIDATE TRANSDERMAL SYSTEM'],['HUMAN PRESCRIPTION DRUG'],['TRANSDERMAL'],['METHYLPHENIDATE']
0409-9094-31,Fentanyl Citrate Injection,"Fentanyl Citrate, Injection, 1000 mcg/20 mL (50 ug/1 mL) (NDC 0409-9094-31)",Injection,['FENTANYL CITRATE'],['HUMAN PRESCRIPTION DRUG'],"['INTRAMUSCULAR', 'INTRAVENOUS']",['FENTANYL CITRATE']
0941-0459-05,"Calcium Chloride; Dextrose; Magnesium Chloride; Sodium Chloride; Sodium Lactate Intraperitoneal Injection, Solution","DIANEAL Low Calcium with Dextrose, Intraperitoneal Injection, Solution, 18.3 mg/100 mL; 4.25 g/100 mL; 5.08 mg/100 mL; 538 mg/100 mL; 448 mg/100 mL (NDC 0941-0459-05)",Solution,['DIANEAL LOW CALCIUM WITH DEXTROSE'],['HUMAN PRESCRIPTION DRUG'],['INTRAPERITONEAL'],"['DEXTROSE MONOHYDRATE', 'SODIUM CHLORIDE', 'SODIUM LACTATE', 'CALCIUM CHLORIDE', 'MAGNESIUM CHLORIDE']"
0409-3299-05,Sodium Acetate Injection,"Sodium Acetate, Injection, 100 mEq/50 mL (2 mEq/mL) (NDC 0409-3299-05)",Injection,['SODIUM ACETATE'],['HUMAN PRESCRIPTION DRUG'],['INTRAVENOUS'],['SODIUM ACETATE ANHYDROUS']
0378-4430-01,Flurazepam Hydrochloride Capsule,"Flurazepam Hydrochloride, Capsule, 30 mg (NDC 0378-4430-01)",Capsule,,,,
13811-700-30,"Methylphenidate Hydrochloride Tablet, Extended Release","Methylphenidate Hydrochloride, Tablet, Extended Release, 63 mg (NDC 13811-700-30)",Tablet,['METHYLPHENIDATE HYDROCHLORIDE'],['HUMAN PRESCRIPTION DRUG'],['ORAL'],['METHYLPHENIDATE HYDROCHLORIDE']
72516-014-01,"Amphetamine Aspartate Monohydrate, Amphetamine Sulfate, Dextroamphetamine Saccharate, Dextroamphetamine Sulfate Tablet","Amphetamine Aspartate Monohydrate, Amphetamine Sulfate, Dextroamphetamine Saccharate, Dextroamphetamine Sulfate, Tablet, 2.5 mg; 2.5 mg; 2.5 mg; 2.5 mg (NDC 72516-014-01)",Tablet,"['DEXTROAMPHETAMINE SACCHARATE, AMPHETAMINE ASPARTATE, DEXTROAMPHETAMINE SULFATE AND AMPHETAMINE SULFATE']",['HUMAN PRESCRIPTION DRUG'],['ORAL'],"['DEXTROAMPHETAMINE SACCHARATE', 'AMPHETAMINE ASPARTATE MONOHYDRATE', 'DEXTROAMPHETAMINE SULFATE', 'AMPHETAMINE SULFATE']"
68118-100-01,"Streptozocin Powder, For Solution","Zanosar, Powder, For Solution, 1 g/10 mL (NDC 68118-100-01)","Powder, For Solution",,,,
25021-311-02,Furosemide Injection,"Furosemide, Injection, 10 mg/1 mL (NDC 25021-311-02)",Injection,['FUROSEMIDE'],['HUMAN PRESCRIPTION DRUG'],"['INTRAMUSCULAR', 'INTRAVENOUS']",['FUROSEMIDE']
55150-197-20,Ropivacaine Hydrochloride Injection,"Ropivacaine Hydrochloride, Injection, 5 mg/1 mL (NDC 55150-197-20)",Injection,['ROPIVACAINE HYDROCHLORIDE'],['HUMAN PRESCRIPTION DRUG'],"['EPIDURAL', 'INFILTRATION', 'PERINEURAL']",['ROPIVACAINE HYDROCHLORIDE']
0009-3073-03,Methylprednisolone Acetate Injection,"Depo-medrol, Injection, 40 mg/1 mL (NDC 0009-3073-03)",Injection,['DEPO-MEDROL'],['HUMAN PRESCRIPTION DRUG'],"['INTRALESIONAL', 'INTRAMUSCULAR', 'INTRASYNOVIAL', 'SOFT TISSUE', 'INTRA-ARTICULAR']",['METHYLPREDNISOLONE ACETATE']
65219-281-02,Gadobutrol Injection,"Gadobutrol, Injection, 604.72 mg/mL (NDC 65219-281-02)",Injection,['GADOBUTROL'],['HUMAN PRESCRIPTION DRUG'],['INTRAVENOUS'],['GADOBUTROL']
61703-262-05,Carboplatin Injection,"Carboplatin, Injection, 450 mg/45 mL (10 mg/mL) (NDC 61703-262-05)",Injection,['CARBOPLATIN'],['HUMAN PRESCRIPTION DRUG'],['INTRAVENOUS'],['CARBOPLATIN']
63323-466-31,Bupivacaine Hydrochloride Injection,"Sensorcaine, Injection, 5 mg/1 mL (NDC 63323-466-31)",Injection,['SENSORCAINE MPF'],['HUMAN PRESCRIPTION DRUG'],"['EPIDURAL', 'INTRACAUDAL', 'PERINEURAL', 'INFILTRATION']",['BUPIVACAINE HYDROCHLORIDE']
11534-195-01,"Amphetamine Aspartate Monohydrate, Amphetamine Sulfate, Dextroamphetamine Saccharate, Dextroamphetamine Sulfate Tablet","Amphetamine Aspartate Monohydrate, Amphetamine Sulfate, Dextroamphetamine Saccharate, Dextroamphetamine Sulfate, Tablet, 5 mg; 5 mg; 5 mg; 5 mg (NDC 11534-195-01)",Tablet,"['DEXTROAMPHETAMINE SACCHARATE, AMPHETAMINE ASPARTATE, DEXTROAMPHETAMINE SULFATE AND AMPHETAMINE SULFATE']",['HUMAN PRESCRIPTION DRUG'],['ORAL'],"['DEXTROAMPHETAMINE SACCHARATE', 'AMPHETAMINE ASPARTATE MONOHYDRATE', 'DEXTROAMPHETAMINE SULFATE', 'AMPHETAMINE SULFATE']"
63323-285-64,Ropivacaine Hydrochloride Injection,"Naropin, Injection, 2 mg/1 mL (NDC 63323-285-64)",Injection,['NAROPIN'],['HUMAN PRESCRIPTION DRUG'],"['EPIDURAL', 'INFILTRATION']",['ROPIVACAINE HYDROCHLORIDE']
0409-0152-24,Metronidazole Injection,"Metronidazole in Flexible Container, Injection, 500 mg/100 mL (NDC 0409-0152-24)",Injection,['METRONIDAZOLE'],['HUMAN PRESCRIPTION DRUG'],['INTRAVENOUS'],['METRONIDAZOLE']
0093-9364-10,Glyburide Tablet,"Diabeta, Tablet, 5 mg (NDC 0093-9364-10)",Tablet,['GLYBURIDE'],['HUMAN PRESCRIPTION DRUG'],['ORAL'],['GLYBURIDE']
63323-358-10,Caspofungin Acetate Injection,"Caspofungin Acetate, Injection, 7 mg/1 mL (NDC 63323-358-10)",Injection,['CASPOFUNGIN ACETATE'],['HUMAN PRESCRIPTION DRUG'],['INTRAVENOUS'],['CASPOFUNGIN ACETATE']
71288-728-32,Bupivacaine Hydrochloride Injection,"Bupivacaine Hydrochloride, Injection, 7.5 mg/1 mL (NDC 71288-728-32)",Injection,,,,
63323-286-23,Ropivacaine Hydrochloride Injection,"Naropin, Injection, 5 mg/1 mL (NDC 63323-286-23)",Injection,['NAROPIN'],['HUMAN PRESCRIPTION DRUG'],"['EPIDURAL', 'INFILTRATION', 'PERINEURAL']",['ROPIVACAINE HYDROCHLORIDE']
0641-6262-01,Sodium Acetate Injection,"Sodium Acetate, Injection, 100 mEq/50mL (2 mEq/mL) (NDC 0641-6262-01)",Injection,['SODIUM ACETATE'],['HUMAN PRESCRIPTION DRUG'],['INTRAVENOUS'],['SODIUM ACETATE ANHYDROUS']
63323-411-12,Midazolam Hydrochloride Injection,"Midazolam Hydrochloride, Injection, 1 mg/1 mL (NDC 63323-411-12)",Injection,['MIDAZOLAM'],['HUMAN PRESCRIPTION DRUG'],"['INTRAMUSCULAR', 'INTRAVENOUS']",['MIDAZOLAM HYDROCHLORIDE']
0338-3991-01,Ifosfamide Injection,"IFEX, Injection, 1 g/20 mL (NDC 0338-3991-01)",Injection,['IFEX'],['HUMAN PRESCRIPTION DRUG'],['INTRAVENOUS'],['IFOSFAMIDE']
0338-0644-06,Amino Acid Injection,"Travasol, Injection, 2.07 g/100 mL; 1.15 g/100 mL; 1.03 g/100 mL; 480 mg/100 mL; 600 mg/100 mL; 730 mg/100 mL; 580 mg/100 mL; 400 mg/100 mL; 560 mg/100 mL; 680 mg/100 mL; 500 mg/100 mL; 420 mg/100 mL; 180 mg/100 mL; 40 mg/100 mL; 580 mg/100 mL (NDC 0338-0644-06)",Injection,['TRAVASOL'],['HUMAN PRESCRIPTION DRUG'],['INTRAVENOUS'],"['LEUCINE', 'PHENYLALANINE', 'LYSINE HYDROCHLORIDE', 'METHIONINE', 'ISOLEUCINE', 'VALINE', 'HISTIDINE', 'THREONINE', 'TRYPTOPHAN', 'ALANINE', 'GLYCINE', 'ARGININE', 'PROLINE', 'TYROSINE', 'SERINE']"
0941-0427-52,"Calcium Chloride; Dextrose; Magnesium Chloride; Sodium Chloride; Sodium Lactate Intraperitoneal Injection, Solution","DIANEAL PD-2 with Dextrose, Intraperitoneal Injection, Solution, 25.7 mg/100 mL; 2.5 g/100 mL; 5.08 mg/100 mL; 538 mg/100 mL; 448 mg/100 mL (NDC 0941-0427-52)",Solution,['DIANEAL PD-2 WITH DEXTROSE'],['HUMAN PRESCRIPTION DRUG'],['INTRAPERITONEAL'],"['DEXTROSE MONOHYDRATE', 'SODIUM CHLORIDE', 'SODIUM LACTATE', 'CALCIUM CHLORIDE', 'MAGNESIUM CHLORIDE']"
71288-203-11,Furosemide Injection,"Furosemide, Injection, 10 mg/1 mL (NDC 71288-203-11)",Injection,['FUROSEMIDE'],['HUMAN PRESCRIPTION DRUG'],"['INTRAMUSCULAR', 'INTRAVENOUS']",['FUROSEMIDE']
63323-185-20,Sterile Water Injection,"Sterile Water For Injection In Plastic Container, Injection, 1 mL/1 mL (NDC 63323-185-20)",Injection,['STERILE WATER'],['HUMAN PRESCRIPTION DRUG'],"['INTRAMUSCULAR', 'INTRAVENOUS', 'SUBCUTANEOUS']",['WATER']
0409-2308-02,Midazolam Hydrochloride Injection,"Midazolam Hydrochloride Preservative Free, Injection, 10 mg/2 mL (5 mg/mL) (NDC 0409-2308-02)",Injection,['MIDAZOLAM'],['HUMAN PRESCRIPTION DRUG'],"['INTRAMUSCULAR', 'INTRAVENOUS']",['MIDAZOLAM HYDROCHLORIDE']
0002-8235-99,Insulin Lispro-aabc Injection,"Lyumjev, Injection, U-100 Tempo Pen Sample (NDC 0002-8235-99)",Injection,['LYUMJEV TEMPO PEN'],['HUMAN PRESCRIPTION DRUG'],['SUBCUTANEOUS'],['INSULIN LISPRO']
72888-152-00,Clonazepam Tablet,"Clonazepam, Tablet, .5 mg (NDC 72888-152-00)",Tablet,['CLONAZEPAM'],['HUMAN PRESCRIPTION DRUG'],['ORAL'],['CLONAZEPAM']
25021-115-04,Clindamycin Phosphate Injection,"Clindamycin Phosphate, Injection, 150 mg/1 mL (NDC 25021-115-04)",Injection,['CLINDAMYCIN'],['HUMAN PRESCRIPTION DRUG'],"['INTRAMUSCULAR', 'INTRAVENOUS']",['CLINDAMYCIN PHOSPHATE']
0338-0433-04,Heparin Sodium Injection,"Heparin Sodium In Sodium Chloride, Injection, 200 [USP'U]/100 mL (NDC 0338-0433-04)",Injection,['HEPARIN SODIUM IN SODIUM CHLORIDE'],['HUMAN PRESCRIPTION DRUG'],['INTRAVENOUS'],['HEPARIN SODIUM']
0264-2101-00,Sterile Water Irrigant,"Sterile Water In Plastic Container, Irrigant, 1 mL/1 mL (NDC 0264-2101-00)",Irrigant,,,,
63323-413-10,Neostigmine Methylsulfate Injection,"Neostigmine Methylsulfate, Injection, .5 mg/1 mL (NDC 63323-413-10)",Injection,['NEOSTIGMINE METHYLSULFATE'],['HUMAN PRESCRIPTION DRUG'],['INTRAVENOUS'],['NEOSTIGMINE METHYLSULFATE']
0088-2161-30,Leflunomide Tablet,"Arava, Tablet, 20 mg (NDC 0088-2161-30)",Tablet,['ARAVA'],['HUMAN PRESCRIPTION DRUG'],['ORAL'],['LEFLUNOMIDE']
0093-3212-05,Clonazepam Tablet,"Clonazepam, Tablet, 1 mg (NDC 0093-3212-05)",Tablet,['CLONAZEPAM'],['HUMAN PRESCRIPTION DRUG'],['ORAL'],['CLONAZEPAM']
0009-0870-26,Clindamycin Phosphate Injection,"Cleocin Phosphate, Injection, 300 mg/2 mL (150 mg/mL); 2 mL Vial (NDC 0009-0870-26)",Injection,['CLEOCIN PHOSPHATE'],['HUMAN PRESCRIPTION DRUG'],"['INTRAMUSCULAR', 'INTRAVENOUS']",['CLINDAMYCIN PHOSPHATE']
0409-6695-01,Etomidate Injection,"Amidate, Injection, 2 mg/1 mL (NDC 0409-6695-01)",Injection,['AMIDATE'],['HUMAN PRESCRIPTION DRUG'],['INTRAVENOUS'],['ETOMIDATE']
25021-321-10,Bumetanide Injection,"Bumetanide, Injection, .25 mg/1 mL (NDC 25021-321-10)",Injection,['BUMETANIDE'],['HUMAN PRESCRIPTION DRUG'],"['INTRAMUSCULAR', 'INTRAVENOUS']",['BUMETANIDE']
82154-0449-1,Peginterferon alfa-2a Injection,"Pegasys, Injection, 180 ug/1 mL (NDC 82154-0449-1)",Injection,['PEGASYS'],['HUMAN PRESCRIPTION DRUG'],['SUBCUTANEOUS'],['PEGINTERFERON ALFA-2A']
63323-492-31,Lidocaine Hydrochloride Injection,"Xylocaine, Injection, 10 mg/1 mL (NDC 63323-492-31)",Injection,['XYLOCAINE MPF'],['HUMAN PRESCRIPTION DRUG'],"['EPIDURAL', 'INFILTRATION', 'INTRACAUDAL', 'PERINEURAL']",['LIDOCAINE HYDROCHLORIDE ANHYDROUS']
16729-239-93,Dexmedetomidine Hydrochloride Injection,"Dexmedetomidine Hydrochloride, Injection, 100 ug/1 mL (NDC 16729-239-93)",Injection,['DEXMEDETOMIDINE'],['HUMAN PRESCRIPTION DRUG'],['INTRAVENOUS'],['DEXMEDETOMIDINE HYDROCHLORIDE']
0093-0832-01,Clonazepam Tablet,"Clonazepam, Tablet, .5 mg (NDC 0093-0832-01)",Tablet,['CLONAZEPAM'],['HUMAN PRESCRIPTION DRUG'],['ORAL'],['CLONAZEPAM']
71357-007-10,Sodium Acetate Injection,"Sodium Acetate, Injection, 100 mEq/50mL (2 mEq/mL) (NDC 71357-007-10)",Injection,['SODIUM ACETATE'],['HUMAN PRESCRIPTION DRUG'],['INTRAVENOUS'],['SODIUM ACETATE']
63323-466-17,Bupivacaine Hydrochloride Injection,"Sensorcaine, Injection, 5 mg/1 mL (NDC 63323-466-17)",Injection,['SENSORCAINE MPF'],['HUMAN PRESCRIPTION DRUG'],"['EPIDURAL', 'INTRACAUDAL', 'PERINEURAL', 'INFILTRATION']",['BUPIVACAINE HYDROCHLORIDE']
39822-5525-3,Promethazine Hydrochloride Injection,"Promethazine Hydrochloride, Injection, 25 mg/1 mL (NDC 39822-5525-3)",Injection,['PROMETHAZINE HYDROCHLORIDE'],['HUMAN PRESCRIPTION DRUG'],"['INTRAMUSCULAR', 'INTRAVENOUS']",['PROMETHAZINE HYDROCHLORIDE']
0169-4060-12,Liraglutide Injection,"Victoza, Injection, 6 mg/1 mL (NDC 0169-4060-12)",Injection,['VICTOZA'],['HUMAN PRESCRIPTION DRUG'],['SUBCUTANEOUS'],['LIRAGLUTIDE']
0338-0017-48,Dextrose Monohydrate 5% Injection,"Dextrose 5% In Plastic Container, Injection, 50 g/1000 mL (NDC 0338-0017-48)",Injection,['DEXTROSE'],['HUMAN PRESCRIPTION DRUG'],['INTRAVENOUS'],['DEXTROSE MONOHYDRATE']
55566-2500-0,Desmopressin Acetate Spray,"Ddavp, Spray, .1 ug/1 mL (NDC 55566-2500-0)",Spray,,,,
0264-9872-00,Heparin Sodium Injection,"Heparin Sodium 2,000 Units in Sodium Chloride 0.9% in Plastic Container, Injection, 200 [USP'U]/100 mL (NDC 0264-9872-00)",Injection,['HEPARIN SODIUM IN SODIUM CHLORIDE'],['HUMAN PRESCRIPTION DRUG'],['INTRAVENOUS'],['HEPARIN SODIUM']
71288-722-32,Bupivacaine Hydrochloride Injection,"Bupivacaine Hydrochloride, Injection, 2.5 mg/1 mL (NDC 71288-722-32)",Injection,,,,
16729-525-08,Atropine Sulfate Injection,"Atropine Sulfate, Injection, .4 mg/1 mL (NDC 16729-525-08)",Injection,,,,
47781-565-01,Lisdexamfetamine Dimesylate Capsule,"Lisdexamfetamine Dimesylate, Capsule, 40 mg (NDC 47781-565-01)",Capsule,['LISDEXAMFETAMINE DIMESYLATE'],['HUMAN PRESCRIPTION DRUG'],['ORAL'],['LISDEXAMFETAMINE DIMESYLATE']
0264-1510-31,Dextrose Monohydrate 5% Injection,"Dextrose 5% In Plastic Container, Injection, 50 mg/1 mL (NDC 0264-1510-31)",Injection,['DEXTROSE'],['HUMAN PRESCRIPTION DRUG'],['INTRAVENOUS'],['DEXTROSE MONOHYDRATE']
63323-506-01,Dexamethasone Sodium Phosphate Injection,"Dexamethasone Sodium Phosphate Preservative Free, Injection, 10 mg/1 mL (NDC 63323-506-01)",Injection,['DEXAMETHASONE SODIUM PHOSPHATE'],['HUMAN PRESCRIPTION DRUG'],"['INTRAMUSCULAR', 'INTRAVENOUS']",['DEXAMETHASONE SODIUM PHOSPHATE']
0409-1805-01,Hydromorphone Hydrochloride Injection,"Hydromorphone Hydrochloride, Injection, 0.25 mg/ 0.5 mL NexJect™ Single-dose Syringe Luer Lock (no needle) (NDC 0409-1805-01)",Injection,['HYDROMORPHONE HYDROCHLORIDE'],['HUMAN PRESCRIPTION DRUG'],"['INTRAMUSCULAR', 'INTRAVENOUS', 'SUBCUTANEOUS']",['HYDROMORPHONE HYDROCHLORIDE']
0409-1752-50,"Bupivacaine Hydrochloride, Epinephrine Bitartrate Injection","Marcaine With Epinephrine, Injection, Marcaine with Epinephrine 1:200,000 as the bitartrate 125 mg/50 mL (2.5 mg/mL 1:200,000) (NDC 0409-1752-50)",Injection,['MARCAINE WITH EPINEPHRINE'],['HUMAN PRESCRIPTION DRUG'],"['INFILTRATION', 'PERINEURAL']","['BUPIVACAINE HYDROCHLORIDE', 'EPINEPHRINE BITARTRATE']"
43066-013-10,Rocuronium Bromide Injection,"Rocuronium Bromide, Injection, 100 mg/10 mL (NDC 43066-013-10)",Injection,['ROCURONIUM BROMIDE'],['HUMAN PRESCRIPTION DRUG'],['INTRAVENOUS'],['ROCURONIUM BROMIDE']
64850-506-01,"Amphetamine Aspartate Monohydrate, Amphetamine Sulfate, Dextroamphetamine Saccharate, Dextroamphetamine Sulfate Tablet","Amphetamine Aspartate Monohydrate, Amphetamine Sulfate, Dextroamphetamine Saccharate, Dextroamphetamine Sulfate, Tablet, 7.5 mg; 7.5 mg; 7.5 mg; 7.5 mg (NDC 64850-506-01)",Tablet,"['DEXTROAMPHETAMINE SACCHARATE, AMPHETAMINE ASPARTATE, DEXTROAMPHETAMINE SULFATE AND AMPHETAMINE SULFATE']",['HUMAN PRESCRIPTION DRUG'],['ORAL'],"['DEXTROAMPHETAMINE SACCHARATE', 'AMPHETAMINE ASPARTATE MONOHYDRATE', 'DEXTROAMPHETAMINE SULFATE', 'AMPHETAMINE SULFATE']"
0409-1858-12,Dopamine Hydrochloride Injection,"Dopamine Hydrochloride In Dextrose 5% In Plastic Container, Injection, 800 mg/250 mL (3.2 mg/1 mL) (NDC 0409-1858-12)",Injection,['DOPAMINE HYDROCHLORIDE IN DEXTROSE'],['HUMAN PRESCRIPTION DRUG'],['INTRAVENOUS'],['DOPAMINE HYDROCHLORIDE']
0409-4596-20,Dexmedetomidine Hydrochloride Injection,"Precedex, Injection, 200 mcg/50 mL (4 mcg/mL) (NDC 0409-4596-20)",Injection,['PRECEDEX'],['HUMAN PRESCRIPTION DRUG'],['INTRAVENOUS'],['DEXMEDETOMIDINE HYDROCHLORIDE']
49884-128-91,Everolimus Tablet,"Everolimus, Tablet, 10 mg (NDC 49884-128-91)",Tablet,,,,
0941-0426-52,"Calcium Chloride; Dextrose; Magnesium Chloride; Sodium Chloride; Sodium Lactate Intraperitoneal Injection, Solution","DIANEAL PD-2 with Dextrose, Intraperitoneal Injection, Solution, 25.7 mg/100 mL; 1.5 g/100 mL; 5.08 mg/100 mL; 538 mg/100 mL; 448 mg/100 mL (NDC 0941-0426-52)",Solution,['DIANEAL PD-2 WITH DEXTROSE'],['HUMAN PRESCRIPTION DRUG'],['INTRAPERITONEAL'],"['DEXTROSE MONOHYDRATE', 'SODIUM CHLORIDE', 'SODIUM LACTATE', 'CALCIUM CHLORIDE', 'MAGNESIUM CHLORIDE']"
0409-1403-10,Rocuronium Bromide Injection,"Rocuronium Bromide, Injection, 50 mg/5 mL (10 mg/mL) (NDC 0409-1403-10)",Injection,['ROCURONIUM BROMIDE'],['HUMAN PRESCRIPTION DRUG'],['INTRAVENOUS'],['ROCURONIUM BROMIDE']
0406-5115-01,Lisdexamfetamine Dimesylate Capsule,"Lisdexamfetamine Dimesylate, Capsule, 50 mg (NDC 0406-5115-01)",Capsule,,,,
63323-488-37,"Epinephrine Bitartrate, Lidocaine Hydrochloride Injection","Xylocaine, Injection, .005 mg/1 mL; 15 mg/1 mL (NDC 63323-488-37)",Injection,['XYLOCAINE MPF'],['HUMAN PRESCRIPTION DRUG'],"['EPIDURAL', 'INFILTRATION', 'INTRACAUDAL', 'PERINEURAL']","['LIDOCAINE HYDROCHLORIDE ANHYDROUS', 'EPINEPHRINE BITARTRATE']"
0338-0023-03,Dextrose Monohydrate 10% Injection,"Dextrose 10% In Plastic Container, Injection, 100 g/1000 mL (NDC 0338-0023-03)",Injection,['DEXTROSE'],['HUMAN PRESCRIPTION DRUG'],['INTRAVENOUS'],['DEXTROSE MONOHYDRATE']
63323-089-50,Sodium Bicarbonate Injection,"Sodium Bicarbonate, Injection, 84 mg/1 mL (NDC 63323-089-50)",Injection,['SODIUM BICARBONATE'],['HUMAN PRESCRIPTION DRUG'],['INTRAVENOUS'],['SODIUM BICARBONATE']
63323-287-21,Ropivacaine Hydrochloride Injection,"Naropin, Injection, 7.5 mg/1 mL (NDC 63323-287-21)",Injection,['NAROPIN'],['HUMAN PRESCRIPTION DRUG'],"['EPIDURAL', 'PERINEURAL']",['ROPIVACAINE HYDROCHLORIDE']
64850-553-01,Lisdexamfetamine Dimesylate Capsule,"Lisdexamfetamine Dimesylate, Capsule, 40 mg (NDC 64850-553-01)",Capsule,['LISDEXAMFETAMINE DIMESYLATE'],['HUMAN PRESCRIPTION DRUG'],['ORAL'],['LISDEXAMFETAMINE DIMESYLATE']
0409-3182-03,"Epinephrine Bitartrate, Lidocaine Hydrochloride Injection","Lidocaine Hydrochloride And Epinephrine, Injection, 1 g/50 mL (2%; 1:100,000) (NDC 0409-3182-03)",Injection,['LIDOCAINE HYDROCHLORIDE AND EPINEPHRINE'],['HUMAN PRESCRIPTION DRUG'],"['INFILTRATION', 'PERINEURAL']","['LIDOCAINE HYDROCHLORIDE', 'EPINEPHRINE']"
65219-460-20,Dextrose Monohydrate 5% Injection,"Dextrose 5% In Plastic Container, Injection, 50 mg/1 mL (NDC 65219-460-20)",Injection,['DEXTROSE'],['HUMAN PRESCRIPTION DRUG'],['INTRAVENOUS'],['DEXTROSE MONOHYDRATE']
0409-4264-01,Hydromorphone Hydrochloride Injection,"Hydromorphone Hydrochloride, Injection, 0.5 mg/0.5 mL NexJect™ Single-dose Syringe Luer Lock (no needle) (NDC 0409-4264-01)",Injection,['HYDROMORPHONE HYDROCHLORIDE'],['HUMAN PRESCRIPTION DRUG'],"['INTRAMUSCULAR', 'INTRAVENOUS', 'SUBCUTANEOUS']",['HYDROMORPHONE HYDROCHLORIDE']
43547-408-10,Clonazepam Tablet,"Clonazepam, Tablet, 2 mg (NDC 43547-408-10)",Tablet,['CLONAZEPAM'],['HUMAN PRESCRIPTION DRUG'],['ORAL'],['CLONAZEPAM']
72485-201-01,Azacitidine Injection,"Azacitidine, Injection, 100 mg (NDC 72485-201-01)",Injection,['AZACITIDINE'],['HUMAN PRESCRIPTION DRUG'],"['INTRAVENOUS', 'SUBCUTANEOUS']",['AZACITIDINE']
59417-117-01,"Lisdexamfetamine Dimesylate Tablet, Chewable","Vyvanse, Tablet, Chewable, 30 mg (NDC 59417-117-01)","Tablet, Chewable",['VYVANSE'],['HUMAN PRESCRIPTION DRUG'],['ORAL'],['LISDEXAMFETAMINE DIMESYLATE']
63323-806-05,Fentanyl Citrate Injection,"Fentanyl Citrate Preservative Free, Injection, .05 mg/1 mL (NDC 63323-806-05)",Injection,['FENTANYL CITRATE'],['HUMAN PRESCRIPTION DRUG'],"['INTRAMUSCULAR', 'INTRAVENOUS']",['FENTANYL CITRATE']
0409-0151-10,Dobutamine Hydrochloride Injection,"Dobutamine Hydrochloride In Dextrose 5% In Plastic Container, Injection, 500 mg/250mL (2 mg/mL) (NDC 0409-0151-10)",Injection,['DOBUTAMINE IN DEXTROSE'],['HUMAN PRESCRIPTION DRUG'],['INTRAVENOUS'],['DOBUTAMINE HYDROCHLORIDE']
0093-2401-01,Hydroxychloroquine Sulfate Tablet,"Hydroxychloroquine Sulfate, Tablet, 200 mg (NDC 0093-2401-01)",Tablet,['HYDROXYCHLOROQUINE SULFATE'],['HUMAN PRESCRIPTION DRUG'],['ORAL'],['HYDROXYCHLOROQUINE SULFATE']
69918-501-05,Desmopressin Acetate Spray,"Desmopressin Acetate, Spray, 10 ug/.1 mL (NDC 69918-501-05)",Spray,,,,
71357-008-10,Sodium Acetate Injection,"Sodium Acetate, Injection, 200 mEq/100mL (2 mEq/mL) (NDC 71357-008-10)",Injection,['SODIUM ACETATE'],['HUMAN PRESCRIPTION DRUG'],['INTRAVENOUS'],['SODIUM ACETATE']
50458-586-01,"Methylphenidate Hydrochloride Tablet, Extended Release","Concerta, Tablet, Extended Release, 36 mg (NDC 50458-586-01)",Tablet,['CONCERTA'],['HUMAN PRESCRIPTION DRUG'],['ORAL'],['METHYLPHENIDATE HYDROCHLORIDE']
71288-205-03,Furosemide Injection,"Furosemide, Injection, 10 mg/mL, 2 mL (NDC 71288-205-03)",Injection,['HYDRALAZINE HYDROCHLORIDE'],['HUMAN PRESCRIPTION DRUG'],"['INTRAMUSCULAR', 'INTRAVENOUS']",['HYDRALAZINE HYDROCHLORIDE']
11534-190-01,"Amphetamine Aspartate Monohydrate, Amphetamine Sulfate, Dextroamphetamine Saccharate, Dextroamphetamine Sulfate Tablet","Amphetamine Aspartate Monohydrate, Amphetamine Sulfate, Dextroamphetamine Saccharate, Dextroamphetamine Sulfate, Tablet, 1.25 mg; 1.25 mg; 1.25 mg; 1.25 mg (NDC 11534-190-01)",Tablet,"['DEXTROAMPHETAMINE SACCHARATE, AMPHETAMINE ASPARTATE, DEXTROAMPHETAMINE SULFATE AND AMPHETAMINE SULFATE']",['HUMAN PRESCRIPTION DRUG'],['ORAL'],"['DEXTROAMPHETAMINE SACCHARATE', 'AMPHETAMINE ASPARTATE MONOHYDRATE', 'DEXTROAMPHETAMINE SULFATE', 'AMPHETAMINE SULFATE']"
23155-473-42,Furosemide Injection,"Furosemide, Injection, 10 mg/1 mL (NDC 23155-473-42)",Injection,['FUROSEMIDE'],['HUMAN PRESCRIPTION DRUG'],['INTRAVENOUS'],['FUROSEMIDE']
42023-186-20,Dexmedetomidine Hydrochloride Injection,"Dexmedetomidine Hydrochloride, Injection, 4 ug/1 mL (NDC 42023-186-20)",Injection,['DEXMEDETOMIDINE HYDROCHLORIDE'],['HUMAN PRESCRIPTION DRUG'],['INTRAVENOUS'],['DEXMEDETOMIDINE HYDROCHLORIDE']
81298-7620-3,Sodium Bicarbonate Injection,"Sodium Bicarbonate, Injection, 84 mg/1 mL (NDC 81298-7620-3)",Injection,['SODIUM BICARBONATE'],['HUMAN PRESCRIPTION DRUG'],['INTRAVENOUS'],['SODIUM BICARBONATE']
0409-0001-25,Midazolam Hydrochloride Injection,"Midazolam Hydrochloride Preservative Free, Injection, 2 mg/2mL (1 mg/mL) (NDC 0409-0001-25)",Injection,['MIDAZOLAM'],['HUMAN PRESCRIPTION DRUG'],"['INTRAMUSCULAR', 'INTRAVENOUS']",['MIDAZOLAM HYDROCHLORIDE']
63323-469-01,Haloperidol Decanoate Injection,"Haloperidol Decanoate, Injection, 50 mg/1 mL (NDC 63323-469-01)",Injection,['HALOPERIDOL DECANOATE'],['HUMAN PRESCRIPTION DRUG'],['INTRAMUSCULAR'],['HALOPERIDOL DECANOATE']
0378-0167-13,Doxycycline Hyclate Tablet,"Doxycycline Hyclate, Tablet, 100 mg (NDC 0378-0167-13)",Tablet,,,,
17478-050-02,Sufentanil Citrate Injection,"Sufentanil Citrate, Injection, 50 mcg/1 mL (NDC 17478-050-02)",Injection,,,,
0409-7875-12,Dexmedetomidine Hydrochloride Injection,"Precedex, Injection, 1000 mcg/250 mL (NDC 0409-7875-12)",Injection,['PRECEDEX'],['HUMAN PRESCRIPTION DRUG'],['INTRAVENOUS'],['DEXMEDETOMIDINE HYDROCHLORIDE']
0591-5590-01,Tranylcypromine Sulfate Tablet,"Parnate, Tablet, 10 mg (NDC 0591-5590-01)",Tablet,['TRANYLCYPROMINE SULFATE'],['HUMAN PRESCRIPTION DRUG'],['ORAL'],['TRANYLCYPROMINE SULFATE']
0002-8870-27,Mirikizumab-mrkz Injection,"Omvoh, Injection, 100 mg/1 mL (NDC 0002-8870-27)",Injection,['OMVOH'],['HUMAN PRESCRIPTION DRUG'],['SUBCUTANEOUS'],['MIRIKIZUMAB']
0409-0040-10,Ketamine Hydrochloride Injection,"Ketamine Hydrochloride, Injection, 500 mg/5mL (100 mg/mL); Multiple Dose Glass Fliptop Vial Novaplus (NDC 0409-0040-10)",Injection,,,,
0378-0006-85,Everolimus Tablet,"Everolimus, Tablet, 3 mg (NDC 0378-0006-85)",Tablet,,,,
62332-600-25,Ketorolac Tromethamine Injection,"Ketorolac Tromethamine, Injection, 30 mg/1 mL (NDC 62332-600-25)",Injection,['KETOROLAC TROMETHAMINE'],['HUMAN PRESCRIPTION DRUG'],"['INTRAMUSCULAR', 'INTRAVENOUS']",['KETOROLAC TROMETHAMINE']
70121-1389-1,Dexmedetomidine Hydrochloride Injection,"Dexmedetomidine Hydrochloride, Injection, 4 mcg/mL, 100 mL (NDC 70121-1389-1)",Injection,['DEXMEDETOMIDINE HYDROCHLORIDE'],['HUMAN PRESCRIPTION DRUG'],['INTRAVENOUS'],['DEXMEDETOMIDINE HYDROCHLORIDE']
55150-169-10,Bupivacaine Hydrochloride Injection,"Bupivacaine Hydrochloride, Injection, 5 mg/1 mL (NDC 55150-169-10)",Injection,['BUPIVACAINE HYDROCHLORIDE'],['HUMAN PRESCRIPTION DRUG'],"['EPIDURAL', 'INTRACAUDAL']",['BUPIVACAINE HYDROCHLORIDE']
58914-301-80,Nitroglycerin Ointment,"Rectiv, Ointment, 0.4% (NDC 58914-301-80)",Ointment,['RECTIV'],['HUMAN PRESCRIPTION DRUG'],['RECTAL'],['NITROGLYCERIN']
57844-105-01,"Amphetamine Aspartate Monohydrate, Amphetamine Sulfate, Dextroamphetamine Saccharate, Dextroamphetamine Sulfate Tablet","Adderall, Tablet, 1.25 mg; 1.25 mg; 1.25 mg; 1.25 mg (NDC 57844-105-01)",Tablet,['ADDERALL'],['HUMAN PRESCRIPTION DRUG'],['ORAL'],"['DEXTROAMPHETAMINE SACCHARATE', 'AMPHETAMINE ASPARTATE MONOHYDRATE', 'DEXTROAMPHETAMINE SULFATE', 'AMPHETAMINE SULFATE']"
0409-9094-28,Fentanyl Citrate Injection,"Fentanyl Citrate, Injection, 500 mcg/10 mL (50 ug/1 mL) (NDC 0409-9094-28)",Injection,['FENTANYL CITRATE'],['HUMAN PRESCRIPTION DRUG'],"['INTRAMUSCULAR', 'INTRAVENOUS']",['FENTANYL CITRATE']
62332-601-25,Ketorolac Tromethamine Injection,"Ketorolac Tromethamine, Injection, 60 mg/2 mL (NDC 62332-601-25)",Injection,['KETOROLAC TROMETHAMINE'],['HUMAN PRESCRIPTION DRUG'],"['INTRAMUSCULAR', 'INTRAVENOUS']",['KETOROLAC TROMETHAMINE']
65219-464-50,Dextrose Monohydrate 5% Injection,"Dextrose 5% In Plastic Container, Injection, 50 mg/1 mL (NDC 65219-464-50)",Injection,['DEXTROSE'],['HUMAN PRESCRIPTION DRUG'],['INTRAVENOUS'],['DEXTROSE MONOHYDRATE']
70069-752-01,Bupivacaine Hydrochloride Injection,"Bupivacaine Hydrochloride, Injection, 2.5 mg/1 mL (NDC 70069-752-01)",Injection,['BUPIVACAINE HYDROCHLORIDE'],['HUMAN PRESCRIPTION DRUG'],"['INFILTRATION', 'PERINEURAL']",['BUPIVACAINE HYDROCHLORIDE']
63323-750-10,Oxaliplatin Injection,"Oxaliplatin, Injection, 5 mg/mL (NDC 63323-750-10)",Injection,,,,
72266-119-25,Ketorolac Tromethamine Injection,"Ketorolac Tromethamine, Injection, 30 mg/1 mL (NDC 72266-119-25)",Injection,['KETOROLAC TROMETHAMINE'],['HUMAN PRESCRIPTION DRUG'],['INTRAMUSCULAR'],['KETOROLAC TROMETHAMINE']
72516-016-01,"Amphetamine Aspartate Monohydrate, Amphetamine Sulfate, Dextroamphetamine Saccharate, Dextroamphetamine Sulfate Tablet","Amphetamine Aspartate Monohydrate, Amphetamine Sulfate, Dextroamphetamine Saccharate, Dextroamphetamine Sulfate, Tablet, 1.25 mg; 1.25 mg; 1.25 mg; 1.25 mg (NDC 72516-016-01)",Tablet,"['DEXTROAMPHETAMINE SACCHARATE, AMPHETAMINE ASPARTATE, DEXTROAMPHETAMINE SULFATE AND AMPHETAMINE SULFATE']",['HUMAN PRESCRIPTION DRUG'],['ORAL'],"['DEXTROAMPHETAMINE SACCHARATE', 'AMPHETAMINE ASPARTATE MONOHYDRATE', 'DEXTROAMPHETAMINE SULFATE', 'AMPHETAMINE SULFATE']"
65219-080-05,Gadoterate Meglumine Injection,"Gadoterate Meglumine, Injection, 376.9 mg/1 mL (NDC 65219-080-05)",Injection,['GADOTERATE MEGLUMINE'],['HUMAN PRESCRIPTION DRUG'],['INTRAVENOUS'],['GADOTERATE MEGLUMINE']
0409-4902-34,Dextrose Monohydrate 50% Injection,"Dextrose Monohydrate 50%, Injection, 50% Dextrose Injection 0.5 g/mL; ABBOJECT® Glass Syringe (NDC 0409-4902-34)",Injection,,,,
71288-725-32,Bupivacaine Hydrochloride Injection,"Bupivacaine Hydrochloride, Injection, 5 mg/1 mL (NDC 71288-725-32)",Injection,,,,
0002-7623-01,Pemetrexed Disodium Injection,"Alimta, Injection, 500 mg/20 mL (NDC 0002-7623-01)",Injection,['ALIMTA'],['HUMAN PRESCRIPTION DRUG'],['INTRAVENOUS'],['PEMETREXED DISODIUM HEPTAHYDRATE']
55150-159-74,Lidocaine Hydrochloride Injection,"Lidocaine Hydrochloride, Injection, 10 mg/1 mL (NDC 55150-159-74)",Injection,['LIDOCAINE HYDROCHLORIDE'],['HUMAN PRESCRIPTION DRUG'],"['EPIDURAL', 'INFILTRATION', 'INTRACAUDAL', 'PERINEURAL']",['LIDOCAINE HYDROCHLORIDE']
0054-3294-46,Furosemide Oral Solution,"Furosemide, Oral Solution, 10 mg/1 mL (NDC 0054-3294-46)",Oral Solution,['FUROSEMIDE'],['HUMAN PRESCRIPTION DRUG'],['ORAL'],['FUROSEMIDE']
0409-3578-01,Tobramycin Sulfate Injection,"Tobramycin Sulfate, Injection, 80 mg/2 mL (40 mg/mL); 2 mL Multiple Dose Glass Fliptop Vial (NDC 0409-3578-01)",Injection,['TOBRAMYCIN'],['HUMAN PRESCRIPTION DRUG'],"['INTRAMUSCULAR', 'INTRAVENOUS']",['TOBRAMYCIN SULFATE']
47781-179-01,"Amphetamine Aspartate Monohydrate, Amphetamine Sulfate, Dextroamphetamine Saccharate, Dextroamphetamine Sulfate Tablet","Amphetamine Aspartate Monohydrate, Amphetamine Sulfate, Dextroamphetamine Saccharate, Dextroamphetamine Sulfate, Tablet, 20mg (NDC 47781-179-01)",Tablet,,,,
0591-5544-05,Allopurinol Tablet,"Allopurinol, Tablet, 300 mg (NDC 0591-5544-05)",Tablet,['ALLOPURINOL'],['HUMAN PRESCRIPTION DRUG'],['ORAL'],['ALLOPURINOL']
0603-5165-21,Phenobarbital Tablet,"Phenobarbital, Tablet, 16.2 mg (NDC 0603-5165-21)",Tablet,['PHENOBARBITAL'],['HUMAN PRESCRIPTION DRUG'],['ORAL'],['PHENOBARBITAL']
63323-492-57,Lidocaine Hydrochloride Injection,"Xylocaine, Injection, 10 mg/1 mL (NDC 63323-492-57)",Injection,['XYLOCAINE MPF'],['HUMAN PRESCRIPTION DRUG'],"['EPIDURAL', 'INFILTRATION', 'INTRACAUDAL', 'PERINEURAL']",['LIDOCAINE HYDROCHLORIDE ANHYDROUS']
0093-9364-01,Glyburide Tablet,"Diabeta, Tablet, 5 mg (NDC 0093-9364-01)",Tablet,['GLYBURIDE'],['HUMAN PRESCRIPTION DRUG'],['ORAL'],['GLYBURIDE']
25021-701-02,Ketorolac Tromethamine Injection,"Ketorolac Tromethamine, Injection, 30 mg/1 mL (NDC 25021-701-02)",Injection,['KETOROLAC TROMETHAMINE'],['HUMAN PRESCRIPTION DRUG'],"['INTRAMUSCULAR', 'INTRAVENOUS']",['KETOROLAC TROMETHAMINE']
0025-2742-31,"Disopyramide Phosphate Capsule, Extended Release","Norpace CR, Capsule, Extended Release, 150 mg (NDC 0025-2742-31)","Capsule, Extended Release",,,,
50742-447-45,Carboplatin Injection,"Carboplatin, Injection, 450 mg/45 mL (NDC 50742-447-45)",Injection,,,,
0641-1495-35,Promethazine Hydrochloride Injection,"Promethazine Hydrochloride, Injection, 25 mg/1 mL (NDC 0641-1495-35)",Injection,['PROMETHAZINE HYDROCHLORIDE'],['HUMAN PRESCRIPTION DRUG'],"['INTRAMUSCULAR', 'INTRAVENOUS']",['PROMETHAZINE HYDROCHLORIDE']
76329-3390-1,Lidocaine Hydrochloride Injection,"Lidocaine Hydrochloride, Injection, 20 mg/1 mL (NDC 76329-3390-1)",Injection,['LIDOCAINE HYDROCHLORIDE'],['HUMAN PRESCRIPTION DRUG'],['INTRAVENOUS'],['LIDOCAINE HYDROCHLORIDE']
10019-926-02,Ifosfamide Injection,"Ifosfamide, Injection, 3 g/60 mL (NDC 10019-926-02)",Injection,['IFOSFAMIDE'],['HUMAN PRESCRIPTION DRUG'],['INTRAVENOUS'],['IFOSFAMIDE']
25021-701-01,Ketorolac Tromethamine Injection,"Ketorolac Tromethamine, Injection, 30 mg/1 mL (NDC 25021-701-01)",Injection,['KETOROLAC TROMETHAMINE'],['HUMAN PRESCRIPTION DRUG'],"['INTRAMUSCULAR', 'INTRAVENOUS']",['KETOROLAC TROMETHAMINE']
58468-0127-1,Doxercalciferol Injection,"Hectorol, Injection, 4 mcg/2 mL injection 50 multiple-dose vials (NDC 58468-0127-1)",Injection,,,,
0703-4248-01,Carboplatin Injection,"Carboplatin, Injection, 10 mg/1 mL (NDC 0703-4248-01)",Injection,['CARBOPLATIN'],['HUMAN PRESCRIPTION DRUG'],['INTRAVENOUS'],['CARBOPLATIN']
0071-0532-23,Quinapril Hydrochloride Tablet,"Accupril, Tablet, 20 mg (NDC 0071-0532-23)",Tablet,,,,
0378-6856-77,Lisdexamfetamine Dimesylate Capsule,"Lisdexamfetamine Dimesylate, Capsule, 30 mg (NDC 0378-6856-77)",Capsule,['LISDEXAMFETAMINE DIMESYLATE'],['HUMAN PRESCRIPTION DRUG'],['ORAL'],['LISDEXAMFETAMINE DIMESYLATE']
0002-8235-05,Insulin Lispro-aabc Injection,"Lyumjev, Injection, U-100 Tempo Pen (NDC 0002-8235-05)",Injection,['LYUMJEV TEMPO PEN'],['HUMAN PRESCRIPTION DRUG'],['SUBCUTANEOUS'],['INSULIN LISPRO']
63323-851-50,Hydromorphone Hydrochloride Injection,"Hydromorphone Hydrochloride, Injection, 10 mg/1 mL (NDC 63323-851-50)",Injection,['HYDROMORPHONE HYDROCHLORIDE'],['HUMAN PRESCRIPTION DRUG'],"['INTRAMUSCULAR', 'INTRAVENOUS', 'SUBCUTANEOUS']",['HYDROMORPHONE HYDROCHLORIDE']
59676-570-01,Etravirine Tablet,"Intelence, Tablet, 100 mg (NDC 59676-570-01)",Tablet,['INTELENCE'],['HUMAN PRESCRIPTION DRUG'],['ORAL'],['ETRAVIRINE']
72888-152-30,Clonazepam Tablet,"Clonazepam, Tablet, .5 mg (NDC 72888-152-30)",Tablet,['CLONAZEPAM'],['HUMAN PRESCRIPTION DRUG'],['ORAL'],['CLONAZEPAM']
63323-723-03,Remifentanil Hydrochloride Injection,"Remifentanil Hydrochloride, Injection, 1 mg/1 mL (NDC 63323-723-03)",Injection,['REMIFENTANIL HYDROCHLORIDE'],['HUMAN PRESCRIPTION DRUG'],['INTRAVENOUS'],['REMIFENTANIL HYDROCHLORIDE']
57664-052-88,Lisdexamfetamine Dimesylate Capsule,"Lisdexamfetamine Dimesylate, Capsule, 70 mg (NDC 57664-052-88)",Capsule,['LISDEXAMFETAMINE DIMESYLATE'],['HUMAN PRESCRIPTION DRUG'],['ORAL'],['LISDEXAMFETAMINE DIMESYLATE']
0088-2160-30,Leflunomide Tablet,"Arava, Tablet, 10 mg (NDC 0088-2160-30)",Tablet,['ARAVA'],['HUMAN PRESCRIPTION DRUG'],['ORAL'],['LEFLUNOMIDE']
55150-168-30,Bupivacaine Hydrochloride Injection,"Bupivacaine Hydrochloride, Injection, 2.5 mg/1 mL (NDC 55150-168-30)",Injection,['BUPIVACAINE HYDROCHLORIDE'],['HUMAN PRESCRIPTION DRUG'],"['EPIDURAL', 'INFILTRATION', 'INTRACAUDAL']",['BUPIVACAINE HYDROCHLORIDE']
0527-1505-37,"Amphetamine Aspartate Monohydrate, Amphetamine Sulfate, Dextroamphetamine Saccharate, Dextroamphetamine Sulfate Tablet","Amphetamine Aspartate Monohydrate, Amphetamine Sulfate, Dextroamphetamine Saccharate, Dextroamphetamine Sulfate, Tablet, 5 mg; 5 mg; 5 mg; 5 mg (NDC 0527-1505-37)",Tablet,,,,
76045-210-10,Dexamethasone Sodium Phosphate Injection,"Dexamethasone Sodium Phosphate, Injection, 4 mg/1 mL (NDC 76045-210-10)",Injection,['DEXAMETHASONE SODIUM PHOSPHATE'],['HUMAN PRESCRIPTION DRUG'],"['INTRA-ARTICULAR', 'INTRALESIONAL', 'INTRAMUSCULAR', 'INTRAVENOUS', 'SOFT TISSUE']",['DEXAMETHASONE SODIUM PHOSPHATE']
25021-671-67,Ropivacaine Hydrochloride Injection,"Ropivacaine Hydrochloride, Injection, 2 mg/1 mL (NDC 25021-671-67)",Injection,['ROPIVACAINE HYDROCHLORIDE'],['HUMAN PRESCRIPTION DRUG'],"['EPIDURAL', 'INFILTRATION']",['ROPIVACAINE HYDROCHLORIDE']
0480-3570-01,Lisdexamfetamine Dimesylate Capsule,"Lisdexamfetamine Dimesylate, Capsule, 60 mg (NDC 0480-3570-01)",Capsule,['LISDEXAMFETAMINE DIMESYLATE'],['HUMAN PRESCRIPTION DRUG'],['ORAL'],['LISDEXAMFETAMINE DIMESYLATE']
65282-1605-1,Lidocaine Hydrochloride Injection,"Lidocaine Hydrochloride, Injection, 10 mg/1 mL (NDC 65282-1605-1)",Injection,['LIDOCAINE HYDROCHLORIDE'],['HUMAN PRESCRIPTION DRUG'],"['EPIDURAL', 'INFILTRATION', 'INTRACAUDAL', 'PERINEURAL']",['LIDOCAINE HYDROCHLORIDE ANHYDROUS']
0555-0776-02,"Amphetamine Aspartate Monohydrate, Amphetamine Sulfate, Dextroamphetamine Saccharate, Dextroamphetamine Sulfate Tablet","Amphetamine Aspartate Monohydrate, Amphetamine Sulfate, Dextroamphetamine Saccharate, Dextroamphetamine Sulfate, Tablet, 3.125 mg; 3.125 mg; 3.125 mg; 3.125 mg (NDC 0555-0776-02)",Tablet,"['DEXTROAMPHETAMINE SACCHARATE, AMPHETAMINE ASPARTATE, DEXTROAMPHETAMINE SULFATE AND AMPHETAMINE SULFATE']",['HUMAN PRESCRIPTION DRUG'],['ORAL'],"['DEXTROAMPHETAMINE SACCHARATE', 'AMPHETAMINE ASPARTATE MONOHYDRATE', 'DEXTROAMPHETAMINE SULFATE', 'AMPHETAMINE SULFATE']"
0054-3298-63,Furosemide Oral Solution,"Furosemide, Oral Solution, 40 mg/5 mL (NDC 0054-3298-63)",Oral Solution,['FUROSEMIDE'],['HUMAN PRESCRIPTION DRUG'],['ORAL'],['FUROSEMIDE']
43066-555-24,Dexmedetomidine Hydrochloride Injection,"Dexmedetomidine Hydrochloride, Injection, 200 ug/50 mL (NDC 43066-555-24)",Injection,['DEXMEDETOMIDINE HYDROCHLORIDE IN 0.9% SODIUM CHLORIDE'],['HUMAN PRESCRIPTION DRUG'],['INTRAVENOUS'],['DEXMEDETOMIDINE HYDROCHLORIDE']
0409-6637-14,Sodium Bicarbonate Injection,"Sodium Bicarbonate, Injection, 84 mg/1 mL (NDC 0409-6637-14)",Injection,['SODIUM BICARBONATE'],['HUMAN PRESCRIPTION DRUG'],['INTRAVENOUS'],['SODIUM BICARBONATE']
57664-086-88,"Lisdexamfetamine Dimesylate Tablet, Chewable","Lisdexamfetamine Dimesylate, Tablet, Chewable, 40 mg (NDC 57664-086-88)","Tablet, Chewable",['LISDEXAMFETAMINE DIMESYLATE'],['HUMAN PRESCRIPTION DRUG'],['ORAL'],['LISDEXAMFETAMINE DIMESYLATE']
0480-3667-22,Liraglutide Injection,"Liraglutide, Injection, 6 mg/1 mL (NDC 0480-3667-22)",Injection,['LIRAGLUTIDE'],['HUMAN PRESCRIPTION DRUG'],['SUBCUTANEOUS'],['LIRAGLUTIDE']
0555-0777-02,"Amphetamine Aspartate Monohydrate, Amphetamine Sulfate, Dextroamphetamine Saccharate, Dextroamphetamine Sulfate Tablet","Amphetamine Aspartate Monohydrate, Amphetamine Sulfate, Dextroamphetamine Saccharate, Dextroamphetamine Sulfate, Tablet, 3.75 mg; 3.75 mg; 3.75 mg; 3.75 mg (NDC 0555-0777-02)",Tablet,"['DEXTROAMPHETAMINE SACCHARATE, AMPHETAMINE ASPARTATE, DEXTROAMPHETAMINE SULFATE AND AMPHETAMINE SULFATE']",['HUMAN PRESCRIPTION DRUG'],['ORAL'],"['DEXTROAMPHETAMINE SACCHARATE', 'AMPHETAMINE ASPARTATE MONOHYDRATE', 'DEXTROAMPHETAMINE SULFATE', 'AMPHETAMINE SULFATE']"
76045-121-11,Hydromorphone Hydrochloride Injection,"Dilaudid, Injection, .2 mg/1 mL (NDC 76045-121-11)",Injection,['DILAUDID'],['HUMAN PRESCRIPTION DRUG'],"['INTRAMUSCULAR', 'INTRAVENOUS', 'SUBCUTANEOUS']",['HYDROMORPHONE HYDROCHLORIDE']
0409-1454-20,Dexmedetomidine Hydrochloride Injection,"Precedex, Injection, 200 mcg/50 mL (4 mcg/mL) (NDC 0409-1454-20)",Injection,['PRECEDEX'],['HUMAN PRESCRIPTION DRUG'],['INTRAVENOUS'],['DEXMEDETOMIDINE HYDROCHLORIDE']
55150-393-01,Azacitidine Injection,"Azacitidine, Injection, 100 mg/4 mL (NDC 55150-393-01)",Injection,['AZACITIDINE'],['HUMAN PRESCRIPTION DRUG'],"['INTRAVENOUS', 'SUBCUTANEOUS']",['AZACITIDINE']
70010-113-01,"Amphetamine Aspartate Monohydrate, Amphetamine Sulfate, Dextroamphetamine Saccharate, Dextroamphetamine Sulfate Tablet","Amphetamine Aspartate Monohydrate, Amphetamine Sulfate, Dextroamphetamine Saccharate, Dextroamphetamine Sulfate, Tablet, 2.5 mg; 2.5 mg; 2.5 mg; 2.5 mg (NDC 70010-113-01)",Tablet,"['DEXTROAMPHETAMINE SACCHARATE, AMPHETAMINE ASPARTATE, DEXTROAMPHETAMINE SULFATE AND AMPHETAMINE SULFATE']",['HUMAN PRESCRIPTION DRUG'],['ORAL'],"['DEXTROAMPHETAMINE SACCHARATE', 'AMPHETAMINE ASPARTATE MONOHYDRATE', 'DEXTROAMPHETAMINE SULFATE', 'AMPHETAMINE SULFATE']"
47781-564-01,Lisdexamfetamine Dimesylate Capsule,"Lisdexamfetamine Dimesylate, Capsule, 30 mg (NDC 47781-564-01)",Capsule,['LISDEXAMFETAMINE DIMESYLATE'],['HUMAN PRESCRIPTION DRUG'],['ORAL'],['LISDEXAMFETAMINE DIMESYLATE']
0591-2888-30,Hydroxocobalamin Injection,"Hydroxocobalamin, Injection, 1000 MCG/ML, 30 ML Multi-Dose Vial (NDC 0591-2888-30)",Injection,['HYDROXOCOBALAMIN'],['HUMAN PRESCRIPTION DRUG'],['INTRAMUSCULAR'],['HYDROXOCOBALAMIN ACETATE']
61958-1702-1,Idelalisib Tablet,"Zydelig, Tablet, 150 mg (NDC 61958-1702-1)",Tablet,,,,
0990-7923-13,Dextrose Monohydrate 5% Injection,"Dextrose 5% In Plastic Container, Injection, 5 g/100 mL (NDC 0990-7923-13)",Injection,['DEXTROSE'],['HUMAN PRESCRIPTION DRUG'],['INTRAVENOUS'],['DEXTROSE MONOHYDRATE']
59137-570-01,Triamcinolone Hexacetonide Injection,"Hexatrione, Injection, 40 mg/2 mL (NDC 59137-570-01)",Injection,,,,
0641-6052-25,Meperidine Hydrochloride Injection,"Meperidine Hydrochloride, Injection, 25 mg/1 mL (NDC 0641-6052-25)",Injection,['MEPERIDINE HYDROCHLORIDE'],['HUMAN PRESCRIPTION DRUG'],"['INTRAMUSCULAR', 'INTRAVENOUS', 'SUBCUTANEOUS']",['MEPERIDINE HYDROCHLORIDE']
0054-0375-25,Lisdexamfetamine Dimesylate Capsule,"Lisdexamfetamine Dimesylate, Capsule, 70 mg (NDC 0054-0375-25)",Capsule,['LISDEXAMFETAMINE DIMESYLATE'],['HUMAN PRESCRIPTION DRUG'],['ORAL'],['LISDEXAMFETAMINE DIMESYLATE']
0409-1761-62,Bupivacaine Hydrochloride Injection,"Marcaine, Injection, 0.75% 15 mg/2 mL (NDC 0409-1761-62)",Injection,['MARCAINE SPINAL'],['HUMAN PRESCRIPTION DRUG'],['SUBARACHNOID'],['BUPIVACAINE HYDROCHLORIDE']
0002-8213-05,Insulin Lispro Injection,"Humalog, Injection, U-100 Tempo Pen (NDC 0002-8213-05)",Injection,['HUMALOG TEMPO PEN'],['HUMAN PRESCRIPTION DRUG'],['SUBCUTANEOUS'],['INSULIN LISPRO']
0338-9666-35,Dextrose Monohydrate 5% Injection,"Dextrose 5% In Plastic Container, Injection, 5 g/100 mL (NDC 0338-9666-35)",Injection,['DEXTROSE'],['HUMAN PRESCRIPTION DRUG'],['INTRAVENOUS'],['DEXTROSE MONOHYDRATE']
0409-1530-01,Bupivacaine Hydrochloride Injection,"Marcaine, Injection, 150 mg/30 mL (5 mg/mL) (NDC 0409-1530-01)",Injection,['MARCAINE'],['HUMAN PRESCRIPTION DRUG'],"['EPIDURAL', 'INTRACAUDAL', 'PERINEURAL']",['BUPIVACAINE HYDROCHLORIDE']
13811-709-10,"Methylphenidate Hydrochloride Tablet, Extended Release","Methylphenidate Hydrochloride, Tablet, Extended Release, 54 mg (NDC 13811-709-10)",Tablet,['METHYLPHENIDATE HYDROCHLORIDE'],['HUMAN PRESCRIPTION DRUG'],['ORAL'],['METHYLPHENIDATE HYDROCHLORIDE']
43547-602-10,Lisdexamfetamine Dimesylate Capsule,"Lisdexamfetamine Dimesylate, Capsule, 10 mg (NDC 43547-602-10)",Capsule,['LISDEXAMFETAMINE DIMESYLATE'],['HUMAN PRESCRIPTION DRUG'],['ORAL'],['LISDEXAMFETAMINE DIMESYLATE']
0409-9137-05,Lidocaine Hydrochloride Injection,"Lidocaine Hydrochloride Preservative Free In Plastic Container, Injection, 50 mg/5mL (1%, 10 mg/1 mL) Syringes (NDC 0409-9137-05)",Injection,['LIDOCAINE HYDROCHLORIDE'],['HUMAN PRESCRIPTION DRUG'],['INTRAVENOUS'],['LIDOCAINE HYDROCHLORIDE']
76045-107-10,Ketorolac Tromethamine Injection,"Ketorolac Tromethamine, Injection, 15 mg/1 mL (NDC 76045-107-10)",Injection,['KETOROLAC TROMETHAMINE'],['HUMAN PRESCRIPTION DRUG'],"['INTRAMUSCULAR', 'INTRAVENOUS']",['KETOROLAC TROMETHAMINE']
0409-7809-24,Dopamine Hydrochloride Injection,"Dopamine Hydrochloride In Dextrose 5% In Plastic Container, Injection, 800 mg/500 mL (1.6 mg/1 mL) (NDC 0409-7809-24)",Injection,['DOPAMINE HYDROCHLORIDE IN DEXTROSE'],['HUMAN PRESCRIPTION DRUG'],['INTRAVENOUS'],['DOPAMINE HYDROCHLORIDE']
0338-1130-06,Amino Acid Injection,"Premasol 10% Sulfite Free in VIAFLEX Plastic Container, Injection, 0.1 (NDC 0338-1130-06)",Injection,['PREMASOL - SULFITE-FREE (AMINO ACID)'],['HUMAN PRESCRIPTION DRUG'],['INTRAVENOUS'],"['LEUCINE', 'LYSINE ACETATE', 'ISOLEUCINE', 'VALINE', 'HISTIDINE', 'PHENYLALANINE', 'THREONINE', 'METHIONINE', 'TRYPTOPHAN', 'TYROSINE', 'ARGININE', 'PROLINE', 'ALANINE', 'GLUTAMIC ACID', 'SERINE', 'GLYCINE', 'ASPARTIC ACID', 'TAURINE', 'CYSTEINE HYDROCHLORIDE']"
68025-098-30,"Methylphenidate Hydrochloride Tablet, Extended Release","Relexxii, Tablet, Extended Release, 54 mg (NDC 68025-098-30)",Tablet,['RELEXXII'],['HUMAN PRESCRIPTION DRUG'],['ORAL'],['METHYLPHENIDATE HYDROCHLORIDE']
65219-368-02,Lorazepam Injection,"Lorazepam, Injection, 2 mg/1 mL (NDC 65219-368-02)",Injection,['LORAZEPAM'],['HUMAN PRESCRIPTION DRUG'],"['INTRAMUSCULAR', 'INTRAVENOUS']",['LORAZEPAM']
63323-202-02,Lidocaine Hydrochloride Injection,"Lidocaine Hydrochloride, Injection, 20 mg/1 mL (NDC 63323-202-02)",Injection,['LIDOCAINE'],['HUMAN PRESCRIPTION DRUG'],"['INFILTRATION', 'PERINEURAL']",['LIDOCAINE HYDROCHLORIDE']
0002-4491-61,Lasmiditan Succinate Tablet,"Reyvow, Tablet, 100 mg (NDC 0002-4491-61)",Tablet,['REYVOW'],['HUMAN PRESCRIPTION DRUG'],['ORAL'],['LASMIDITAN']
0006-3074-02,Elbasvir; Grazoprevir Tablet,"Zepatier, Tablet, 50 mg; 100 mg (NDC 0006-3074-02)",Tablet,['ZEPATIER'],['HUMAN PRESCRIPTION DRUG'],['ORAL'],"['ELBASVIR', 'GRAZOPREVIR ANHYDROUS']"
16729-295-31,Carboplatin Injection,"Carboplatin, Injection, 10 mg/1 mL (NDC 16729-295-31)",Injection,['CARBOPLATIN'],['HUMAN PRESCRIPTION DRUG'],['INTRAVENOUS'],['CARBOPLATIN']
63323-452-01,Morphine Sulfate Injection,"Morphine Sulfate, Injection, 2 mg/1 mL (NDC 63323-452-01)",Injection,['MORPHINE SULFATE'],['HUMAN PRESCRIPTION DRUG'],"['INTRAMUSCULAR', 'INTRAVENOUS']",['MORPHINE SULFATE']
70010-112-01,"Amphetamine Aspartate Monohydrate, Amphetamine Sulfate, Dextroamphetamine Saccharate, Dextroamphetamine Sulfate Tablet","Amphetamine Aspartate Monohydrate, Amphetamine Sulfate, Dextroamphetamine Saccharate, Dextroamphetamine Sulfate, Tablet, 1.875 mg; 1.875 mg; 1.875 mg; 1.875 mg (NDC 70010-112-01)",Tablet,"['DEXTROAMPHETAMINE SACCHARATE, AMPHETAMINE ASPARTATE, DEXTROAMPHETAMINE SULFATE AND AMPHETAMINE SULFATE']",['HUMAN PRESCRIPTION DRUG'],['ORAL'],"['DEXTROAMPHETAMINE SACCHARATE', 'AMPHETAMINE ASPARTATE MONOHYDRATE', 'DEXTROAMPHETAMINE SULFATE', 'AMPHETAMINE SULFATE']"
63323-142-10,Ifosfamide Injection,"Ifosfamide, Injection, 1 g/1 (NDC 63323-142-10)",Injection,['IFOSFAMIDE'],['HUMAN PRESCRIPTION DRUG'],['INTRAVENOUS'],['IFOSFAMIDE']
0143-9577-10,Lidocaine Hydrochloride Injection,"Lidocaine Hydrochloride, Injection, 10 mg/1 mL (NDC 0143-9577-10)",Injection,['LIDOCAINE'],['HUMAN PRESCRIPTION DRUG'],"['INFILTRATION', 'PERINEURAL']",['LIDOCAINE HYDROCHLORIDE']
63323-489-17,"Epinephrine Bitartrate, Lidocaine Hydrochloride Injection","Xylocaine, Injection, .005 mg/1 mL; 20 mg/1 mL (NDC 63323-489-17)",Injection,['XYLOCAINE MPF'],['HUMAN PRESCRIPTION DRUG'],"['EPIDURAL', 'INFILTRATION', 'INTRACAUDAL', 'PERINEURAL']","['LIDOCAINE HYDROCHLORIDE ANHYDROUS', 'EPINEPHRINE BITARTRATE']"
0781-2868-31,Omeprazole Delayed Release Capsule,"Omeprazole, Delayed Release Capsule, 20 mg (NDC 0781-2868-31)",,['OMEPRAZOLE'],['HUMAN PRESCRIPTION DRUG'],['ORAL'],['OMEPRAZOLE']
61314-531-64,Adalimumab-adaz Injection,"Hyrimoz, Injection, Kit (NDC 61314-531-64)",Injection,['HYRIMOZ'],['HUMAN PRESCRIPTION DRUG'],,
0591-5544-01,Allopurinol Tablet,"Allopurinol, Tablet, 300 mg (NDC 0591-5544-01)",Tablet,['ALLOPURINOL'],['HUMAN PRESCRIPTION DRUG'],['ORAL'],['ALLOPURINOL']
0169-2800-15,Liraglutide Injection,"Saxenda, Injection, 6 mg/1 mL (NDC 0169-2800-15)",Injection,['SAXENDA'],['HUMAN PRESCRIPTION DRUG'],['SUBCUTANEOUS'],['LIRAGLUTIDE']
0641-6026-05,Fentanyl Citrate Injection,"Fentanyl Citrate, Injection, 50 ug/1 mL (NDC 0641-6026-05)",Injection,,,,
0409-5092-16,Ceftazidime Injection,"Tazicef, Injection, 1 g (NDC 0409-5092-16)",Injection,,,,
46163-212-92,Peritoneal Dialysis Solution,"DELFLEX® w/Dextrose, Solution, 4.25% Low Mg/Low Ca 2L, 5/cs (NDC 46163-212-92)",Solution,['DELFLEX'],['HUMAN PRESCRIPTION DRUG'],['INTRAPERITONEAL'],"['DEXTROSE MONOHYDRATE', 'SODIUM CHLORIDE', 'SODIUM LACTATE', 'CALCIUM CHLORIDE', 'MAGNESIUM CHLORIDE']"
0703-3678-01,Methotrexate Sodium Injection,"Methotrexate Sodium Preservative Free, Injection, 25 mg/1 mL (NDC 0703-3678-01)",Injection,['METHOTREXATE'],['HUMAN PRESCRIPTION DRUG'],"['INTRA-ARTERIAL', 'INTRAMUSCULAR', 'INTRATHECAL', 'INTRAVENOUS']",['METHOTREXATE SODIUM']
63323-493-91,Lidocaine Hydrochloride Injection,"Xylocaine, Injection, 15 mg/1 mL (NDC 63323-493-91)",Injection,['XYLOCAINE MPF'],['HUMAN PRESCRIPTION DRUG'],"['EPIDURAL', 'INFILTRATION', 'INTRACAUDAL', 'PERINEURAL']",['LIDOCAINE HYDROCHLORIDE ANHYDROUS']
0406-5111-01,Lisdexamfetamine Dimesylate Capsule,"Lisdexamfetamine Dimesylate, Capsule, 10 mg (NDC 0406-5111-01)",Capsule,,,,
63481-025-09,Frovatriptan Succinate Tablet,"Frova, Tablet, 2.5 mg (NDC 63481-025-09)",Tablet,,,,
72888-153-01,Clonazepam Tablet,"Clonazepam, Tablet, 1 mg (NDC 72888-153-01)",Tablet,['CLONAZEPAM'],['HUMAN PRESCRIPTION DRUG'],['ORAL'],['CLONAZEPAM']
62135-485-90,Quinapril Hydrochloride Tablet,"Quinapril Hydrochloride, Tablet, 10 mg (NDC 62135-485-90)",Tablet,['QUINAPRIL'],['HUMAN PRESCRIPTION DRUG'],['ORAL'],['QUINAPRIL HYDROCHLORIDE']
42023-240-01,Methylprednisolone Acetate Injection,"Methylprednisolone Acetate, Injection, 80 mg/1 mL (NDC 42023-240-01)",Injection,,,,
0378-6859-77,Lisdexamfetamine Dimesylate Capsule,"Lisdexamfetamine Dimesylate, Capsule, 60 mg (NDC 0378-6859-77)",Capsule,['LISDEXAMFETAMINE DIMESYLATE'],['HUMAN PRESCRIPTION DRUG'],['ORAL'],['LISDEXAMFETAMINE DIMESYLATE']
0527-4662-37,Lisdexamfetamine Dimesylate Capsule,"Lisdexamfetamine Dimesylate, Capsule, 20 mg (NDC 0527-4662-37)",Capsule,,,,
75987-050-07,Glycerol Phenylbutyrate Oral Liquid,"RAVICTI, Oral Liquid, 1.1 g/1 mL (NDC 75987-050-07)",,['RAVICTI'],['HUMAN PRESCRIPTION DRUG'],['ORAL'],['GLYCEROL PHENYLBUTYRATE']
16729-136-16,Clonazepam Tablet,"Clonazepam, Tablet, .5 mg (NDC 16729-136-16)",Tablet,['CLONAZEPAM'],['HUMAN PRESCRIPTION DRUG'],['ORAL'],['CLONAZEPAM']
68180-554-09,Quinapril Hydrochloride Tablet,"Quinapril Hydrochloride, Tablet, 40 mg (NDC 68180-554-09)",Tablet,['QUINAPRIL'],['HUMAN PRESCRIPTION DRUG'],['ORAL'],['QUINAPRIL HYDROCHLORIDE']
0009-3073-22,Methylprednisolone Acetate Injection,"Depo-medrol, Injection, 40 mg/1 mL (NDC 0009-3073-22)",Injection,['DEPO-MEDROL'],['HUMAN PRESCRIPTION DRUG'],"['INTRALESIONAL', 'INTRAMUSCULAR', 'INTRASYNOVIAL', 'SOFT TISSUE', 'INTRA-ARTICULAR']",['METHYLPREDNISOLONE ACETATE']
49884-564-11,"Lamotrigine Tablet, Extended Release","Lamotrigine, Tablet, Extended Release, 200 mg (NDC 49884-564-11)",Tablet,,,,
0480-3564-01,Lisdexamfetamine Dimesylate Capsule,"Lisdexamfetamine Dimesylate, Capsule, 70 mg (NDC 0480-3564-01)",Capsule,['LISDEXAMFETAMINE DIMESYLATE'],['HUMAN PRESCRIPTION DRUG'],['ORAL'],['LISDEXAMFETAMINE DIMESYLATE']
0185-2099-01,"Amphetamine Aspartate Monohydrate, Amphetamine Sulfate, Dextroamphetamine Saccharate, Dextroamphetamine Sulfate Tablet","Amphetamine Aspartate Monohydrate, Amphetamine Sulfate, Dextroamphetamine Saccharate, Dextroamphetamine Sulfate, Tablet, 7.5 mg; 7.5 mg; 7.5 mg; 7.5 mg (NDC 0185-2099-01)",Tablet,"['DEXTROAMPHETAMINE SACCHARATE, AMPHETAMINE ASPARTATE MONOHYDRATE, DEXTROAMPHETAMINE SULFATE AND AMPHETAMINE SULFATE']",['HUMAN PRESCRIPTION DRUG'],['ORAL'],"['DEXTROAMPHETAMINE SACCHARATE', 'AMPHETAMINE ASPARTATE MONOHYDRATE', 'DEXTROAMPHETAMINE SULFATE', 'AMPHETAMINE SULFATE']"
16571-600-96,Cromolyn Sodium Concentrate,"Cromolyn Sodium, Concentrate, 100 mg/5 mL (NDC 16571-600-96)",Concentrate,['CROMOLYN SODIUM'],['HUMAN PRESCRIPTION DRUG'],['ORAL'],['CROMOLYN SODIUM']
42806-799-05,Rifampin Capsule,"Rifampin, Capsule, 300 mg (NDC 42806-799-05)",Capsule,['RIFAMPIN'],['HUMAN PRESCRIPTION DRUG'],['ORAL'],['RIFAMPIN']
63323-637-10,Arsenic Trioxide Injection,"Arsenic Trioxide, Injection, 1 mg/1 mL (NDC 63323-637-10)",Injection,['ARSENIC TRIOXIDE'],['HUMAN PRESCRIPTION DRUG'],['INTRAVENOUS'],['ARSENIC TRIOXIDE']
72205-132-91,"Lisdexamfetamine Dimesylate Tablet, Chewable","Lisdexamfetamine Dimesylate, Tablet, Chewable, 10 mg (NDC 72205-132-91)","Tablet, Chewable",['LISDEXAMFETAMINE DIMESYLATE'],['HUMAN PRESCRIPTION DRUG'],['ORAL'],['LISDEXAMFETAMINE DIMESYLATE']
63323-519-77,Heparin Sodium Injection,"Heparin Sodium, Injection, 200 [USP'U]/100 mL (NDC 63323-519-77)",Injection,['HEPARIN SODIUM'],['HUMAN PRESCRIPTION DRUG'],['INTRAVENOUS'],['HEPARIN SODIUM']
0406-8884-01,"Amphetamine Aspartate Monohydrate, Amphetamine Sulfate, Dextroamphetamine Saccharate, Dextroamphetamine Sulfate Tablet","Amphetamine Aspartate Monohydrate, Amphetamine Sulfate, Dextroamphetamine Saccharate, Dextroamphetamine Sulfate, Tablet, 1.875 mg; 1.875 mg; 1.875 mg; 1.875 mg (NDC 0406-8884-01)",Tablet,['DEXTROAMPHETAMINE SACCHARATE AND AMPHETAMINE ASPARTATE AND DEXTROAMPHETAMINE SULFATE AND AMPHETAMINE SULFATE'],['HUMAN PRESCRIPTION DRUG'],['ORAL'],"['DEXTROAMPHETAMINE SACCHARATE', 'AMPHETAMINE ASPARTATE MONOHYDRATE', 'DEXTROAMPHETAMINE SULFATE', 'AMPHETAMINE SULFATE']"
64850-550-01,Lisdexamfetamine Dimesylate Capsule,"Lisdexamfetamine Dimesylate, Capsule, 10 mg (NDC 64850-550-01)",Capsule,['LISDEXAMFETAMINE DIMESYLATE'],['HUMAN PRESCRIPTION DRUG'],['ORAL'],['LISDEXAMFETAMINE DIMESYLATE']
76045-004-11,Morphine Sulfate Injection,"Morphine Sulfate, Injection, 2 mg/1 mL (NDC 76045-004-11)",Injection,['MORPHINE SULFATE'],['HUMAN PRESCRIPTION DRUG'],"['INTRAMUSCULAR', 'INTRAVENOUS']",['MORPHINE SULFATE']
0378-6858-77,Lisdexamfetamine Dimesylate Capsule,"Lisdexamfetamine Dimesylate, Capsule, 50 mg (NDC 0378-6858-77)",Capsule,['LISDEXAMFETAMINE DIMESYLATE'],['HUMAN PRESCRIPTION DRUG'],['ORAL'],['LISDEXAMFETAMINE DIMESYLATE']
0641-6053-25,Meperidine Hydrochloride Injection,"Meperidine Hydrochloride, Injection, 50 mg/1 mL (NDC 0641-6053-25)",Injection,['MEPERIDINE HYDROCHLORIDE'],['HUMAN PRESCRIPTION DRUG'],"['INTRAMUSCULAR', 'INTRAVENOUS', 'SUBCUTANEOUS']",['MEPERIDINE HYDROCHLORIDE']
50742-402-05,Irinotecan Hydrochloride Injection,"Irinotecan Hydrochloride, Injection, 100 mg/5 mL (NDC 50742-402-05)",Injection,['IRINOTECAN HYDROCHLORIDE'],['HUMAN PRESCRIPTION DRUG'],['INTRAVENOUS'],['IRINOTECAN HYDROCHLORIDE']
63323-671-00,Dexmedetomidine Hydrochloride Injection,"Dexmedetomidine Hydrochloride, Injection, 4 ug/1 mL (NDC 63323-671-00)",Injection,,,,
0409-3189-10,Rocuronium Bromide Injection,"Rocuronium Bromide, Injection, 50 mg/5 mL (10 mg/mL) (NDC 0409-3189-10)",Injection,['ROCURONIUM BROMIDE'],['HUMAN PRESCRIPTION DRUG'],['INTRAVENOUS'],['ROCURONIUM BROMIDE']
13668-353-90,Nebivolol Hydrochloride Tablet,"Nebivolol Hydrochloride, Tablet, 2.5 mg (NDC 13668-353-90)",Tablet,,,,
83634-651-10,Lidocaine Hydrochloride Injection,"Lidocaine Hydrochloride, Injection, 100 mg/10 mL (NDC 83634-651-10)",Injection,['LIDOCAINE HYDROCHLORIDE'],['HUMAN PRESCRIPTION DRUG'],"['INFILTRATION', 'PERINEURAL']",['LIDOCAINE HYDROCHLORIDE']
70010-114-01,"Amphetamine Aspartate Monohydrate, Amphetamine Sulfate, Dextroamphetamine Saccharate, Dextroamphetamine Sulfate Tablet","Amphetamine Aspartate Monohydrate, Amphetamine Sulfate, Dextroamphetamine Saccharate, Dextroamphetamine Sulfate, Tablet, 3.125 mg; 3.125 mg; 3.125 mg; 3.125 mg (NDC 70010-114-01)",Tablet,"['DEXTROAMPHETAMINE SACCHARATE, AMPHETAMINE ASPARTATE, DEXTROAMPHETAMINE SULFATE AND AMPHETAMINE SULFATE']",['HUMAN PRESCRIPTION DRUG'],['ORAL'],"['DEXTROAMPHETAMINE SACCHARATE', 'AMPHETAMINE ASPARTATE MONOHYDRATE', 'DEXTROAMPHETAMINE SULFATE', 'AMPHETAMINE SULFATE']"
0338-0017-03,Dextrose Monohydrate 5% Injection,"Dextrose 5% In Plastic Container, Injection, 50 g/1000 mL (NDC 0338-0017-03)",Injection,['DEXTROSE'],['HUMAN PRESCRIPTION DRUG'],['INTRAVENOUS'],['DEXTROSE MONOHYDRATE']
25021-652-87,Ropivacaine Hydrochloride Injection,"Ropivacaine Hydrochloride, Injection, 5 mg/1 mL (NDC 25021-652-87)",Injection,['ROPIVACAINE HYDROCHLORIDE'],['HUMAN PRESCRIPTION DRUG'],"['EPIDURAL', 'INFILTRATION']",['ROPIVACAINE HYDROCHLORIDE']
59212-001-01,Phenoxybenzamine Hydrochloride Capsule,"Dibenzyline, Capsule, 10 mg (NDC 59212-001-01)",Capsule,,,,
0941-0409-07,"Calcium Chloride; Dextrose; Magnesium Chloride; Sodium Chloride; Sodium Lactate Intraperitoneal Injection, Solution","DIANEAL Low Calcium with Dextrose, Intraperitoneal Injection, Solution, 18.3 mg/100 mL; 1.5 g/100 mL; 5.08 mg/100 mL; 538 mg/100 mL; 448 mg/100 mL (NDC 0941-0409-07)",Solution,['DIANEAL LOW CALCIUM WITH DEXTROSE'],['HUMAN PRESCRIPTION DRUG'],['INTRAPERITONEAL'],"['DEXTROSE MONOHYDRATE', 'SODIUM CHLORIDE', 'SODIUM LACTATE', 'CALCIUM CHLORIDE', 'MAGNESIUM CHLORIDE']"
68025-095-10,"Methylphenidate Hydrochloride Tablet, Extended Release","Relexxii, Tablet, Extended Release, 18 mg (NDC 68025-095-10)",Tablet,['RELEXXII'],['HUMAN PRESCRIPTION DRUG'],['ORAL'],['METHYLPHENIDATE HYDROCHLORIDE']
0555-0972-02,"Amphetamine Aspartate Monohydrate, Amphetamine Sulfate, Dextroamphetamine Saccharate, Dextroamphetamine Sulfate Tablet","Amphetamine Aspartate Monohydrate, Amphetamine Sulfate, Dextroamphetamine Saccharate, Dextroamphetamine Sulfate, Tablet, 2.5 mg; 2.5 mg; 2.5 mg; 2.5 mg (NDC 0555-0972-02)",Tablet,"['DEXTROAMPHETAMINE SACCHARATE, AMPHETAMINE ASPARTATE, DEXTROAMPHETAMINE SULFATE AND AMPHETAMINE SULFATE']",['HUMAN PRESCRIPTION DRUG'],['ORAL'],"['DEXTROAMPHETAMINE SACCHARATE', 'AMPHETAMINE ASPARTATE MONOHYDRATE', 'DEXTROAMPHETAMINE SULFATE', 'AMPHETAMINE SULFATE']"
0143-9254-25,Dopamine Hydrochloride Injection,"Dopamine Hydrochloride, Injection, 40 mg/1 mL (NDC 0143-9254-25)",Injection,['DOPAMINE HYDROCHLORIDE'],['HUMAN PRESCRIPTION DRUG'],['INTRAVENOUS'],['DOPAMINE HYDROCHLORIDE']
0054-0660-25,Lisdexamfetamine Dimesylate Capsule,"Lisdexamfetamine Dimesylate, Capsule, 10 mg (NDC 0054-0660-25)",Capsule,['LISDEXAMFETAMINE DIMESYLATE'],['HUMAN PRESCRIPTION DRUG'],['ORAL'],['LISDEXAMFETAMINE DIMESYLATE']
65649-400-01,"Polyethylene glycol 3350, Sodium Ascorbate, Sodium Sulfate Anhydrous, Ascorbic Acid, Sodium Chloride, and Potassium Chloride  Oral Solution","Plenvu, Oral Solution, KIT (NDC 65649-400-01)",Oral Solution,['PLENVU'],['HUMAN PRESCRIPTION DRUG'],,
55150-165-05,Lidocaine Hydrochloride Injection,"Lidocaine Hydrochloride, Injection, 20 mg/1 mL (NDC 55150-165-05)",Injection,['LIDOCAINE HYDROCHLORIDE'],['HUMAN PRESCRIPTION DRUG'],"['EPIDURAL', 'INFILTRATION', 'INTRACAUDAL', 'PERINEURAL']",['LIDOCAINE HYDROCHLORIDE']
63323-454-01,Morphine Sulfate Injection,"Morphine Sulfate, Injection, 4 mg/1 mL (NDC 63323-454-01)",Injection,['MORPHINE SULFATE'],['HUMAN PRESCRIPTION DRUG'],"['INTRAMUSCULAR', 'INTRAVENOUS']",['MORPHINE SULFATE']
0264-9594-20,Lidocaine Hydrochloride Injection,"Lidocaine Hydrochloride And Dextrose, Injection, 5 g/100 mL; .4 g/100 mL (NDC 0264-9594-20)",Injection,['LIDOCAINE HYDROCHLORIDE AND DEXTROSE'],['HUMAN PRESCRIPTION DRUG'],['INTRAVENOUS'],"['LIDOCAINE HYDROCHLORIDE ANHYDROUS', 'DEXTROSE MONOHYDRATE']"
0409-3178-03,"Epinephrine Bitartrate, Lidocaine Hydrochloride Injection","Lidocaine Hydrochloride And Epinephrine, Injection, 500 mg/50 mL (1%; 1:100,000) (NDC 0409-3178-03)",Injection,['LIDOCAINE HYDROCHLORIDE AND EPINEPHRINE'],['HUMAN PRESCRIPTION DRUG'],"['INFILTRATION', 'PERINEURAL']","['LIDOCAINE HYDROCHLORIDE', 'EPINEPHRINE']"
43598-305-62,Azacitidine Injection,"Azacitidine, Injection, 100 mg (NDC 43598-305-62)",Injection,['AZACITIDINE'],['HUMAN PRESCRIPTION DRUG'],"['INTRAVENOUS', 'SUBCUTANEOUS']",['AZACITIDINE']
72078-034-01,Remifentanil Hydrochloride Injection,"Ultiva, Injection, 1 mg/1 mL (NDC 72078-034-01)",Injection,['ULTIVA'],['HUMAN PRESCRIPTION DRUG'],['INTRAVENOUS'],['REMIFENTANIL HYDROCHLORIDE']
54092-173-12,"Carbamazepine Capsule, Extended Release","Carbatrol, Capsule, Extended Release, 300 mg (NDC 54092-173-12)","Capsule, Extended Release",['CARBATROL'],['HUMAN PRESCRIPTION DRUG'],['ORAL'],['CARBAMAZEPINE']
0781-2868-92,Omeprazole Delayed Release Capsule,"Omeprazole, Delayed Release Capsule, 20 mg (NDC 0781-2868-92)",,['OMEPRAZOLE'],['HUMAN PRESCRIPTION DRUG'],['ORAL'],['OMEPRAZOLE']
0409-4279-02,Lidocaine Hydrochloride Injection,"Lidocaine Hydrochloride, Injection, 300 mg/30 mL (1%; 10 mg/mL) (NDC 0409-4279-02)",Injection,['LIDOCAINE HYDROCHLORIDE'],['HUMAN PRESCRIPTION DRUG'],"['EPIDURAL', 'INFILTRATION', 'INTRACAUDAL', 'PERINEURAL']",['LIDOCAINE HYDROCHLORIDE']
72266-147-10,Etomidate Injection,"Etomidate, Injection, 2 mg/1 mL (NDC 72266-147-10)",Injection,['ETOMIDATE'],['HUMAN PRESCRIPTION DRUG'],['INTRAVENOUS'],['ETOMIDATE']
63323-760-20,Melphalan Hydrochloride Injection,"Melphalan Hydrochloride, Injection, Kit (NDC 63323-760-20)",Injection,['MELPHALAN'],['HUMAN PRESCRIPTION DRUG'],,
42806-799-01,Rifampin Capsule,"Rifampin, Capsule, 300 mg (NDC 42806-799-01)",Capsule,['RIFAMPIN'],['HUMAN PRESCRIPTION DRUG'],['ORAL'],['RIFAMPIN']
0009-0104-04,Lincomycin Hydrochloride Injection,"Lincocin, Injection, 2 mL multiple dose vial (NDC 0009-0104-04)",Injection,['LINCOCIN'],['HUMAN PRESCRIPTION DRUG'],"['INTRAMUSCULAR', 'INTRAVENOUS', 'SUBCONJUNCTIVAL']",['LINCOMYCIN HYDROCHLORIDE']
46163-212-94,Peritoneal Dialysis Solution,"DELFLEX® w/Dextrose, Solution, 4.25% Low Mg/Low Ca 2.5L/3L, 5/cs (NDC 46163-212-94)",Solution,['DELFLEX'],['HUMAN PRESCRIPTION DRUG'],['INTRAPERITONEAL'],"['DEXTROSE MONOHYDRATE', 'SODIUM CHLORIDE', 'SODIUM LACTATE', 'CALCIUM CHLORIDE', 'MAGNESIUM CHLORIDE']"
60505-4739-1,Lisdexamfetamine Dimesylate Capsule,"Lisdexamfetamine Dimesylate, Capsule, 10 mg (NDC 60505-4739-1)",Capsule,,,,
0641-6030-01,Fentanyl Citrate Injection,"Fentanyl Citrate, Injection, 50 mcg/1 mL (NDC 0641-6030-01)",Injection,['FENTANYL CITRATE'],['HUMAN PRESCRIPTION DRUG'],['INTRAVENOUS'],['FENTANYL CITRATE']
0409-4887-10,Sterile Water Injection,"Sterile Water, Injection, 1 mL/1 mL (NDC 0409-4887-10)",Injection,['STERILE WATER'],['HUMAN PRESCRIPTION DRUG'],"['INTRAMUSCULAR', 'INTRAVENOUS', 'SUBCUTANEOUS']",['WATER']
0074-3399-30,Ritonavir Oral Powder,"Norvir, Oral Powder, 100 mg (NDC 0074-3399-30)",Oral Powder,['NORVIR'],['HUMAN PRESCRIPTION DRUG'],['ORAL'],['RITONAVIR']
0703-4246-01,Carboplatin Injection,"Carboplatin, Injection, 10 mg/1 mL (NDC 0703-4246-01)",Injection,['CARBOPLATIN'],['HUMAN PRESCRIPTION DRUG'],['INTRAVENOUS'],['CARBOPLATIN']
66993-066-02,Phenoxybenzamine Hydrochloride Capsule,"Dibenzyline, Capsule, 10 mg (NDC 66993-066-02)",Capsule,,,,
0054-0371-25,Lisdexamfetamine Dimesylate Capsule,"Lisdexamfetamine Dimesylate, Capsule, 30 mg (NDC 0054-0371-25)",Capsule,['LISDEXAMFETAMINE DIMESYLATE'],['HUMAN PRESCRIPTION DRUG'],['ORAL'],['LISDEXAMFETAMINE DIMESYLATE']
0173-0717-22,"Fluticasone Propionate and Salmeterol Xinafoate Aerosol, Metered","Advair HFA, Aerosol, Metered, 230 ug; 21 ug (NDC 0173-0717-22)",,['ADVAIR HFA'],['HUMAN PRESCRIPTION DRUG'],['RESPIRATORY (INHALATION)'],"['FLUTICASONE PROPIONATE', 'SALMETEROL XINAFOATE']"
62175-310-37,"Methylphenidate Hydrochloride Tablet, Extended Release","Methylphenidate Hydrochloride, Tablet, Extended Release, 18 mg (NDC 62175-310-37)",Tablet,['METHYLPHENIDATE HYDROCHLORIDE'],['HUMAN PRESCRIPTION DRUG'],['ORAL'],['METHYLPHENIDATE HYDROCHLORIDE']
63323-287-20,Ropivacaine Hydrochloride Injection,"Naropin, Injection, 7.5 mg/1 mL (NDC 63323-287-20)",Injection,['NAROPIN'],['HUMAN PRESCRIPTION DRUG'],"['EPIDURAL', 'PERINEURAL']",['ROPIVACAINE HYDROCHLORIDE']
42858-161-01,Lisdexamfetamine Dimesylate Capsule,"Lisdexamfetamine Dimesylate, Capsule, 10 mg (NDC 42858-161-01)",Capsule,['LISDEXAMFETAMINE DIMESYLATE'],['HUMAN PRESCRIPTION DRUG'],['ORAL'],['LISDEXAMFETAMINE DIMESYLATE']
62135-486-90,Quinapril Hydrochloride Tablet,"Quinapril Hydrochloride, Tablet, 20 mg (NDC 62135-486-90)",Tablet,['QUINAPRIL'],['HUMAN PRESCRIPTION DRUG'],['ORAL'],['QUINAPRIL HYDROCHLORIDE']
13107-072-01,"Amphetamine Aspartate Monohydrate, Amphetamine Sulfate, Dextroamphetamine Saccharate, Dextroamphetamine Sulfate Tablet","Amphetamine Aspartate Monohydrate, Amphetamine Sulfate, Dextroamphetamine Saccharate, Dextroamphetamine Sulfate, Tablet, 3.75 mg; 3.75 mg; 3.75 mg; 3.75 mg (NDC 13107-072-01)",Tablet,"['DEXTROAMPHETAMINE SACCHARATE, AMPHETAMINE ASPARTATE, DEXTROAMPHETAMINE SULFATE AND AMPHETAMINE SULFATE']",['HUMAN PRESCRIPTION DRUG'],['ORAL'],"['DEXTROAMPHETAMINE SACCHARATE', 'AMPHETAMINE ASPARTATE MONOHYDRATE', 'DEXTROAMPHETAMINE SULFATE', 'AMPHETAMINE SULFATE']"
25021-311-10,Furosemide Injection,"Furosemide, Injection, 10 mg/1 mL (NDC 25021-311-10)",Injection,['FUROSEMIDE'],['HUMAN PRESCRIPTION DRUG'],"['INTRAMUSCULAR', 'INTRAVENOUS']",['FUROSEMIDE']
0409-5017-01,Vancomycin Hydrochloride Injection,"Vancomycin Hydrochloride, Injection, 10 g Vial NovaPlus (NDC 0409-5017-01)",Injection,,,,
63323-288-11,Ropivacaine Hydrochloride Injection,"Naropin, Injection, 10 mg/1 mL (NDC 63323-288-11)",Injection,['NAROPIN'],['HUMAN PRESCRIPTION DRUG'],['EPIDURAL'],['ROPIVACAINE HYDROCHLORIDE']
0009-5095-06,Clindamycin Phosphate Injection,"Cleocin Phosphate, Injection, 900 mg/6 mL (150 mg/mL); 6 mL Vial NovaPlus (NDC 0009-5095-06)",Injection,['CLEOCIN PHOSPHATE'],['HUMAN PRESCRIPTION DRUG'],"['INTRAMUSCULAR', 'INTRAVENOUS']",['CLINDAMYCIN PHOSPHATE']
65862-617-90,Quinapril Hydrochloride Tablet,"Quinapril Hydrochloride, Tablet, 5 mg (NDC 65862-617-90)",Tablet,['QUINAPRIL'],['HUMAN PRESCRIPTION DRUG'],['ORAL'],['QUINAPRIL HYDROCHLORIDE']
57664-083-88,"Lisdexamfetamine Dimesylate Tablet, Chewable","Lisdexamfetamine Dimesylate, Tablet, Chewable, 10 mg (NDC 57664-083-88)","Tablet, Chewable",['LISDEXAMFETAMINE DIMESYLATE'],['HUMAN PRESCRIPTION DRUG'],['ORAL'],['LISDEXAMFETAMINE DIMESYLATE']
55150-322-25,Furosemide Injection,"Furosemide, Injection, 20 mg/2 mL (NDC 55150-322-25)",Injection,['FUROSEMIDE'],['HUMAN PRESCRIPTION DRUG'],"['INTRAMUSCULAR', 'INTRAVENOUS']",['FUROSEMIDE']
13811-710-30,"Methylphenidate Hydrochloride Tablet, Extended Release","Methylphenidate Hydrochloride, Tablet, Extended Release, 72 mg (NDC 13811-710-30)",Tablet,['METHYLPHENIDATE HYDROCHLORIDE'],['HUMAN PRESCRIPTION DRUG'],['ORAL'],['METHYLPHENIDATE HYDROCHLORIDE']
0169-4307-30,Semaglutide Tablet,"Rybelsus, Tablet, 7 mg (NDC 0169-4307-30)",Tablet,['RYBELSUS'],['HUMAN PRESCRIPTION DRUG'],['ORAL'],['SEMAGLUTIDE']
76045-212-10,Dexamethasone Sodium Phosphate Injection,"Dexamethasone Sodium Phosphate, Injection, 10 mg/1 mL (NDC 76045-212-10)",Injection,['DEXAMETHASONE SODIUM PHOSPHATE'],['HUMAN PRESCRIPTION DRUG'],"['INTRAMUSCULAR', 'INTRAVENOUS']",['DEXAMETHASONE SODIUM PHOSPHATE']
68180-658-06,Rifampin Capsule,"Rifampin, Capsule, 150 mg (NDC 68180-658-06)",Capsule,['RIFAMPIN'],['HUMAN PRESCRIPTION DRUG'],['ORAL'],['RIFAMPIN']
0074-3008-60,Lopinavir and Ritonavir Tablet,"Kaletra, Tablet, 100 mg; 25 mg (NDC 0074-3008-60)",Tablet,['KALETRA'],['HUMAN PRESCRIPTION DRUG'],['ORAL'],"['LOPINAVIR', 'RITONAVIR']"
0409-2222-12,Heparin Sodium Injection,"Heparin Sodium, Injection, 2,000 Units/1,000 mL (2 Units/mL) (NDC 0409-2222-12)",Injection,['HEPARIN SODIUM'],['HUMAN PRESCRIPTION DRUG'],['INTRAVENOUS'],['HEPARIN SODIUM']
63459-390-08,"Bendamustine Hydrochloride Injection, Solution","Treanda, Injection, Solution, 25 mg/5 mL, 1 vial, Single-Dose in 1 carton (NDC 63459-390-08)",Injection,,,,
0990-7139-09,Sterile Water Irrigant,"Sterile Water In Plastic Container, Irrigant, 1 mL/1 mL (NDC 0990-7139-09)",Irrigant,,,,
0409-2815-01,Dexmedetomidine Hydrochloride Injection,"Precedex, Injection, 1000 mcg/250 mL Glass Bottle NovaPlus (NDC 0409-2815-01)",Injection,['PRECEDEX'],['HUMAN PRESCRIPTION DRUG'],['INTRAVENOUS'],['DEXMEDETOMIDINE HYDROCHLORIDE']
25021-671-82,Ropivacaine Hydrochloride Injection,"Ropivacaine Hydrochloride, Injection, 2 mg/1 mL (NDC 25021-671-82)",Injection,['ROPIVACAINE HYDROCHLORIDE'],['HUMAN PRESCRIPTION DRUG'],"['EPIDURAL', 'INFILTRATION']",['ROPIVACAINE HYDROCHLORIDE']
57664-608-88,"Methylphenidate Hydrochloride Tablet, Extended Release","Methylphenidate Hydrochloride, Tablet, Extended Release, 36 mg (NDC 57664-608-88)",Tablet,,,,
0703-0110-03,Hydromorphone Hydrochloride Injection,"Hydromorphone Hydrochloride, Injection, 10 mg/1 mL (NDC 0703-0110-03)",Injection,['HYDROMORPHONE HYDROCHLORIDE'],['HUMAN PRESCRIPTION DRUG'],"['INTRAMUSCULAR', 'INTRAVENOUS', 'SUBCUTANEOUS']",['HYDROMORPHONE HYDROCHLORIDE']
25021-131-82,Metronidazole Injection,"Metronidazole, Injection, 500 mg/100 mL (NDC 25021-131-82)",Injection,['METRONIDAZOLE'],['HUMAN PRESCRIPTION DRUG'],['INTRAVENOUS'],['METRONIDAZOLE']
69489-721-05,Sulconazole Nitrate Solution,"Exelderm, Solution, 1.0% 5 mL (NDC 69489-721-05)",Solution,['EXELDERM'],['HUMAN PRESCRIPTION DRUG'],['TOPICAL'],['SULCONAZOLE NITRATE']
0990-7922-61,Dextrose Monohydrate 5% Injection,"Dextrose 5% In Plastic Container, Injection, 5 g/100 mL (NDC 0990-7922-61)",Injection,['DEXTROSE'],['HUMAN PRESCRIPTION DRUG'],['INTRAVENOUS'],['DEXTROSE MONOHYDRATE']
0409-4887-20,Sterile Water Injection,"Sterile Water, Injection, 1 mL/1 mL (NDC 0409-4887-20)",Injection,['STERILE WATER'],['HUMAN PRESCRIPTION DRUG'],"['INTRAMUSCULAR', 'INTRAVENOUS', 'SUBCUTANEOUS']",['WATER']
55150-314-01,Methylprednisolone Acetate Injection,"Methylprednisolone Acetate, Injection, 80 mg/1 mL (NDC 55150-314-01)",Injection,['METHYLPREDNISOLONE ACETATE'],['HUMAN PRESCRIPTION DRUG'],"['INTRA-ARTICULAR', 'INTRALESIONAL', 'INTRAMUSCULAR', 'SOFT TISSUE']",['METHYLPREDNISOLONE ACETATE']
63323-162-02,Ketorolac Tromethamine Injection,"Ketorolac Tromethamine, Injection, 30 mg/1 mL (NDC 63323-162-02)",Injection,['KETOROLAC TROMETHAMINE'],['HUMAN PRESCRIPTION DRUG'],['INTRAMUSCULAR'],['KETOROLAC TROMETHAMINE']
0409-9046-01,"Bupivacaine Hydrochloride, Epinephrine Bitartrate Injection","Bupivacaine Hydrochloride And Epinephrine, Injection, 250 mg/50 mL (5 mg/mL) (NDC 0409-9046-01)",Injection,['BUPIVACAINE HYDROCHLORIDE AND EPINEPHRINE'],['HUMAN PRESCRIPTION DRUG'],['PERINEURAL'],"['BUPIVACAINE HYDROCHLORIDE', 'EPINEPHRINE BITARTRATE']"
0641-6007-10,Bumetanide Injection,"Bumetanide, Injection, .25 mg/1 mL (NDC 0641-6007-10)",Injection,['BUMETANIDE'],['HUMAN PRESCRIPTION DRUG'],"['INTRAMUSCULAR', 'INTRAVENOUS']",['BUMETANIDE']
0338-9664-40,Dextrose Monohydrate 5% Injection,"Dextrose 5% In Plastic Container, Injection, 2.5 g/50 mL (NDC 0338-9664-40)",Injection,['DEXTROSE'],['HUMAN PRESCRIPTION DRUG'],['INTRAVENOUS'],['DEXTROSE MONOHYDRATE']
0409-9633-05,Verapamil Hydrochloride Injection,"Verapamil Hydrochloride, Injection, 2.5 mg/1 mL (NDC 0409-9633-05)",Injection,,,,
0641-6019-10,Morphine Sulfate Injection,"Duramorph, Injection, 1 mg/1 mL (NDC 0641-6019-10)",Injection,['DURAMORPH'],['HUMAN PRESCRIPTION DRUG'],"['EPIDURAL', 'INTRATHECAL', 'INTRAVENOUS']",['MORPHINE SULFATE']
0409-2066-05,Lidocaine Hydrochloride Injection,"Lidocaine Hydrochloride, Injection, 100 mg/5 mL (2%; 20 mg/mL) (NDC 0409-2066-05)",Injection,['LIDOCAINE HYDROCHLORIDE'],['HUMAN PRESCRIPTION DRUG'],"['EPIDURAL', 'INFILTRATION', 'INTRACAUDAL', 'PERINEURAL']",['LIDOCAINE HYDROCHLORIDE']
55150-386-01,Carboplatin Injection,"Carboplatin, Injection, 600 mg/60 mL (NDC 55150-386-01)",Injection,['CARBOPLATIN'],['HUMAN PRESCRIPTION DRUG'],['INTRAVENOUS'],['CARBOPLATIN']
55150-170-30,Bupivacaine Hydrochloride Injection,"Bupivacaine Hydrochloride, Injection, 5 mg/1 mL (NDC 55150-170-30)",Injection,['BUPIVACAINE HYDROCHLORIDE'],['HUMAN PRESCRIPTION DRUG'],"['EPIDURAL', 'INTRACAUDAL']",['BUPIVACAINE HYDROCHLORIDE']
70436-203-80,Dobutamine Hydrochloride Injection,"Dobutamine Hydrochloride, Injection, 250 mg/20 mL (NDC 70436-203-80)",Injection,['DOBUTAMINE'],['HUMAN PRESCRIPTION DRUG'],['INTRAVENOUS'],['DOBUTAMINE HYDROCHLORIDE']
63323-970-02,Benztropine Mesylate Injection,"Benztropine Mesylate, Injection, 1 mg/1 mL (NDC 63323-970-02)",Injection,['BENZTROPINE MESYLATE'],['HUMAN PRESCRIPTION DRUG'],"['INTRAMUSCULAR', 'INTRAVENOUS']",['BENZTROPINE MESYLATE']
0409-1893-01,Morphine Sulfate Injection,"Morphine Sulfate, Injection, 10 mg/1 mL Syringes (NDC 0409-1893-01)",Injection,['MORPHINE SULFATE'],['HUMAN PRESCRIPTION DRUG'],['INTRAVENOUS'],['MORPHINE SULFATE']
64850-500-01,"Amphetamine Aspartate Monohydrate, Amphetamine Sulfate, Dextroamphetamine Saccharate, Dextroamphetamine Sulfate Tablet","Amphetamine Aspartate Monohydrate, Amphetamine Sulfate, Dextroamphetamine Saccharate, Dextroamphetamine Sulfate, Tablet, 1.25 mg; 1.25 mg; 1.25 mg; 1.25 mg (NDC 64850-500-01)",Tablet,"['DEXTROAMPHETAMINE SACCHARATE, AMPHETAMINE ASPARTATE, DEXTROAMPHETAMINE SULFATE AND AMPHETAMINE SULFATE']",['HUMAN PRESCRIPTION DRUG'],['ORAL'],"['DEXTROAMPHETAMINE SACCHARATE', 'AMPHETAMINE ASPARTATE MONOHYDRATE', 'DEXTROAMPHETAMINE SULFATE', 'AMPHETAMINE SULFATE']"
63323-411-25,Midazolam Hydrochloride Injection,"Midazolam Hydrochloride, Injection, 1 mg/1 mL (NDC 63323-411-25)",Injection,['MIDAZOLAM'],['HUMAN PRESCRIPTION DRUG'],"['INTRAMUSCULAR', 'INTRAVENOUS']",['MIDAZOLAM HYDROCHLORIDE']
0338-1005-02,Dopamine Hydrochloride Injection,"Dopamine Hydrochloride In Dextrose 5% In Plastic Container, Injection, 80 mg/100 mL (NDC 0338-1005-02)",Injection,['DOPAMINE HYDROCHLORIDE AND DEXTROSE'],['HUMAN PRESCRIPTION DRUG'],['INTRAVENOUS'],['DOPAMINE HYDROCHLORIDE']
0409-1746-10,"Bupivacaine Hydrochloride, Epinephrine Bitartrate Injection","Marcaine With Epinephrine, Injection, Marcaine with Epinephrine 1:200,000 as the bitartrate 25 mg/10 mL (2.5 mg/mL 1:200,000) (NDC 0409-1746-10)",Injection,['MARCAINE WITH EPINEPHRINE'],['HUMAN PRESCRIPTION DRUG'],"['EPIDURAL', 'INFILTRATION', 'INTRACAUDAL', 'PERINEURAL']","['BUPIVACAINE HYDROCHLORIDE', 'EPINEPHRINE BITARTRATE']"
0069-0187-21,Palbociclib Capsule,"Ibrance, Capsule, 75 mg (NDC 0069-0187-21)",Capsule,['IBRANCE'],['HUMAN PRESCRIPTION DRUG'],['ORAL'],['PALBOCICLIB']
63323-495-07,Lidocaine Hydrochloride Injection,"Xylocaine, Injection, 20 mg/1 mL (NDC 63323-495-07)",Injection,['XYLOCAINE MPF'],['HUMAN PRESCRIPTION DRUG'],"['EPIDURAL', 'INFILTRATION', 'INTRACAUDAL', 'PERINEURAL']",['LIDOCAINE HYDROCHLORIDE ANHYDROUS']
0143-9931-25,"Cefotaxime Sodium Powder, for Solution","Cefotaxime Sodium, Powder, for Solution, 1 g (NDC 0143-9931-25)","Powder, For Solution",['CEFOTAXIME'],['HUMAN PRESCRIPTION DRUG'],"['INTRAMUSCULAR', 'INTRAVENOUS']",['CEFOTAXIME SODIUM']
63323-462-31,"Bupivacaine Hydrochloride, Epinephrine Bitartrate Injection","Sensorcaine, Injection, 5 mg/1 mL; .005 mg/1 mL (NDC 63323-462-31)",Injection,['SENSORCAINE MPF'],['HUMAN PRESCRIPTION DRUG'],"['EPIDURAL', 'INFILTRATION', 'INTRACAUDAL', 'PERINEURAL']","['BUPIVACAINE HYDROCHLORIDE', 'EPINEPHRINE BITARTRATE']"
48102-053-05,Echothiophate Iodide Ophthalmic Solution,"Phospholine Iodide, Ophthalmic Solution, 0.125% (NDC 48102-053-05)",Ophthalmic Solution,['PHOSPHOLINE IODIDE'],['HUMAN PRESCRIPTION DRUG'],['OPHTHALMIC'],
16729-295-34,Carboplatin Injection,"Carboplatin, Injection, 10 mg/1 mL (NDC 16729-295-34)",Injection,['CARBOPLATIN'],['HUMAN PRESCRIPTION DRUG'],['INTRAVENOUS'],['CARBOPLATIN']
0603-5167-21,Phenobarbital Tablet,"Phenobarbital, Tablet, 64.8 mg (NDC 0603-5167-21)",Tablet,['PHENOBARBITAL'],['HUMAN PRESCRIPTION DRUG'],['ORAL'],['PHENOBARBITAL']
60505-4743-1,Lisdexamfetamine Dimesylate Capsule,"Lisdexamfetamine Dimesylate, Capsule, 50 mg (NDC 60505-4743-1)",Capsule,,,,
0409-2596-03,Midazolam Hydrochloride Injection,"Midazolam Hydrochloride, Injection, 25 mg/5 mL (5 mg/mL) (NDC 0409-2596-03)",Injection,['MIDAZOLAM'],['HUMAN PRESCRIPTION DRUG'],"['INTRAMUSCULAR', 'INTRAVENOUS']",['MIDAZOLAM HYDROCHLORIDE']
0941-0411-07,"Calcium Chloride; Dextrose; Magnesium Chloride; Sodium Chloride; Sodium Lactate Intraperitoneal Injection, Solution","DIANEAL PD-2 with Dextrose, Intraperitoneal Injection, Solution, 25.7 mg/100 mL; 1.5 g/100 mL; 5.08 mg/100 mL; 538 mg/100 mL; 448 mg/100 mL (NDC 0941-0411-07)",Solution,['DIANEAL PD-2 WITH DEXTROSE'],['HUMAN PRESCRIPTION DRUG'],['INTRAPERITONEAL'],"['DEXTROSE MONOHYDRATE', 'SODIUM CHLORIDE', 'SODIUM LACTATE', 'CALCIUM CHLORIDE', 'MAGNESIUM CHLORIDE']"
63323-488-17,"Epinephrine Bitartrate, Lidocaine Hydrochloride Injection","Xylocaine, Injection, .005 mg/1 mL; 15 mg/1 mL (NDC 63323-488-17)",Injection,['XYLOCAINE MPF'],['HUMAN PRESCRIPTION DRUG'],"['EPIDURAL', 'INFILTRATION', 'INTRACAUDAL', 'PERINEURAL']","['LIDOCAINE HYDROCHLORIDE ANHYDROUS', 'EPINEPHRINE BITARTRATE']"
0143-9933-25,"Cefotaxime Sodium Powder, for Solution","Cefotaxime Sodium, Powder, for Solution, 2 g (NDC 0143-9933-25)","Powder, For Solution",['CEFOTAXIME'],['HUMAN PRESCRIPTION DRUG'],"['INTRAMUSCULAR', 'INTRAVENOUS']",['CEFOTAXIME SODIUM']
43547-412-09,Quinapril Hydrochloride Tablet,"Quinapril Hydrochloride, Tablet, 20 mg (NDC 43547-412-09)",Tablet,['QUINAPRIL'],['HUMAN PRESCRIPTION DRUG'],['ORAL'],['QUINAPRIL HYDROCHLORIDE']
43547-605-10,Lisdexamfetamine Dimesylate Capsule,"Lisdexamfetamine Dimesylate, Capsule, 40 mg (NDC 43547-605-10)",Capsule,['LISDEXAMFETAMINE DIMESYLATE'],['HUMAN PRESCRIPTION DRUG'],['ORAL'],['LISDEXAMFETAMINE DIMESYLATE']
59212-111-14,Nilutamide Tablet,"Nilandron, Tablet, 150 mg (NDC 59212-111-14)",Tablet,,,,
0009-0331-02,Clindamycin Hydrochloride Capsule,"Cleocin Hydrochloride, Capsule, 75 mg (NDC 0009-0331-02)",Capsule,,,,
0641-6025-10,Fentanyl Citrate Injection,"Fentanyl Citrate, Injection, 50 ug/1 mL (NDC 0641-6025-10)",Injection,,,,
53746-468-19,Clindamycin Palmitate Hydrochloride Injection,"Clindamycin Palmitate Hydrochloride, Injection, 75 mg/5 mL (NDC 53746-468-19)",Injection,['CLINDAMYCIN PALMITATE HYDROCHLORIDE (PEDIATRIC)'],['HUMAN PRESCRIPTION DRUG'],['ORAL'],['CLINDAMYCIN PALMITATE HYDROCHLORIDE']
62135-668-90,Quinapril/Hydrochlorothiazide Tablet,"Quinapril/Hydrochlorothiazide, Tablet, 12.5 mg; 20 mg (NDC 62135-668-90)",Tablet,['QUINAPRIL AND HYDROCHLOROTHIAZIDE'],['HUMAN PRESCRIPTION DRUG'],['ORAL'],"['QUINAPRIL HYDROCHLORIDE', 'HYDROCHLOROTHIAZIDE']"
0641-6003-25,Lorazepam Injection,"Ativan, Injection, 4 mg/1 mL (NDC 0641-6003-25)",Injection,,,,
0990-7171-17,Amino Acid Injection,"Aminosyn II 15% In Plastic Container, Injection, 0.15 (NDC 0990-7171-17)",Injection,['AMINOSYN II'],['HUMAN PRESCRIPTION DRUG'],['INTRAVENOUS'],"['ISOLEUCINE', 'LEUCINE', 'LYSINE ACETATE', 'METHIONINE', 'PHENYLALANINE', 'THREONINE', 'TRYPTOPHAN', 'VALINE', 'ALANINE', 'ARGININE', 'ASPARTIC ACID', 'GLUTAMIC ACID', 'HISTIDINE', 'PROLINE', 'SERINE', 'ACETYL L-TYROSINE', 'GLYCINE']"
0338-3612-50,Clindamycin Phosphate Injection,"Clindamycin Phosphate, Injection, 600 mg/50 mL (NDC 0338-3612-50)",Injection,['CLINDAMYCIN PHOSPHATE'],['HUMAN PRESCRIPTION DRUG'],['INTRAVENOUS'],['CLINDAMYCIN PHOSPHATE']
0603-3718-34,Frovatriptan Succinate Tablet,"Frova, Tablet, 2.5 mg (NDC 0603-3718-34)",Tablet,,,,
59651-723-99,Clonazepam Tablet,"Clonazepam, Tablet, 1 mg (NDC 59651-723-99)",Tablet,['CLONAZEPAM'],['HUMAN PRESCRIPTION DRUG'],['ORAL'],['CLONAZEPAM']
42806-801-30,Rifampin Capsule,"Rifampin, Capsule, 150 mg (NDC 42806-801-30)",Capsule,['RIFAMPIN'],['HUMAN PRESCRIPTION DRUG'],['ORAL'],['RIFAMPIN']
61703-408-41,Methotrexate Sodium Injection,"Methotrexate Sodium, Injection, 1 g/40 mL (25 mg/mL) (NDC 61703-408-41)",Injection,['METHOTREXATE'],['HUMAN PRESCRIPTION DRUG'],"['INTRAMUSCULAR', 'INTRATHECAL', 'INTRAVENOUS', 'SUBCUTANEOUS']",['METHOTREXATE SODIUM']
82154-0451-4,Peginterferon alfa-2a Injection,"Pegasys, Injection, 180 ug/.5 mL (NDC 82154-0451-4)",Injection,['PEGASYS'],['HUMAN PRESCRIPTION DRUG'],['SUBCUTANEOUS'],['PEGINTERFERON ALFA-2A']
57884-3151-1,Daptomycin Injection,"Daptomycin, Injection, 500 mg/10 mL (NDC 57884-3151-1)",Injection,,,,
75987-050-06,Glycerol Phenylbutyrate Oral Liquid,"RAVICTI, Oral Liquid, 1.1 g/1 mL (NDC 75987-050-06)",,['RAVICTI'],['HUMAN PRESCRIPTION DRUG'],['ORAL'],['GLYCEROL PHENYLBUTYRATE']
0990-7172-17,Amino Acid Injection,"Aminosyn II 10% In Plastic Container, Injection, 0.1 (NDC 0990-7172-17)",Injection,['AMINOSYN II'],['HUMAN PRESCRIPTION DRUG'],['INTRAVENOUS'],"['ISOLEUCINE', 'LEUCINE', 'LYSINE ACETATE', 'METHIONINE', 'PHENYLALANINE', 'THREONINE', 'TRYPTOPHAN', 'VALINE', 'ALANINE', 'ARGININE', 'ASPARTIC ACID', 'GLUTAMIC ACID', 'HISTIDINE', 'PROLINE', 'SERINE', 'ACETYL L-TYROSINE', 'GLYCINE']"
43066-015-10,Ropivacaine Hydrochloride Injection,"Ropivacaine Hydrochloride, Injection, 2 mg/1 mL (NDC 43066-015-10)",Injection,['ROPIVACAINE HYDROCHLORIDE'],['HUMAN PRESCRIPTION DRUG'],"['EPIDURAL', 'INFILTRATION', 'PERINEURAL']",['ROPIVACAINE HYDROCHLORIDE']
62175-313-37,"Methylphenidate Hydrochloride Tablet, Extended Release","Methylphenidate Hydrochloride, Tablet, Extended Release, 54 mg (NDC 62175-313-37)",Tablet,['METHYLPHENIDATE HYDROCHLORIDE'],['HUMAN PRESCRIPTION DRUG'],['ORAL'],['METHYLPHENIDATE HYDROCHLORIDE']
59651-723-01,Clonazepam Tablet,"Clonazepam, Tablet, 1 mg (NDC 59651-723-01)",Tablet,['CLONAZEPAM'],['HUMAN PRESCRIPTION DRUG'],['ORAL'],['CLONAZEPAM']
67457-422-54,Dexamethasone Sodium Phosphate Injection,"Dexamethasone Sodium Phosphate, Injection, 4 mg/1 mL (NDC 67457-422-54)",Injection,['DEXAMETHASONE SODIUM PHOSPHATE'],['HUMAN PRESCRIPTION DRUG'],"['INTRA-ARTICULAR', 'INTRALESIONAL', 'INTRAMUSCULAR', 'INTRAVENOUS', 'SOFT TISSUE']",['DEXAMETHASONE SODIUM PHOSPHATE']
72516-011-01,"Amphetamine Aspartate Monohydrate, Amphetamine Sulfate, Dextroamphetamine Saccharate, Dextroamphetamine Sulfate Tablet","Amphetamine Aspartate Monohydrate, Amphetamine Sulfate, Dextroamphetamine Saccharate, Dextroamphetamine Sulfate, Tablet, 7.5 mg; 7.5 mg; 7.5 mg; 7.5 mg (NDC 72516-011-01)",Tablet,"['DEXTROAMPHETAMINE SACCHARATE, AMPHETAMINE ASPARTATE, DEXTROAMPHETAMINE SULFATE AND AMPHETAMINE SULFATE']",['HUMAN PRESCRIPTION DRUG'],['ORAL'],"['DEXTROAMPHETAMINE SACCHARATE', 'AMPHETAMINE ASPARTATE MONOHYDRATE', 'DEXTROAMPHETAMINE SULFATE', 'AMPHETAMINE SULFATE']"
43547-406-50,Clonazepam Tablet,"Clonazepam, Tablet, .5 mg (NDC 43547-406-50)",Tablet,['CLONAZEPAM'],['HUMAN PRESCRIPTION DRUG'],['ORAL'],['CLONAZEPAM']
55150-201-20,Ropivacaine Hydrochloride Injection,"Ropivacaine Hydrochloride, Injection, 10 mg/1 mL (NDC 55150-201-20)",Injection,['ROPIVACAINE HYDROCHLORIDE'],['HUMAN PRESCRIPTION DRUG'],['EPIDURAL'],['ROPIVACAINE HYDROCHLORIDE']
70121-1574-1,Methylprednisolone Acetate Injection,"Methylprednisolone Acetate, Injection, 80 mg/1 mL (NDC 70121-1574-1)",Injection,['METHYLPREDNISOLONE ACETATE'],['HUMAN PRESCRIPTION DRUG'],"['INTRA-ARTICULAR', 'INTRALESIONAL', 'INTRAMUSCULAR', 'SOFT TISSUE']",['METHYLPREDNISOLONE ACETATE']
39822-5550-6,Promethazine Hydrochloride Injection,"Promethazine Hydrochloride, Injection, 50 mg/1 mL (NDC 39822-5550-6)",Injection,['PROMETHAZINE HYDROCHLORIDE'],['HUMAN PRESCRIPTION DRUG'],"['INTRAMUSCULAR', 'INTRAVENOUS']",['PROMETHAZINE HYDROCHLORIDE']
43598-976-58,Dexmedetomidine Hydrochloride Injection,"Dexmedetomidine Hydrochloride, Injection, 4 ug/1 mL (NDC 43598-976-58)",Injection,['DEXMEDETOMIDINE HYDROCHLORIDE'],['HUMAN PRESCRIPTION DRUG'],['INTRAVENOUS'],['DEXMEDETOMIDINE HYDROCHLORIDE']
50742-401-02,Irinotecan Hydrochloride Injection,"Irinotecan Hydrochloride, Injection, 40 mg/2 mL (NDC 50742-401-02)",Injection,['IRINOTECAN HYDROCHLORIDE'],['HUMAN PRESCRIPTION DRUG'],['INTRAVENOUS'],['IRINOTECAN HYDROCHLORIDE']
70370-5025-1,Crinecerfont Capsule,"Crenessity, Capsule, 25 mg (NDC 70370-5025-1)",Capsule,,,,
70069-067-10,Ropivacaine Hydrochloride Injection,"Ropivacaine Hydrochloride, Injection, 10 mg/1 mL (NDC 70069-067-10)",Injection,['ROPIVACAINE HYDROCHLORIDE'],['HUMAN PRESCRIPTION DRUG'],['EPIDURAL'],['ROPIVACAINE HYDROCHLORIDE']
0009-3475-03,Methylprednisolone Acetate Injection,"Depo-medrol, Injection, 80 mg/1 mL (NDC 0009-3475-03)",Injection,['DEPO-MEDROL'],['HUMAN PRESCRIPTION DRUG'],"['INTRA-ARTICULAR', 'INTRALESIONAL', 'INTRAMUSCULAR', 'SOFT TISSUE']",['METHYLPREDNISOLONE ACETATE']
43547-406-11,Clonazepam Tablet,"Clonazepam, Tablet, .5 mg (NDC 43547-406-11)",Tablet,['CLONAZEPAM'],['HUMAN PRESCRIPTION DRUG'],['ORAL'],['CLONAZEPAM']
63323-824-75,Dextrose Monohydrate 10% Injection,"Dextrose 10% In Plastic Container, Injection, 100 mg/1 mL (NDC 63323-824-75)",Injection,['DEXTROSE'],['HUMAN PRESCRIPTION DRUG'],['INTRAVENOUS'],['DEXTROSE MONOHYDRATE']
68001-573-41,Decitabine Injection,"Decitabine, Injection, 50 mg (NDC 68001-573-41)",Injection,['DECITABINE'],['HUMAN PRESCRIPTION DRUG'],['INTRAVENOUS'],['DECITABINE']
69238-2391-1,Sodium Oxybate Solution,"Sodium Oxybate, Solution, .5 g/1 mL (NDC 69238-2391-1)",Solution,,,,
63323-412-02,Midazolam Hydrochloride Injection,"Midazolam Hydrochloride, Injection, 5 mg/1 mL (NDC 63323-412-02)",Injection,['MIDAZOLAM'],['HUMAN PRESCRIPTION DRUG'],"['INTRAMUSCULAR', 'INTRAVENOUS']",['MIDAZOLAM HYDROCHLORIDE']
16729-512-43,Atropine Sulfate Injection,"Atropine Sulfate, Injection, .4 mg/1 mL (NDC 16729-512-43)",Injection,['ATROPINE SULFATE'],['HUMAN PRESCRIPTION DRUG'],"['ENDOTRACHEAL', 'INTRAMEDULLARY', 'INTRAMUSCULAR', 'INTRAVENOUS', 'SUBCUTANEOUS']",['ATROPINE SULFATE']
0228-2550-96,"Diclofenac Sodium Tablet, Delayed Release","Diclofenac Sodium, Tablet, Delayed Release, 50 mg (NDC 0228-2550-96)",Tablet,['DICLOFENAC SODIUM'],['HUMAN PRESCRIPTION DRUG'],['ORAL'],['DICLOFENAC SODIUM']
0955-1737-30,Leflunomide Tablet,"Leflunomide, Tablet, 20 mg (NDC 0955-1737-30)",Tablet,,,,
0409-1596-10,Dexmedetomidine Hydrochloride Injection,"Precedex, Injection, 400 mcg/100 mL (4 mcg/mL) (NDC 0409-1596-10)",Injection,['PRECEDEX'],['HUMAN PRESCRIPTION DRUG'],['INTRAVENOUS'],['DEXMEDETOMIDINE HYDROCHLORIDE']
63323-178-76,Sterile Water Injection,"Sterile Water, Injection, 1000 mL/1000 mL (NDC 63323-178-76)",Injection,['STERILE WATER'],['HUMAN PRESCRIPTION DRUG'],['INTRAVENOUS'],['WATER']
0003-3641-11,Atazanavir Sulfate; Cobicistat Tablet,"Evotaz, Tablet, 300 mg; 150 mg (NDC 0003-3641-11)",Tablet,['EVOTAZ'],['HUMAN PRESCRIPTION DRUG'],['ORAL'],"['ATAZANAVIR SULFATE', 'COBICISTAT']"
66220-160-10,Conivaptan Hydrochloride Injection,"Vaprisol Dextrose In Plastic Container, Injection, 20 mg/100 mL (NDC 66220-160-10)",Injection,,,,
0409-2344-01,Dobutamine Hydrochloride Injection,"Dobutamine Hydrochloride, Injection, 250 mg/20mL (12.5 mg/1 mL) (NDC 0409-2344-01)",Injection,['DOBUTAMINE'],['HUMAN PRESCRIPTION DRUG'],['INTRAVENOUS'],['DOBUTAMINE HYDROCHLORIDE']
0555-0775-02,"Amphetamine Aspartate Monohydrate, Amphetamine Sulfate, Dextroamphetamine Saccharate, Dextroamphetamine Sulfate Tablet","Amphetamine Aspartate Monohydrate, Amphetamine Sulfate, Dextroamphetamine Saccharate, Dextroamphetamine Sulfate, Tablet, 1.875 mg; 1.875 mg; 1.875 mg; 1.875 mg (NDC 0555-0775-02)",Tablet,"['DEXTROAMPHETAMINE SACCHARATE, AMPHETAMINE ASPARTATE, DEXTROAMPHETAMINE SULFATE AND AMPHETAMINE SULFATE']",['HUMAN PRESCRIPTION DRUG'],['ORAL'],"['DEXTROAMPHETAMINE SACCHARATE', 'AMPHETAMINE ASPARTATE MONOHYDRATE', 'DEXTROAMPHETAMINE SULFATE', 'AMPHETAMINE SULFATE']"
0781-3494-95,Dexmedetomidine Hydrochloride Injection,"Dexmedetomidine Hydrochloride, Injection, 200 mcg/50 mL (NDC 0781-3494-95)",Injection,['DEXMEDETOMIDINE HYDROCHLORIDE IN 0.9% SODIUM CHLORIDE'],['HUMAN PRESCRIPTION DRUG'],['INTRAVENOUS'],['DEXMEDETOMIDINE HYDROCHLORIDE']
0574-4022-35,Bacitracin Ophthalmic Ointment,"Bacitracin, Ophthalmic Ointment, 3.5 g (NDC 0574-4022-35)",Ophthalmic Ointment,,,,
13668-354-30,Nebivolol Hydrochloride Tablet,"Nebivolol Hydrochloride, Tablet, 5 mg (NDC 13668-354-30)",Tablet,,,,
62135-487-90,Quinapril Hydrochloride Tablet,"Quinapril Hydrochloride, Tablet, 40 mg (NDC 62135-487-90)",Tablet,['QUINAPRIL'],['HUMAN PRESCRIPTION DRUG'],['ORAL'],['QUINAPRIL HYDROCHLORIDE']
0574-0520-74,Activated Charcoal Oral Suspension,"Actidose, Oral Suspension, 208 mg/1 mL (NDC 0574-0520-74)",Oral Suspension,['ACTIDOSE'],['HUMAN OTC DRUG'],['ORAL'],['ACTIVATED CHARCOAL']
0264-9598-20,Lidocaine Hydrochloride Injection,"Lidocaine Hydrochloride And Dextrose, Injection, 5 g/100 mL; .8 g/100 mL (NDC 0264-9598-20)",Injection,['LIDOCAINE HYDROCHLORIDE AND DEXTROSE'],['HUMAN PRESCRIPTION DRUG'],['INTRAVENOUS'],"['LIDOCAINE HYDROCHLORIDE ANHYDROUS', 'DEXTROSE MONOHYDRATE']"
42806-339-01,"Amphetamine Aspartate Monohydrate, Amphetamine Sulfate, Dextroamphetamine Saccharate, Dextroamphetamine Sulfate Tablet","Amphetamine Aspartate Monohydrate, Amphetamine Sulfate, Dextroamphetamine Saccharate, Dextroamphetamine Sulfate, Tablet, 1.25 mg; 1.25 mg; 1.25 mg; 1.25 mg (NDC 42806-339-01)",Tablet,"['DEXTROAMPHETAMINE SACCHARATE, AMPHETAMINE ASPARTATE, DEXTROAMPHETAMINE SULFATE AND AMPHETAMINE SULFATE']",['HUMAN PRESCRIPTION DRUG'],['ORAL'],"['DEXTROAMPHETAMINE SACCHARATE', 'AMPHETAMINE ASPARTATE MONOHYDRATE', 'DEXTROAMPHETAMINE SULFATE', 'AMPHETAMINE SULFATE']"
72205-101-07,Bumetanide Injection,"Bumetanide, Injection, 0.25 mg/1 mL (NDC 72205-101-07)",Injection,['BUMETANIDE'],['HUMAN PRESCRIPTION DRUG'],"['INTRAMUSCULAR', 'INTRAVENOUS']",['BUMETANIDE']
62037-720-01,"Potassium Chloride Tablet, Extended Release","Potassium Chloride, Tablet, Extended Release, 20 meq (NDC 62037-720-01)",Tablet,['POTASSIUM CHLORIDE'],['HUMAN PRESCRIPTION DRUG'],['ORAL'],['POTASSIUM CHLORIDE']
50742-430-01,Decitabine Injection,"Decitabine, Injection, 50 mg (NDC 50742-430-01)",Injection,,,,
11534-196-01,"Amphetamine Aspartate Monohydrate, Amphetamine Sulfate, Dextroamphetamine Saccharate, Dextroamphetamine Sulfate Tablet","Amphetamine Aspartate Monohydrate, Amphetamine Sulfate, Dextroamphetamine Saccharate, Dextroamphetamine Sulfate, Tablet, 7.5 mg; 7.5 mg; 7.5 mg; 7.5 mg (NDC 11534-196-01)",Tablet,"['DEXTROAMPHETAMINE SACCHARATE, AMPHETAMINE ASPARTATE, DEXTROAMPHETAMINE SULFATE AND AMPHETAMINE SULFATE']",['HUMAN PRESCRIPTION DRUG'],['ORAL'],"['DEXTROAMPHETAMINE SACCHARATE', 'AMPHETAMINE ASPARTATE MONOHYDRATE', 'DEXTROAMPHETAMINE SULFATE', 'AMPHETAMINE SULFATE']"
0409-4276-01,Lidocaine Hydrochloride Injection,"Lidocaine Hydrochloride In Plastic Container, Injection, 200 mg/20 mL (1%; 10 mg/mL) (NDC 0409-4276-01)",Injection,['LIDOCAINE HYDROCHLORIDE'],['HUMAN PRESCRIPTION DRUG'],"['INFILTRATION', 'PERINEURAL']",['LIDOCAINE HYDROCHLORIDE']
0338-0074-30,Dextrose Monohydrate 5% Injection,"Dextrose 5% In Plastic Container, Injection, 5 g/100 mL (NDC 0338-0074-30)",Injection,['DEXTROSE'],['HUMAN PRESCRIPTION DRUG'],['INTRAVENOUS'],['DEXTROSE MONOHYDRATE']
60951-700-70,Acetaminophen; Oxycodone Hydrochloride Tablet,"Acetaminophen; Oxycodone Hydrochloride, Tablet, 325 mg; 7.5 mg (NDC 60951-700-70)",Tablet,['ENDOCET'],['HUMAN PRESCRIPTION DRUG'],['ORAL'],"['OXYCODONE HYDROCHLORIDE', 'ACETAMINOPHEN']"
0143-9391-10,Remifentanil Hydrochloride Injection,"Remifentanil Hydrochloride, Injection, 1 mg per vial (NDC 0143-9391-10)",Injection,['REMIFENTANIL HYDROCHLORIDE'],['HUMAN PRESCRIPTION DRUG'],['INTRAVENOUS'],['REMIFENTANIL HYDROCHLORIDE']
0143-9250-10,Rocuronium Bromide Injection,"Rocuronium Bromide, Injection, 10 mg/1 mL (NDC 0143-9250-10)",Injection,['ROCURONIUM BROMIDE'],['HUMAN PRESCRIPTION DRUG'],['INTRAVENOUS'],['ROCURONIUM BROMIDE']
0409-6695-02,Etomidate Injection,"Amidate, Injection, 2 mg/mL (NDC 0409-6695-02)",Injection,['AMIDATE'],['HUMAN PRESCRIPTION DRUG'],['INTRAVENOUS'],['ETOMIDATE']
47781-568-01,Lisdexamfetamine Dimesylate Capsule,"Lisdexamfetamine Dimesylate, Capsule, 70 mg (NDC 47781-568-01)",Capsule,['LISDEXAMFETAMINE DIMESYLATE'],['HUMAN PRESCRIPTION DRUG'],['ORAL'],['LISDEXAMFETAMINE DIMESYLATE']
72485-509-10,Etomidate Injection,"Etomidate, Injection, 2 mg/mL (NDC 72485-509-10)",Injection,['ETOMIDATE'],['HUMAN PRESCRIPTION DRUG'],['INTRAVENOUS'],['ETOMIDATE']
0409-1163-01,Bupivacaine Hydrochloride Injection,"Bupivacaine Hydrochloride, Injection, 250 mg/50 mL (5 mg/mL) (NDC 0409-1163-01)",Injection,['BUPIVACAINE HYDROCHLORIDE'],['HUMAN PRESCRIPTION DRUG'],['PERINEURAL'],['BUPIVACAINE HYDROCHLORIDE']
61314-454-68,Adalimumab-adaz Injection,"Hyrimoz, Injection, 80 mg/.8 mL (NDC 61314-454-68)",Injection,['HYRIMOZ'],['HUMAN PRESCRIPTION DRUG'],['SUBCUTANEOUS'],['ADALIMUMAB']
0338-9557-12,Dexmedetomidine Hydrochloride Injection,"Dexmedetomidine Hydrochloride, Injection, 400 ug/100 mL (NDC 0338-9557-12)",Injection,,,,
0093-7766-24,Everolimus Tablet,"Everolimus, Tablet, 2.5 mg (NDC 0093-7766-24)",Tablet,['EVEROLIMUS'],['HUMAN PRESCRIPTION DRUG'],['ORAL'],['EVEROLIMUS']
0054-0373-25,Lisdexamfetamine Dimesylate Capsule,"Lisdexamfetamine Dimesylate, Capsule, 50 mg (NDC 0054-0373-25)",Capsule,['LISDEXAMFETAMINE DIMESYLATE'],['HUMAN PRESCRIPTION DRUG'],['ORAL'],['LISDEXAMFETAMINE DIMESYLATE']
65219-447-20,Etomidate Injection,"Etomidate, Injection, 2mg/mL (NDC 65219-447-20)",Injection,['ETOMIDATE'],['HUMAN PRESCRIPTION DRUG'],['INTRAVENOUS'],['ETOMIDATE']
0409-9042-01,"Bupivacaine Hydrochloride, Epinephrine Bitartrate Injection","Bupivacaine Hydrochloride And Epinephrine, Injection, 25 mg/10 mL (2.5 mg/mL) (NDC 0409-9042-01)",Injection,['BUPIVACAINE HYDROCHLORIDE AND EPINEPHRINE'],['HUMAN PRESCRIPTION DRUG'],"['EPIDURAL', 'INFILTRATION', 'INTRACAUDAL', 'PERINEURAL']","['BUPIVACAINE HYDROCHLORIDE', 'EPINEPHRINE BITARTRATE']"
16729-484-45,Atropine Sulfate Injection,"Atropine Sulfate, Injection, 0.1 mg/1 mL (NDC 16729-484-45)",Injection,['ATROPINE SULFATE'],['HUMAN PRESCRIPTION DRUG'],['INTRAVENOUS'],['ATROPINE SULFATE']
0409-7037-10,Rocuronium Bromide Injection,"Rocuronium Bromide, Injection, 100 mg/10 mL (10 mg/mL) (NDC 0409-7037-10)",Injection,['ROCURONIUM BROMIDE'],['HUMAN PRESCRIPTION DRUG'],['INTRAVENOUS'],['ROCURONIUM BROMIDE']
23155-473-44,Furosemide Injection,"Furosemide, Injection, 10 mg/1 mL (NDC 23155-473-44)",Injection,['FUROSEMIDE'],['HUMAN PRESCRIPTION DRUG'],['INTRAVENOUS'],['FUROSEMIDE']
65162-027-09,Lisdexamfetamine Dimesylate Capsule,"Lisdexamfetamine Dimesylate, Capsule, 60 mg (NDC 65162-027-09)",Capsule,['LISDEXAMFETAMINE DIMESYLATE'],['HUMAN PRESCRIPTION DRUG'],['ORAL'],['LISDEXAMFETAMINE DIMESYLATE']
62135-736-90,Flurazepam Hydrochloride Capsule,"Flurazepam Hydrochloride, Capsule, 15 mg (NDC 62135-736-90)",Capsule,['FLURAZEPAM HYDROCHLORIDE'],['HUMAN PRESCRIPTION DRUG'],['ORAL'],['FLURAZEPAM HYDROCHLORIDE']
63323-468-17,"Bupivacaine Hydrochloride, Epinephrine Bitartrate Injection","Sensorcaine, Injection, 2.5 mg/1 mL; .005 mg/1 mL (NDC 63323-468-17)",Injection,['SENSORCAINE MPF'],['HUMAN PRESCRIPTION DRUG'],"['EPIDURAL', 'INFILTRATION', 'INTRACAUDAL', 'PERINEURAL']","['BUPIVACAINE HYDROCHLORIDE', 'EPINEPHRINE BITARTRATE']"
0378-9070-93,"Rivastigmine Film, Extended Release","Rivastigmine, Film, Extended Release, 4.6 mg/24 h (NDC 0378-9070-93)","Film, Extended Release",['RIVASTIGMINE'],['HUMAN PRESCRIPTION DRUG'],['TRANSDERMAL'],['RIVASTIGMINE']
0409-1660-50,Dexmedetomidine Hydrochloride Injection,"Precedex, Injection, 200 mcg/50 mL (4 mcg/mL) (NDC 0409-1660-50)",Injection,['PRECEDEX'],['HUMAN PRESCRIPTION DRUG'],['INTRAVENOUS'],['DEXMEDETOMIDINE HYDROCHLORIDE']
57664-085-88,"Lisdexamfetamine Dimesylate Tablet, Chewable","Lisdexamfetamine Dimesylate, Tablet, Chewable, 30 mg (NDC 57664-085-88)","Tablet, Chewable",['LISDEXAMFETAMINE DIMESYLATE'],['HUMAN PRESCRIPTION DRUG'],['ORAL'],['LISDEXAMFETAMINE DIMESYLATE']
0409-1208-01,Cisatracurium Besylate Injection,"Cisatracurium Besylate, Injection, 20 mg/10 mL (2 mg/mL) Multidose Vial (NDC 0409-1208-01)",Injection,['CISATRACURIUM BESYLATE'],['HUMAN PRESCRIPTION DRUG'],['INTRAVENOUS'],['CISATRACURIUM BESYLATE']
65219-444-10,Rocuronium Bromide Injection,"Rocuronium Bromide, Injection, 10 mg/1 mL (NDC 65219-444-10)",Injection,['ROCURONIUM'],['HUMAN PRESCRIPTION DRUG'],['INTRAVENOUS'],['ROCURONIUM BROMIDE']
16729-306-10,Azacitidine Injection,"Azacitidine, Injection, 100 mg (NDC 16729-306-10)",Injection,['AZACITIDINE'],['HUMAN PRESCRIPTION DRUG'],"['INTRAVENOUS', 'SUBCUTANEOUS']",['AZACITIDINE']
0409-1283-31,Hydromorphone Hydrochloride Injection,"Hydromorphone Hydrochloride, Injection, 1 mg/1 mL Syringes (NDC 0409-1283-31)",Injection,['HYDROMORPHONE HYDROCHLORIDE'],['HUMAN PRESCRIPTION DRUG'],"['INTRAMUSCULAR', 'INTRAVENOUS', 'SUBCUTANEOUS']",['HYDROMORPHONE HYDROCHLORIDE']
13107-074-01,"Amphetamine Aspartate Monohydrate, Amphetamine Sulfate, Dextroamphetamine Saccharate, Dextroamphetamine Sulfate Tablet","Amphetamine Aspartate Monohydrate, Amphetamine Sulfate, Dextroamphetamine Saccharate, Dextroamphetamine Sulfate, Tablet, 7.5 mg; 7.5 mg; 7.5 mg; 7.5 mg (NDC 13107-074-01)",Tablet,"['DEXTROAMPHETAMINE SACCHARATE, AMPHETAMINE ASPARTATE, DEXTROAMPHETAMINE SULFATE AND AMPHETAMINE SULFATE']",['HUMAN PRESCRIPTION DRUG'],['ORAL'],"['DEXTROAMPHETAMINE SACCHARATE', 'AMPHETAMINE ASPARTATE MONOHYDRATE', 'DEXTROAMPHETAMINE SULFATE', 'AMPHETAMINE SULFATE']"
0409-6102-04,Furosemide Injection,"Furosemide, Injection, 40 mg/4 mL (10 mg/1 mL) (NDC 0409-6102-04)",Injection,['FUROSEMIDE'],['HUMAN PRESCRIPTION DRUG'],"['INTRAMUSCULAR', 'INTRAVENOUS']",['FUROSEMIDE']
16729-138-16,Clonazepam Tablet,"Clonazepam, Tablet, 2 mg (NDC 16729-138-16)",Tablet,['CLONAZEPAM'],['HUMAN PRESCRIPTION DRUG'],['ORAL'],['CLONAZEPAM']
63323-285-61,Ropivacaine Hydrochloride Injection,"Naropin, Injection, 2 mg/1 mL (NDC 63323-285-61)",Injection,['NAROPIN'],['HUMAN PRESCRIPTION DRUG'],"['EPIDURAL', 'INFILTRATION']",['ROPIVACAINE HYDROCHLORIDE']
0781-3493-95,Dexmedetomidine Hydrochloride Injection,"Dexmedetomidine Hydrochloride, Injection, 80 mcg/20 mL (NDC 0781-3493-95)",Injection,['DEXMEDETOMIDINE HYDROCHLORIDE IN 0.9% SODIUM CHLORIDE'],['HUMAN PRESCRIPTION DRUG'],['INTRAVENOUS'],['DEXMEDETOMIDINE HYDROCHLORIDE']
21586-211-02,Ifosfamide Injection,"Ifosfamide, Injection, 1 g/1 (NDC 21586-211-02)",Injection,['IFOSFAMIDE'],['HUMAN PRESCRIPTION DRUG'],['INTRAVENOUS'],['IFOSFAMIDE']
0074-4014-12,Lopinavir and Ritonavir Tablet,"Kaletra, Tablet, 200 mg; 50 mg (NDC 0074-4014-12)",Tablet,['KALETRA'],['HUMAN PRESCRIPTION DRUG'],['ORAL'],"['LOPINAVIR', 'RITONAVIR']"
0409-3365-10,Hydromorphone Hydrochloride Injection,"Hydromorphone Hydrochloride, Injection, 2 mg/1 mL (NDC 0409-3365-10)",Injection,['HYDROMORPHONE HYDROCHLORIDE'],['HUMAN PRESCRIPTION DRUG'],"['INTRAMUSCULAR', 'INTRAVENOUS', 'SUBCUTANEOUS']",['HYDROMORPHONE HYDROCHLORIDE']
0069-1198-30,Dacomitinib Tablet,"Vizimpro, Tablet, 30 mg (NDC 0069-1198-30)",Tablet,['VIZIMPRO'],['HUMAN PRESCRIPTION DRUG'],['ORAL'],['DACOMITINIB']
65219-632-10,Ropivacaine Hydrochloride Injection,"Naropin, Injection, 2 mg/1 mL (NDC 65219-632-10)",Injection,['ROPIVACAINE HYDROCHLORIDE'],['HUMAN PRESCRIPTION DRUG'],"['EPIDURAL', 'INFILTRATION', 'PERINEURAL']",['ROPIVACAINE HYDROCHLORIDE']
42806-345-01,"Amphetamine Aspartate Monohydrate, Amphetamine Sulfate, Dextroamphetamine Saccharate, Dextroamphetamine Sulfate Tablet","Amphetamine Aspartate Monohydrate, Amphetamine Sulfate, Dextroamphetamine Saccharate, Dextroamphetamine Sulfate, Tablet, 7.5 mg; 7.5 mg; 7.5 mg; 7.5 mg (NDC 42806-345-01)",Tablet,"['DEXTROAMPHETAMINE SACCHARATE, AMPHETAMINE ASPARTATE, DEXTROAMPHETAMINE SULFATE AND AMPHETAMINE SULFATE']",['HUMAN PRESCRIPTION DRUG'],['ORAL'],"['DEXTROAMPHETAMINE SACCHARATE', 'AMPHETAMINE ASPARTATE MONOHYDRATE', 'DEXTROAMPHETAMINE SULFATE', 'AMPHETAMINE SULFATE']"
49884-604-11,"Lamotrigine Tablet, Extended Release","Lamotrigine, Tablet, Extended Release, 250 mg (NDC 49884-604-11)",Tablet,['LAMOTRIGINE EXTENDED RELEASE'],['HUMAN PRESCRIPTION DRUG'],['ORAL'],['LAMOTRIGINE']
0703-3671-01,Methotrexate Sodium Injection,"Methotrexate Sodium Preservative Free, Injection, 25 mg/1 mL (NDC 0703-3671-01)",Injection,['METHOTREXATE'],['HUMAN PRESCRIPTION DRUG'],"['INTRA-ARTERIAL', 'INTRAMUSCULAR', 'INTRATHECAL', 'INTRAVENOUS']",['METHOTREXATE SODIUM']
63323-574-93,Icatibant Acetate Injection,"Icatibant Acetate, Injection, 10 mg/1 mL (NDC 63323-574-93)",Injection,['ICATIBANT'],['HUMAN PRESCRIPTION DRUG'],['SUBCUTANEOUS'],['ICATIBANT ACETATE']
0406-8893-01,"Amphetamine Aspartate Monohydrate, Amphetamine Sulfate, Dextroamphetamine Saccharate, Dextroamphetamine Sulfate Tablet","Amphetamine Aspartate Monohydrate, Amphetamine Sulfate, Dextroamphetamine Saccharate, Dextroamphetamine Sulfate, Tablet, 5 mg; 5 mg; 5 mg; 5 mg (NDC 0406-8893-01)",Tablet,['DEXTROAMPHETAMINE SACCHARATE AND AMPHETAMINE ASPARTATE AND DEXTROAMPHETAMINE SULFATE AND AMPHETAMINE SULFATE'],['HUMAN PRESCRIPTION DRUG'],['ORAL'],"['DEXTROAMPHETAMINE SACCHARATE', 'AMPHETAMINE ASPARTATE MONOHYDRATE', 'DEXTROAMPHETAMINE SULFATE', 'AMPHETAMINE SULFATE']"
70069-048-20,Sodium Acetate Injection,"Sodium Acetate, Injection, 164 mg/1 mL (NDC 70069-048-20)",Injection,['SODIUM ACETATE ANHYDROUS'],['HUMAN PRESCRIPTION DRUG'],['INTRAVENOUS'],['SODIUM ACETATE ANHYDROUS']
0409-3299-25,Sodium Acetate Injection,"Sodium Acetate, Injection, 200 mEq/100 mL (2 mEq/mL) (NDC 0409-3299-25)",Injection,['SODIUM ACETATE'],['HUMAN PRESCRIPTION DRUG'],['INTRAVENOUS'],['SODIUM ACETATE ANHYDROUS']
83634-651-20,Lidocaine Hydrochloride Injection,"Lidocaine Hydrochloride, Injection, 200 mg/20 mL (NDC 83634-651-20)",Injection,['LIDOCAINE HYDROCHLORIDE'],['HUMAN PRESCRIPTION DRUG'],"['INFILTRATION', 'PERINEURAL']",['LIDOCAINE HYDROCHLORIDE']
25021-820-05,Methylprednisolone Acetate Injection,"Methylprednisolone Acetate, Injection, 40 mg/1 mL (NDC 25021-820-05)",Injection,['METHYLPREDNISOLONE ACETATE'],['HUMAN PRESCRIPTION DRUG'],"['INTRA-ARTICULAR', 'INTRALESIONAL', 'INTRAMUSCULAR', 'INTRASYNOVIAL', 'SOFT TISSUE']",['METHYLPREDNISOLONE ACETATE']
0409-3795-01,Ketorolac Tromethamine Injection,"Ketorolac Tromethamine, Injection, 30 mg/1 mL (NDC 0409-3795-01)",Injection,['KETOROLAC TROMETHAMINE'],['HUMAN PRESCRIPTION DRUG'],"['INTRAMUSCULAR', 'INTRAVENOUS']",['KETOROLAC TROMETHAMINE']
44567-602-24,Dexmedetomidine Hydrochloride Injection,"Dexmedetomidine Hydrochloride, Injection, 4 ug/1 mL (NDC 44567-602-24)",Injection,['DEXMEDETOMIDINE IN DEXTROSE'],['HUMAN PRESCRIPTION DRUG'],['INTRAVENOUS'],['DEXMEDETOMIDINE HYDROCHLORIDE']
51754-5011-4,Sodium Bicarbonate Injection,"Sodium Bicarbonate, Injection, 84 mg/1 mL (NDC 51754-5011-4)",Injection,['SODIUM BICARBONATE'],['HUMAN PRESCRIPTION DRUG'],['INTRAVENOUS'],['SODIUM BICARBONATE']
0338-0078-20,Dextrose Monohydrate 5% Injection,"Dextrose 5% In Plastic Container, Injection, 5 g/100 mL (NDC 0338-0078-20)",Injection,['DEXTROSE'],['HUMAN PRESCRIPTION DRUG'],['INTRAVENOUS'],['DEXTROSE MONOHYDRATE']
55150-251-10,Lidocaine Hydrochloride Injection,"Lidocaine Hydrochloride, Injection, 10 mg/mL (NDC 55150-251-10)",Injection,['LIDOCAINE HYDROCHLORIDE'],['HUMAN PRESCRIPTION DRUG'],"['INFILTRATION', 'PERINEURAL']",['LIDOCAINE HYDROCHLORIDE']
0172-5241-60,Anagrelide Hydrochloride Capsule,"Anagrelide Hydrochloride, Capsule, 0.5 mg (NDC 0172-5241-60)",Capsule,,,,
63323-486-17,Lidocaine Hydrochloride Injection,"Xylocaine, Injection, 20 mg/1 mL (NDC 63323-486-17)",Injection,['XYLOCAINE'],['HUMAN PRESCRIPTION DRUG'],"['INFILTRATION', 'PERINEURAL']",['LIDOCAINE HYDROCHLORIDE ANHYDROUS']
70121-1388-8,Dexmedetomidine Hydrochloride Injection,"Dexmedetomidine Hydrochloride, Injection, 4 ug/1 mL (NDC 70121-1388-8)",Injection,['DEXMEDETOMIDINE HYDROCHLORIDE'],['HUMAN PRESCRIPTION DRUG'],['INTRAVENOUS'],['DEXMEDETOMIDINE HYDROCHLORIDE']
0069-8730-30,Tafamidis Meglumine Capsule,"Vyndaqel, Capsule, 20 mg soft gelatin capsules; blister card (120 total capsules) (NDC 0069-8730-30)",Capsule,['VYNDAMAX'],['HUMAN PRESCRIPTION DRUG'],['ORAL'],['TAFAMIDIS']
0409-4900-14,Sodium Bicarbonate Injection,"Sodium Bicarbonate, Injection, 84 mg/1 mL (NDC 0409-4900-14)",Injection,,,,
39822-0350-2,Lincomycin Hydrochloride Injection,"Lincomycin Hydrochloride, Injection, 600 mg/2 mL vial x 10 count (NDC 39822-0350-2)",Injection,['LINCOMYCIN'],['HUMAN PRESCRIPTION DRUG'],"['INTRAMUSCULAR', 'INTRAVENOUS', 'SUBCONJUNCTIVAL']",['LINCOMYCIN HYDROCHLORIDE']
0409-3815-12,Morphine Sulfate Injection,"Morphine Sulfate, Injection, 10 mg/10 mL (1 mg/mL) (NDC 0409-3815-12)",Injection,['MORPHINE SULFATE'],['HUMAN PRESCRIPTION DRUG'],"['EPIDURAL', 'INTRATHECAL', 'INTRAVENOUS']",['MORPHINE SULFATE']
0143-9144-03,Liraglutide Injection,"Liraglutide, Injection, 6 mg/1 mL (NDC 0143-9144-03)",Injection,['LIRAGLUTIDE'],['HUMAN PRESCRIPTION DRUG'],['SUBCUTANEOUS'],['LIRAGLUTIDE']
0264-7520-00,Dextrose Monohydrate 10% Injection,"Dextrose Monohydrate 10%, Injection, 10 g/100 mL (NDC 0264-7520-00)",Injection,['DEXTROSE'],['HUMAN PRESCRIPTION DRUG'],['INTRAVENOUS'],"['DEXTROSE, UNSPECIFIED FORM']"
63323-464-17,Bupivacaine Hydrochloride Injection,"Sensorcaine, Injection, 2.5 mg/1 mL (NDC 63323-464-17)",Injection,['SENSORCAINE MPF'],['HUMAN PRESCRIPTION DRUG'],"['EPIDURAL', 'INFILTRATION', 'INTRACAUDAL', 'PERINEURAL']",['BUPIVACAINE HYDROCHLORIDE']
72485-508-10,Etomidate Injection,"Etomidate, Injection, 2 mg/mL (NDC 72485-508-10)",Injection,['ETOMIDATE'],['HUMAN PRESCRIPTION DRUG'],['INTRAVENOUS'],['ETOMIDATE']
42858-162-01,Lisdexamfetamine Dimesylate Capsule,"Lisdexamfetamine Dimesylate, Capsule, 20 mg (NDC 42858-162-01)",Capsule,['LISDEXAMFETAMINE DIMESYLATE'],['HUMAN PRESCRIPTION DRUG'],['ORAL'],['LISDEXAMFETAMINE DIMESYLATE']
0703-4094-01,Palonosetron Hydrochloride Injection,"Palonosetron Hydrochloride, Injection, .25 mg/5 mL (NDC 0703-4094-01)",Injection,['PALONOSETRON HYDROCHLORIDE'],['HUMAN PRESCRIPTION DRUG'],['INTRAVENOUS'],['PALONOSETRON HYDROCHLORIDE']
57664-046-88,Lisdexamfetamine Dimesylate Capsule,"Lisdexamfetamine Dimesylate, Capsule, 10 mg (NDC 57664-046-88)",Capsule,['LISDEXAMFETAMINE DIMESYLATE'],['HUMAN PRESCRIPTION DRUG'],['ORAL'],['LISDEXAMFETAMINE DIMESYLATE']
0264-1510-32,Dextrose Monohydrate 5% Injection,"Dextrose 5% In Plastic Container, Injection, 50 mg/1 mL (NDC 0264-1510-32)",Injection,['DEXTROSE'],['HUMAN PRESCRIPTION DRUG'],['INTRAVENOUS'],['DEXTROSE MONOHYDRATE']
55150-249-50,Bupivacaine Hydrochloride Injection,"Bupivacaine Hydrochloride, Injection, 2.5 mg/1 mL (NDC 55150-249-50)",Injection,['BUPIVACAINE HYDROCHLORIDE'],['HUMAN PRESCRIPTION DRUG'],"['INFILTRATION', 'PERINEURAL']",['BUPIVACAINE HYDROCHLORIDE']
0378-9651-32,Travoprost Ophthalmic Solution,"Travoprost, Ophthalmic Solution, 0.004%, 2.5 mL (NDC 0378-9651-32)",Ophthalmic Solution,"['TRAVOPROST OPHTHALMIC SOLUTION, 0.004%']",['HUMAN PRESCRIPTION DRUG'],['OPHTHALMIC'],['TRAVOPROST']
60951-602-70,Acetaminophen; Oxycodone Hydrochloride Tablet,"Acetaminophen; Oxycodone Hydrochloride, Tablet, 325 mg; 5 mg (NDC 60951-602-70)",Tablet,['ENDOCET'],['HUMAN PRESCRIPTION DRUG'],['ORAL'],"['OXYCODONE HYDROCHLORIDE', 'ACETAMINOPHEN']"
0338-3410-50,Clindamycin Phosphate Injection,"Clindamycin Phosphate, Injection, 300 mg/50 mL (NDC 0338-3410-50)",Injection,['CLINDAMYCIN PHOSPHATE'],['HUMAN PRESCRIPTION DRUG'],['INTRAVENOUS'],['CLINDAMYCIN PHOSPHATE']
0703-4239-01,Carboplatin Injection,"Carboplatin, Injection, 10 mg/1 mL (NDC 0703-4239-01)",Injection,['CARBOPLATIN'],['HUMAN PRESCRIPTION DRUG'],['INTRAVENOUS'],['CARBOPLATIN']
16729-483-03,Atropine Sulfate Injection,"Atropine Sulfate, Injection, .05 mg/1 mL (NDC 16729-483-03)",Injection,['ATROPINE SULFATE'],['HUMAN PRESCRIPTION DRUG'],['INTRAVENOUS'],['ATROPINE SULFATE']
0378-1375-78,"Mesalamine Capsule, Extended Release","Mesalamine, Capsule, Extended Release, .375 g (NDC 0378-1375-78)","Capsule, Extended Release",['MESALAMINE'],['HUMAN PRESCRIPTION DRUG'],['ORAL'],['MESALAMINE']
0409-3182-02,"Epinephrine Bitartrate, Lidocaine Hydrochloride Injection","Lidocaine Hydrochloride and Epinephrine, Injection, 600 mg/30 mL (2%; 1:100,000) (NDC 0409-3182-02)",Injection,['LIDOCAINE HYDROCHLORIDE AND EPINEPHRINE'],['HUMAN PRESCRIPTION DRUG'],"['INFILTRATION', 'PERINEURAL']","['LIDOCAINE HYDROCHLORIDE', 'EPINEPHRINE']"
0406-8894-01,"Amphetamine Aspartate Monohydrate, Amphetamine Sulfate, Dextroamphetamine Saccharate, Dextroamphetamine Sulfate Tablet","Amphetamine Aspartate Monohydrate, Amphetamine Sulfate, Dextroamphetamine Saccharate, Dextroamphetamine Sulfate, Tablet, 7.5 mg; 7.5 mg; 7.5 mg; 7.5 mg (NDC 0406-8894-01)",Tablet,['DEXTROAMPHETAMINE SACCHARATE AND AMPHETAMINE ASPARTATE AND DEXTROAMPHETAMINE SULFATE AND AMPHETAMINE SULFATE'],['HUMAN PRESCRIPTION DRUG'],['ORAL'],"['DEXTROAMPHETAMINE SACCHARATE', 'AMPHETAMINE ASPARTATE MONOHYDRATE', 'DEXTROAMPHETAMINE SULFATE', 'AMPHETAMINE SULFATE']"
47335-993-01,Metronidazole Injection,"Metronidazole In Plastic Container, Injection, 500 mg/100 mL (NDC 47335-993-01)",Injection,['METRONIDAZOLE'],['HUMAN PRESCRIPTION DRUG'],['INTRAVENOUS'],['METRONIDAZOLE']
0781-3288-09,Clindamycin Phosphate Injection,"Clindamycin Phosphate In 5% Dextrose In Plastic Container, Injection, 6 mg/1 mL (NDC 0781-3288-09)",Injection,['CLINDAMYCIN IN 5 PERCENT DEXTROSE'],['HUMAN PRESCRIPTION DRUG'],['INTRAVENOUS'],['CLINDAMYCIN']
0143-9393-10,Remifentanil Hydrochloride Injection,"Remifentanil Hydrochloride, Injection, 5 mg per vial (NDC 0143-9393-10)",Injection,['REMIFENTANIL HYDROCHLORIDE'],['HUMAN PRESCRIPTION DRUG'],['INTRAVENOUS'],['REMIFENTANIL HYDROCHLORIDE']
16729-277-35,Methotrexate Sodium Injection,"Methotrexate Sodium Preservative Free, Injection, 25 mg/1 mL (NDC 16729-277-35)",Injection,['METHOTREXATE'],['HUMAN PRESCRIPTION DRUG'],"['INTRA-ARTERIAL', 'INTRAMUSCULAR', 'INTRATHECAL', 'INTRAVENOUS']",['METHOTREXATE']
0409-9094-25,Fentanyl Citrate Injection,"Fentanyl Citrate, Injection, 250 mcg/5 mL (50 ug/1 mL) (NDC 0409-9094-25)",Injection,['FENTANYL CITRATE'],['HUMAN PRESCRIPTION DRUG'],"['INTRAMUSCULAR', 'INTRAVENOUS']",['FENTANYL CITRATE']
70121-1389-7,Dexmedetomidine Hydrochloride Injection,"Dexmedetomidine Hydrochloride, Injection, 4 ug/1 mL (NDC 70121-1389-7)",Injection,['DEXMEDETOMIDINE HYDROCHLORIDE'],['HUMAN PRESCRIPTION DRUG'],['INTRAVENOUS'],['DEXMEDETOMIDINE HYDROCHLORIDE']
61269-620-10,Clonazepam Tablet,"Klonopin, Tablet, 2 mg (NDC 61269-620-10)",Tablet,['KLONOPIN'],['HUMAN PRESCRIPTION DRUG'],['ORAL'],['CLONAZEPAM']
67457-420-10,Dexamethasone Sodium Phosphate Injection,"Dexamethasone Sodium Phosphate, Injection, 10 mg/1 mL (NDC 67457-420-10)",Injection,['DEXAMETHASONE SODIUM PHOSPHATE'],['HUMAN PRESCRIPTION DRUG'],"['INTRAMUSCULAR', 'INTRAVENOUS']",['DEXAMETHASONE SODIUM PHOSPHATE']
65219-442-05,Rocuronium Bromide Injection,"Rocuronium Bromide, Injection, 10 mg/1 mL (NDC 65219-442-05)",Injection,['ROCURONIUM'],['HUMAN PRESCRIPTION DRUG'],['INTRAVENOUS'],['ROCURONIUM BROMIDE']
0009-0280-52,Methylprednisolone Acetate Injection,"Depo-medrol, Injection, 40 mg/1 mL (NDC 0009-0280-52)",Injection,['DEPO-MEDROL'],['HUMAN PRESCRIPTION DRUG'],"['INTRALESIONAL', 'INTRAMUSCULAR', 'INTRASYNOVIAL', 'SOFT TISSUE']",['METHYLPREDNISOLONE ACETATE']
63323-806-02,Fentanyl Citrate Injection,"Fentanyl Citrate Preservative Free, Injection, .05 mg/1 mL (NDC 63323-806-02)",Injection,['FENTANYL CITRATE'],['HUMAN PRESCRIPTION DRUG'],"['INTRAMUSCULAR', 'INTRAVENOUS']",['FENTANYL CITRATE']
0264-7520-10,Dextrose Monohydrate 10% Injection,"Dextrose Monohydrate 10%, Injection, 10 g/100 mL (NDC 0264-7520-10)",Injection,['DEXTROSE'],['HUMAN PRESCRIPTION DRUG'],['INTRAVENOUS'],"['DEXTROSE, UNSPECIFIED FORM']"
0338-9555-24,Dexmedetomidine Hydrochloride Injection,"Dexmedetomidine Hydrochloride, Injection, 200 ug/50 mL (NDC 0338-9555-24)",Injection,,,,
71288-505-03,Dexmedetomidine Hydrochloride Injection,"Dexmedetomidine Hydrochloride, Injection, 100 ug/1 mL (NDC 71288-505-03)",Injection,['DEXMEDETOMIDINE'],['HUMAN PRESCRIPTION DRUG'],['INTRAVENOUS'],['DEXMEDETOMIDINE HYDROCHLORIDE']
25021-671-66,Ropivacaine Hydrochloride Injection,"Ropivacaine Hydrochloride, Injection, 2 mg/1 mL (NDC 25021-671-66)",Injection,['ROPIVACAINE HYDROCHLORIDE'],['HUMAN PRESCRIPTION DRUG'],"['EPIDURAL', 'INFILTRATION']",['ROPIVACAINE HYDROCHLORIDE']
0781-9412-92,Ampicillin Sodium Injection,"Ampicillin Sodium, Injection, 1 g (NDC 0781-9412-92)",Injection,['AMPICILLIN'],['HUMAN PRESCRIPTION DRUG'],['INTRAVENOUS'],['AMPICILLIN SODIUM']
0409-6102-27,Furosemide Injection,"Furosemide, Injection, 100 mg/ 10mL (10 mg/1 mL) (NDC 0409-6102-27)",Injection,['FUROSEMIDE'],['HUMAN PRESCRIPTION DRUG'],"['INTRAMUSCULAR', 'INTRAVENOUS']",['FUROSEMIDE']
46163-212-95,"Dextrose Monohydrate, Sodium Chloride, Sodium Lactate, Calcium Chloride, Magnesium Chloride Solution","DELFLEX, Solution, 18.4 mg/100 mL; 4.25 g/100 mL; 5.08 mg/100 mL; 538 mg/100 mL; 448 mg/100 mL (NDC 46163-212-95)",Solution,['DELFLEX'],['HUMAN PRESCRIPTION DRUG'],['INTRAPERITONEAL'],"['DEXTROSE MONOHYDRATE', 'SODIUM CHLORIDE', 'SODIUM LACTATE', 'CALCIUM CHLORIDE', 'MAGNESIUM CHLORIDE']"
0603-5168-21,Phenobarbital Tablet,"Phenobarbital, Tablet, 97.2 mg (NDC 0603-5168-21)",Tablet,['PHENOBARBITAL'],['HUMAN PRESCRIPTION DRUG'],['ORAL'],['PHENOBARBITAL']
65162-025-09,Lisdexamfetamine Dimesylate Capsule,"Lisdexamfetamine Dimesylate, Capsule, 40 mg (NDC 65162-025-09)",Capsule,['LISDEXAMFETAMINE DIMESYLATE'],['HUMAN PRESCRIPTION DRUG'],['ORAL'],['LISDEXAMFETAMINE DIMESYLATE']
0338-0719-06,Dextrose Monohydrate 70% Injection,"Dextrose Monohydrate 70%, Injection, 70 g/100 mL (NDC 0338-0719-06)",Injection,['DEXTROSE'],['HUMAN PRESCRIPTION DRUG'],['INTRAVENOUS'],['DEXTROSE MONOHYDRATE']
73293-0002-2,Bupivacaine Hydrochloride Injection,"Bupivacaine Hydrochloride, Injection, 7.5 mg/1 mL (NDC 73293-0002-2)",Injection,['BUPIVACAINE HYDROCHLORIDE'],['HUMAN PRESCRIPTION DRUG'],['SUBARACHNOID'],['BUPIVACAINE HYDROCHLORIDE']
62135-737-30,Flurazepam Hydrochloride Capsule,"Flurazepam Hydrochloride, Capsule, 30 mg (NDC 62135-737-30)",Capsule,['FLURAZEPAM HYDROCHLORIDE'],['HUMAN PRESCRIPTION DRUG'],['ORAL'],['FLURAZEPAM HYDROCHLORIDE']
0406-5117-01,Lisdexamfetamine Dimesylate Capsule,"Lisdexamfetamine Dimesylate, Capsule, 70 mg (NDC 0406-5117-01)",Capsule,,,,
0023-6118-03,Podofilox Topical Gel,"Condylox , Topical Gel, 0.5% (NDC 0023-6118-03)",Topical Gel,['CONDYLOX'],['HUMAN PRESCRIPTION DRUG'],['TOPICAL'],['PODOFILOX']
59417-104-10,Lisdexamfetamine Dimesylate Capsule,"Vyvanse, Capsule, 40 mg (NDC 59417-104-10)",Capsule,['VYVANSE'],['HUMAN PRESCRIPTION DRUG'],['ORAL'],['LISDEXAMFETAMINE DIMESYLATE']
11534-191-01,"Amphetamine Aspartate Monohydrate, Amphetamine Sulfate, Dextroamphetamine Saccharate, Dextroamphetamine Sulfate Tablet","Amphetamine Aspartate Monohydrate, Amphetamine Sulfate, Dextroamphetamine Saccharate, Dextroamphetamine Sulfate, Tablet, 1.875 mg; 1.875 mg; 1.875 mg; 1.875 mg (NDC 11534-191-01)",Tablet,"['DEXTROAMPHETAMINE SACCHARATE, AMPHETAMINE ASPARTATE, DEXTROAMPHETAMINE SULFATE AND AMPHETAMINE SULFATE']",['HUMAN PRESCRIPTION DRUG'],['ORAL'],"['DEXTROAMPHETAMINE SACCHARATE', 'AMPHETAMINE ASPARTATE MONOHYDRATE', 'DEXTROAMPHETAMINE SULFATE', 'AMPHETAMINE SULFATE']"
72266-263-10,Bupivacaine Hydrochloride Injection,"Bupivacaine Hydrochloride PRESERVATIVE FREE, Injection, 2.5 mg/1 mL
5mg / 1mL (NDC 72266-263-10)",Injection,['BUPIVACAINE HYDROCHLORIDE'],['HUMAN PRESCRIPTION DRUG'],"['EPIDURAL', 'INFILTRATION']",['BUPIVACAINE HYDROCHLORIDE']
70069-752-10,Bupivacaine Hydrochloride Injection,"Bupivacaine Hydrochloride, Injection, 2.5 mg/1 mL (NDC 70069-752-10)",Injection,['BUPIVACAINE HYDROCHLORIDE'],['HUMAN PRESCRIPTION DRUG'],"['INFILTRATION', 'PERINEURAL']",['BUPIVACAINE HYDROCHLORIDE']
13107-069-01,"Amphetamine Aspartate Monohydrate, Amphetamine Sulfate, Dextroamphetamine Saccharate, Dextroamphetamine Sulfate Tablet","Amphetamine Aspartate Monohydrate, Amphetamine Sulfate, Dextroamphetamine Saccharate, Dextroamphetamine Sulfate, Tablet, 1.875 mg; 1.875 mg; 1.875 mg; 1.875 mg (NDC 13107-069-01)",Tablet,"['DEXTROAMPHETAMINE SACCHARATE, AMPHETAMINE ASPARTATE, DEXTROAMPHETAMINE SULFATE AND AMPHETAMINE SULFATE']",['HUMAN PRESCRIPTION DRUG'],['ORAL'],"['DEXTROAMPHETAMINE SACCHARATE', 'AMPHETAMINE ASPARTATE MONOHYDRATE', 'DEXTROAMPHETAMINE SULFATE', 'AMPHETAMINE SULFATE']"
68180-556-09,Quinapril Hydrochloride Tablet,"Quinapril Hydrochloride, Tablet, 5 mg (NDC 68180-556-09)",Tablet,,,,
0069-0227-03,Lorlatinib Tablet,"Lorbrena, Tablet, 25 mg; 120 tablets bottle with a child-resistant closure (NDC 0069-0227-03)",Tablet,['LORBRENA'],['HUMAN PRESCRIPTION DRUG'],['ORAL'],['LORLATINIB']
0143-9311-10,Etomidate Injection,"Etomidate, Injection, 2 mg/1 mL (NDC 0143-9311-10)",Injection,['ETOMIDATE'],['HUMAN PRESCRIPTION DRUG'],['INTRAVENOUS'],['ETOMIDATE']
0941-0415-06,"Calcium Chloride; Dextrose; Magnesium Chloride; Sodium Chloride; Sodium Lactate Intraperitoneal Injection, Solution","DIANEAL PD-2 with Dextrose, Intraperitoneal Injection, Solution, 25.7 mg/100 mL; 4.25 g/100 mL; 5.08 mg/100 mL; 538 mg/100 mL; 448 mg/100 mL (NDC 0941-0415-06)",Solution,['DIANEAL PD-2 WITH DEXTROSE'],['HUMAN PRESCRIPTION DRUG'],['INTRAPERITONEAL'],"['DEXTROSE MONOHYDRATE', 'SODIUM CHLORIDE', 'SODIUM LACTATE', 'CALCIUM CHLORIDE', 'MAGNESIUM CHLORIDE']"
59417-119-01,"Lisdexamfetamine Dimesylate Tablet, Chewable","Vyvanse, Tablet, Chewable, 50 mg (NDC 59417-119-01)","Tablet, Chewable",['VYVANSE'],['HUMAN PRESCRIPTION DRUG'],['ORAL'],['LISDEXAMFETAMINE DIMESYLATE']
64764-805-10,Ramelteon Tablet,"Rozerem, Tablet, 8 mg (NDC 64764-805-10)",Tablet,['ROZEREM'],['HUMAN PRESCRIPTION DRUG'],['ORAL'],['RAMELTEON']
0143-9830-01,Methotrexate Sodium Injection,"Methotrexate, Preservative Free, Injection, 1 g (NDC 0143-9830-01)",Injection,['METHOTREXATE'],['HUMAN PRESCRIPTION DRUG'],"['INTRA-ARTERIAL', 'INTRAMUSCULAR', 'INTRATHECAL', 'INTRAVENOUS']",['METHOTREXATE']
0781-3476-95,Fondaparinux Sodium Injection,"Fondaparinux Sodium, Injection, 10 mg/.8 mL (NDC 0781-3476-95)",Injection,['FONDAPARINUX SODIUM'],['HUMAN PRESCRIPTION DRUG'],['SUBCUTANEOUS'],['FONDAPARINUX SODIUM']
61703-339-18,Carboplatin Injection,"Carboplatin, Injection, 50 mg/5 mL (10 mg/mL) (NDC 61703-339-18)",Injection,['CARBOPLATIN'],['HUMAN PRESCRIPTION DRUG'],['INTRAVENOUS'],['CARBOPLATIN']
57664-606-88,"Methylphenidate Hydrochloride Tablet, Extended Release","Methylphenidate Hydrochloride, Tablet, Extended Release, 18 mg (NDC 57664-606-88)",Tablet,,,,
42806-799-30,Rifampin Capsule,"Rifampin, Capsule, 300 mg (NDC 42806-799-30)",Capsule,['RIFAMPIN'],['HUMAN PRESCRIPTION DRUG'],['ORAL'],['RIFAMPIN']
0574-2410-65,"Methylphenidate Film, Extended Release","Methylphenidate, Film, Extended Release, 10 mg (NDC 0574-2410-65)","Film, Extended Release",['METHYLPHENIDATE TRANSDERMAL SYSTEM'],['HUMAN PRESCRIPTION DRUG'],['TRANSDERMAL'],['METHYLPHENIDATE']
36000-282-25,Furosemide Injection,"Furosemide, Injection, 10 mg/1 mL (NDC 36000-282-25)",Injection,['FUROSEMIDE'],['HUMAN PRESCRIPTION DRUG'],['INTRAVENOUS'],['FUROSEMIDE']
0781-3289-09,Clindamycin Phosphate Injection,"Clindamycin Phosphate In 5% Dextrose In Plastic Container, Injection, 12 mg/1 mL (NDC 0781-3289-09)",Injection,['CLINDAMYCIN IN 5 PERCENT DEXTROSE'],['HUMAN PRESCRIPTION DRUG'],['INTRAVENOUS'],['CLINDAMYCIN']
0409-6102-02,Furosemide Injection,"Furosemide, Injection, 20 mg/2 mL (10 mg/1 mL) (NDC 0409-6102-02)",Injection,['FUROSEMIDE'],['HUMAN PRESCRIPTION DRUG'],"['INTRAMUSCULAR', 'INTRAVENOUS']",['FUROSEMIDE']
68025-084-30,"Methylphenidate Hydrochloride Tablet, Extended Release","Relexxii, Tablet, Extended Release, 72 mg (NDC 68025-084-30)",Tablet,['RELEXXII'],['HUMAN PRESCRIPTION DRUG'],['ORAL'],['METHYLPHENIDATE HYDROCHLORIDE']
70726-0303-1,Riluzole Oral Suspension,"Tiglutik, Oral Suspension, 50 mg/10 mL (NDC 70726-0303-1)",Oral Suspension,['TIGLUTIK'],['HUMAN PRESCRIPTION DRUG'],['ORAL'],['RILUZOLE']
0009-0306-02,Methylprednisolone Acetate Injection,"Depo-medrol, Injection, 80 mg/1 mL (NDC 0009-0306-02)",Injection,['DEPO-MEDROL'],['HUMAN PRESCRIPTION DRUG'],"['INTRALESIONAL', 'INTRAMUSCULAR', 'INTRASYNOVIAL', 'SOFT TISSUE']",['METHYLPREDNISOLONE ACETATE']
0071-5212-23,Hydrochlorothiazide; Quinapril Hydrochloride Tablet,"Accuretic, Tablet, 12.5 mg; 20 mg (NDC 0071-5212-23)",Tablet,,,,
70069-021-25,Dexamethasone Sodium Phosphate Injection,"Dexamethasone Sodium Phosphate Preservative Free, Injection, 10 mg/1 mL (NDC 70069-021-25)",Injection,['DEXAMETHASONE SODIUM PHOSPHATE'],['HUMAN PRESCRIPTION DRUG'],"['INTRAMUSCULAR', 'INTRAVENOUS']",['DEXAMETHASONE SODIUM PHOSPHATE']
50242-085-27,Alteplase Injection,"Activase, Injection, 1 KIT in 1 CARTON (50242-085-27) * 100 mL in 1 VIAL, SINGLE-USE * 100 mL in 1 VIAL, SINGLE USE (NDC 50242-085-27)",Injection,['ACTIVASE'],['HUMAN PRESCRIPTION DRUG'],,
25021-661-10,Midazolam Hydrochloride Injection,"Midazolam Hydrochloride, Injection, 5 mg/1 mL (NDC 25021-661-10)",Injection,['MIDAZOLAM'],['HUMAN PRESCRIPTION DRUG'],"['INTRAMUSCULAR', 'INTRAVENOUS']",['MIDAZOLAM HYDROCHLORIDE']
63323-285-20,Ropivacaine Hydrochloride Injection,"Naropin, Injection, 2 mg/1 mL (NDC 63323-285-20)",Injection,['NAROPIN'],['HUMAN PRESCRIPTION DRUG'],"['EPIDURAL', 'INFILTRATION']",['ROPIVACAINE HYDROCHLORIDE']
0781-9413-92,Ampicillin Sodium Injection,"Ampicillin Sodium, Injection, 2 g (NDC 0781-9413-92)",Injection,['AMPICILLIN'],['HUMAN PRESCRIPTION DRUG'],['INTRAVENOUS'],['AMPICILLIN SODIUM']
63323-854-10,Hydromorphone Hydrochloride Injection,"Hydromorphone Hydrochloride, Injection, 4 mg/1 mL (NDC 63323-854-10)",Injection,['HYDROMORPHONE HYDROCHLORIDE'],['HUMAN PRESCRIPTION DRUG'],"['INTRAMUSCULAR', 'INTRAVENOUS', 'SUBCUTANEOUS']",['HYDROMORPHONE HYDROCHLORIDE']
0338-0431-03,Heparin Sodium Injection,"Heparin Sodium In Sodium Chloride, Injection, 200 [USP'U]/100 mL (NDC 0338-0431-03)",Injection,['HEPARIN SODIUM IN SODIUM CHLORIDE'],['HUMAN PRESCRIPTION DRUG'],['INTRAVENOUS'],['HEPARIN SODIUM']
66794-160-02,Morphine Sulfate Injection,"Mitigo, Injection, 200 mg/20 mL (NDC 66794-160-02)",Injection,['MITIGO'],['HUMAN PRESCRIPTION DRUG'],"['EPIDURAL', 'INTRATHECAL']",['MORPHINE SULFATE']
45802-580-46,Scopolamine Transdermal System,"Scopolamine, Transdermal System, 1 mg (NDC 45802-580-46)",Transdermal System,['SCOPOLAMINE TRANSDERMAL SYSTEM'],['HUMAN PRESCRIPTION DRUG'],['TRANSDERMAL'],['SCOPOLAMINE']
45963-709-96,"Metoprolol Succinate Tablet, Extended Release","Metoprolol Succinate, Tablet, Extended Release, 25 mg (NDC 45963-709-96)",Tablet,['METOPROLOL SUCCINATE'],['HUMAN PRESCRIPTION DRUG'],['ORAL'],['METOPROLOL SUCCINATE']
0641-6254-01,Hydromorphone Hydrochloride Injection,"Hydromorphone Hydrochloride, Injection, 2 mg/1 mL (NDC 0641-6254-01)",Injection,['HYDROMORPHONE HYDROCHLORIDE'],['HUMAN PRESCRIPTION DRUG'],"['INTRAMUSCULAR', 'INTRAVENOUS', 'SUBCUTANEOUS']",['HYDROMORPHONE HYDROCHLORIDE']
83634-600-02,Dexmedetomidine Hydrochloride Injection,"Dexmedetomidine Hydrochloride, Injection, 200 mcg/2 mL (NDC 83634-600-02)",Injection,['DEXMEDETOMIDINE'],['HUMAN PRESCRIPTION DRUG'],['INTRAVENOUS'],['DEXMEDETOMIDINE HYDROCHLORIDE']
50742-448-60,Carboplatin Injection,"Carboplatin, Injection, 600 mg/60 mL (NDC 50742-448-60)",Injection,,,,
0409-1890-01,Morphine Sulfate Injection,"Morphine Sulfate, Injection, 2 mg/1 mL Syringes (NDC 0409-1890-01)",Injection,['MORPHINE SULFATE'],['HUMAN PRESCRIPTION DRUG'],['INTRAVENOUS'],['MORPHINE SULFATE']
0990-6139-22,Sterile Water Irrigant,"Sterile Water In Plastic Container, Irrigant, 1 mL/1 mL (NDC 0990-6139-22)",Irrigant,,,,
23155-600-41,Midazolam Hydrochloride Injection,"Midazolam Hydrochloride, Injection, 1 mg/1 mL (NDC 23155-600-41)",Injection,['MIDAZOLAM HYDROCHLORIDE'],['HUMAN PRESCRIPTION DRUG'],"['INTRAMUSCULAR', 'INTRAVENOUS']",['MIDAZOLAM HYDROCHLORIDE']
0338-3993-01,Ifosfamide Injection,"IFEX, Injection, 3 g/60 mL (NDC 0338-3993-01)",Injection,['IFEX'],['HUMAN PRESCRIPTION DRUG'],['INTRAVENOUS'],['IFOSFAMIDE']
0990-7930-03,Dextrose Monohydrate 10% Injection,"Dextrose 10% In Plastic Container, Injection, 10 g/100 mL (NDC 0990-7930-03)",Injection,['DEXTROSE'],['HUMAN PRESCRIPTION DRUG'],['INTRAVENOUS'],['DEXTROSE MONOHYDRATE']
76045-009-06,Hydromorphone Hydrochloride Injection,"Dilaudid, Injection, 1 mg/1 mL (NDC 76045-009-06)",Injection,['DILAUDID'],['HUMAN PRESCRIPTION DRUG'],"['INTRAMUSCULAR', 'INTRAVENOUS', 'SUBCUTANEOUS']",['HYDROMORPHONE HYDROCHLORIDE']
25021-233-10,Oxaliplatin Injection,"Oxaliplatin, Injection, 5 mg/1 mL (NDC 25021-233-10)",Injection,['OXALIPLATIN'],['HUMAN PRESCRIPTION DRUG'],['INTRAVENOUS'],['OXALIPLATIN']
72205-102-07,Bumetanide Injection,"Bumetanide, Injection, 0.25 mg/1 mL (NDC 72205-102-07)",Injection,['BUMETANIDE'],['HUMAN PRESCRIPTION DRUG'],"['INTRAMUSCULAR', 'INTRAVENOUS']",['BUMETANIDE']
63323-850-74,Moxifloxacin Injection,"Moxifloxacin, Injection, 400mg per 250mL (NDC 63323-850-74)",Injection,['MOXIFLOXACIN'],['HUMAN PRESCRIPTION DRUG'],['INTRAVENOUS'],['MOXIFLOXACIN HYDROCHLORIDE']
72266-118-25,Ketorolac Tromethamine Injection,"Ketorolac Tromethamine, Injection, 30 mg/1 mL (NDC 72266-118-25)",Injection,['KETOROLAC TROMETHAMINE'],['HUMAN PRESCRIPTION DRUG'],"['INTRAMUSCULAR', 'INTRAVENOUS']",['KETOROLAC TROMETHAMINE']
0527-4667-37,Lisdexamfetamine Dimesylate Capsule,"Lisdexamfetamine Dimesylate, Capsule, 70 mg (NDC 0527-4667-37)",Capsule,,,,
83831-141-08,Carboplatin Injection,"Kyxata, Injection, 80 mg/8 mL (10 mg/mL) (NDC 83831-141-08)",Injection,['KYXATA'],['HUMAN PRESCRIPTION DRUG'],['INTRAVENOUS'],['CARBOPLATIN']
84383-110-01,Penicillin G Benzathine Injection,"Lentocilin, Injection, 1200000 U/4 mL (NDC 84383-110-01)",Injection,['LENTOCILIN'],['HUMAN PRESCRIPTION DRUG'],['INTRAMUSCULAR'],['PENICILLIN G BENZATHINE']
0409-1165-02,Bupivacaine Hydrochloride Injection,"Bupivacaine Hydrochloride, Injection, 225 mg/30 mL (7.5 mg/mL) (NDC 0409-1165-02)",Injection,['BUPIVACAINE HYDROCHLORIDE'],['HUMAN PRESCRIPTION DRUG'],"['EPIDURAL', 'RETROBULBAR']",['BUPIVACAINE HYDROCHLORIDE']
13668-356-05,Nebivolol Hydrochloride Tablet,"Nebivolol Hydrochloride, Tablet, 20 mg (NDC 13668-356-05)",Tablet,,,,
49884-561-11,"Lamotrigine Tablet, Extended Release","Lamotrigine, Tablet, Extended Release, 25 mg (NDC 49884-561-11)",Tablet,['LAMOTRIGINE EXTENDED RELEASE'],['HUMAN PRESCRIPTION DRUG'],['ORAL'],['LAMOTRIGINE']
0990-7923-37,Dextrose Monohydrate 5% Injection,"Dextrose 5% In Plastic Container, Injection, 5 g/100 mL (NDC 0990-7923-37)",Injection,['DEXTROSE'],['HUMAN PRESCRIPTION DRUG'],['INTRAVENOUS'],['DEXTROSE MONOHYDRATE']
63323-574-86,Icatibant Acetate Injection,"Icatibant Acetate, Injection, 10 mg/1 mL (NDC 63323-574-86)",Injection,['ICATIBANT'],['HUMAN PRESCRIPTION DRUG'],['SUBCUTANEOUS'],['ICATIBANT ACETATE']
0603-5166-21,Phenobarbital Tablet,"Phenobarbital, Tablet, 32.4 mg (NDC 0603-5166-21)",Tablet,['PHENOBARBITAL'],['HUMAN PRESCRIPTION DRUG'],['ORAL'],['PHENOBARBITAL']
63323-462-17,"Bupivacaine Hydrochloride, Epinephrine Bitartrate Injection","Sensorcaine, Injection, 5 mg/1 mL; .005 mg/1 mL (NDC 63323-462-17)",Injection,['SENSORCAINE MPF'],['HUMAN PRESCRIPTION DRUG'],"['EPIDURAL', 'INFILTRATION', 'INTRACAUDAL', 'PERINEURAL']","['BUPIVACAINE HYDROCHLORIDE', 'EPINEPHRINE BITARTRATE']"
0409-9630-05,Atropine Sulfate Injection,"Atropine Sulfate, Injection, 0.25 mg/5 mL (0.05 mg/mL) Syringes (NDC 0409-9630-05)",Injection,['ATROPINE SULFATE'],['HUMAN PRESCRIPTION DRUG'],['INTRAVENOUS'],['ATROPINE SULFATE']
55150-162-05,Lidocaine Hydrochloride Injection,"Lidocaine Hydrochloride, Injection, 10 mg/1 mL (NDC 55150-162-05)",Injection,['LIDOCAINE HYDROCHLORIDE'],['HUMAN PRESCRIPTION DRUG'],"['EPIDURAL', 'INFILTRATION', 'INTRACAUDAL', 'PERINEURAL']",['LIDOCAINE HYDROCHLORIDE']
50742-431-08,Docetaxel Injection,"Docetaxel, Injection, 10 mg/1 mL (NDC 50742-431-08)",Injection,,,,
72888-152-01,Clonazepam Tablet,"Clonazepam, Tablet, .5 mg (NDC 72888-152-01)",Tablet,['CLONAZEPAM'],['HUMAN PRESCRIPTION DRUG'],['ORAL'],['CLONAZEPAM']
43547-410-09,Quinapril Hydrochloride Tablet,"Quinapril Hydrochloride, Tablet, 5 mg (NDC 43547-410-09)",Tablet,['QUINAPRIL'],['HUMAN PRESCRIPTION DRUG'],['ORAL'],['QUINAPRIL HYDROCHLORIDE']
0409-1098-02,Cisatracurium Besylate Injection,"Cisatracurium Besylate, Injection, 10 mg/5ml (2 mg/mL) Single Dose Vial (NDC 0409-1098-02)",Injection,['CISATRACURIUM BESYLATE'],['HUMAN PRESCRIPTION DRUG'],['INTRAVENOUS'],['CISATRACURIUM BESYLATE']
65219-434-20,Piperacillin and Tazobactam Injection,"Piperacillin and Tazobactam, Injection, 2.25 g vial (NDC 65219-434-20)",Injection,['PIPERACILLIN AND TAZOBACTAM'],['HUMAN PRESCRIPTION DRUG'],['INTRAVENOUS'],"['PIPERACILLIN SODIUM', 'TAZOBACTAM SODIUM']"
0409-4713-02,Lidocaine Hydrochloride Injection,"Lidocaine Hydrochloride Preservative Free, Injection, 50 mg/5 mL (1%; 10 mg/mL) (NDC 0409-4713-02)",Injection,['LIDOCAINE HYDROCHLORIDE'],['HUMAN PRESCRIPTION DRUG'],"['EPIDURAL', 'INFILTRATION', 'INTRACAUDAL', 'PERINEURAL']",['LIDOCAINE HYDROCHLORIDE']
63323-482-27,"Epinephrine Bitartrate, Lidocaine Hydrochloride Injection","Xylocaine, Injection, .01 mg/1 mL; 10 mg/1 mL (NDC 63323-482-27)",Injection,['XYLOCAINE'],['HUMAN PRESCRIPTION DRUG'],"['INFILTRATION', 'PERINEURAL']","['LIDOCAINE HYDROCHLORIDE ANHYDROUS', 'EPINEPHRINE BITARTRATE']"
0409-3793-01,Ketorolac Tromethamine Injection,"Ketorolac Tromethamine, Injection, 15 mg/1 mL (NDC 0409-3793-01)",Injection,['KETOROLAC TROMETHAMINE'],['HUMAN PRESCRIPTION DRUG'],"['INTRAMUSCULAR', 'INTRAVENOUS']",['KETOROLAC TROMETHAMINE']
63323-725-10,Remifentanil Hydrochloride Injection,"Remifentanil Hydrochloride, Injection, 1 mg/1 mL (NDC 63323-725-10)",Injection,['REMIFENTANIL HYDROCHLORIDE'],['HUMAN PRESCRIPTION DRUG'],['INTRAVENOUS'],['REMIFENTANIL HYDROCHLORIDE']
0338-9553-50,Clindamycin Phosphate Injection,"Clindamycin Phosphate, Injection, 900 mg/50 mL (NDC 0338-9553-50)",Injection,['CLINDAMYCIN PHOSPHATE'],['HUMAN PRESCRIPTION DRUG'],['INTRAVENOUS'],['CLINDAMYCIN PHOSPHATE']
0069-4370-71,Prazosin Hydrochloride Capsule,"Minipress, Capsule, 2 mg (NDC 0069-4370-71)",Capsule,,,,
64850-504-01,"Amphetamine Aspartate Monohydrate, Amphetamine Sulfate, Dextroamphetamine Saccharate, Dextroamphetamine Sulfate Tablet","Amphetamine Aspartate Monohydrate, Amphetamine Sulfate, Dextroamphetamine Saccharate, Dextroamphetamine Sulfate, Tablet, 3.75 mg; 3.75 mg; 3.75 mg; 3.75 mg (NDC 64850-504-01)",Tablet,"['DEXTROAMPHETAMINE SACCHARATE, AMPHETAMINE ASPARTATE, DEXTROAMPHETAMINE SULFATE AND AMPHETAMINE SULFATE']",['HUMAN PRESCRIPTION DRUG'],['ORAL'],"['DEXTROAMPHETAMINE SACCHARATE', 'AMPHETAMINE ASPARTATE MONOHYDRATE', 'DEXTROAMPHETAMINE SULFATE', 'AMPHETAMINE SULFATE']"
72205-137-91,"Lisdexamfetamine Dimesylate Tablet, Chewable","Lisdexamfetamine Dimesylate, Tablet, Chewable, 60 mg (NDC 72205-137-91)","Tablet, Chewable",['LISDEXAMFETAMINE DIMESYLATE'],['HUMAN PRESCRIPTION DRUG'],['ORAL'],['LISDEXAMFETAMINE DIMESYLATE']
59651-724-01,Clonazepam Tablet,"Clonazepam, Tablet, 2 mg (NDC 59651-724-01)",Tablet,['CLONAZEPAM'],['HUMAN PRESCRIPTION DRUG'],['ORAL'],['CLONAZEPAM']
70069-064-10,Ropivacaine Hydrochloride Injection,"Ropivacaine Hydrochloride, Injection, 5 mg/1 mL (NDC 70069-064-10)",Injection,['ROPIVACAINE HYDROCHLORIDE'],['HUMAN PRESCRIPTION DRUG'],"['EPIDURAL', 'INFILTRATION', 'PERINEURAL']",['ROPIVACAINE HYDROCHLORIDE']
61269-610-10,Clonazepam Tablet,"Klonopin, Tablet, 1 mg (NDC 61269-610-10)",Tablet,['KLONOPIN'],['HUMAN PRESCRIPTION DRUG'],['ORAL'],['CLONAZEPAM']
70726-0305-1,Riluzole Oral Suspension,"Teglutik, Oral Suspension, 5 mg/1 mL (NDC 70726-0305-1)",Oral Suspension,['TEGLUTIK'],['HUMAN PRESCRIPTION DRUG'],['ORAL'],['RILUZOLE']
0406-5116-01,Lisdexamfetamine Dimesylate Capsule,"Lisdexamfetamine Dimesylate, Capsule, 60 mg (NDC 0406-5116-01)",Capsule,,,,
0093-7769-24,Everolimus Tablet,"Everolimus, Tablet, 10 mg (NDC 0093-7769-24)",Tablet,['EVEROLIMUS'],['HUMAN PRESCRIPTION DRUG'],['ORAL'],['EVEROLIMUS']
63323-208-05,Lidocaine Hydrochloride Injection,"Lidocaine Hydrochloride Preservative Free, Injection, 20 mg/1 mL (NDC 63323-208-05)",Injection,['LIDOCAINE'],['HUMAN PRESCRIPTION DRUG'],['INTRAVENOUS'],['LIDOCAINE HYDROCHLORIDE']
55150-199-20,Ropivacaine Hydrochloride Injection,"Ropivacaine Hydrochloride, Injection, 7.5 mg/1 mL (NDC 55150-199-20)",Injection,['ROPIVACAINE HYDROCHLORIDE'],['HUMAN PRESCRIPTION DRUG'],"['EPIDURAL', 'PERINEURAL']",['ROPIVACAINE HYDROCHLORIDE']
60951-712-70,Acetaminophen; Oxycodone Hydrochloride Tablet,"Acetaminophen; Oxycodone Hydrochloride, Tablet, 325 mg; 10 mg (NDC 60951-712-70)",Tablet,['ENDOCET'],['HUMAN PRESCRIPTION DRUG'],['ORAL'],"['OXYCODONE HYDROCHLORIDE', 'ACETAMINOPHEN']"
55150-226-10,Rocuronium Bromide Injection,"Rocuronium Bromide, Injection, 100 mg/10 mL (NDC 55150-226-10)",Injection,['ROCURONIUM BROMIDE'],['HUMAN PRESCRIPTION DRUG'],['INTRAVENOUS'],['ROCURONIUM BROMIDE']
13107-068-01,"Amphetamine Aspartate Monohydrate, Amphetamine Sulfate, Dextroamphetamine Saccharate, Dextroamphetamine Sulfate Tablet","Amphetamine Aspartate Monohydrate, Amphetamine Sulfate, Dextroamphetamine Saccharate, Dextroamphetamine Sulfate, Tablet, 1.25 mg; 1.25 mg; 1.25 mg; 1.25 mg (NDC 13107-068-01)",Tablet,"['DEXTROAMPHETAMINE SACCHARATE, AMPHETAMINE ASPARTATE, DEXTROAMPHETAMINE SULFATE AND AMPHETAMINE SULFATE']",['HUMAN PRESCRIPTION DRUG'],['ORAL'],"['DEXTROAMPHETAMINE SACCHARATE', 'AMPHETAMINE ASPARTATE MONOHYDRATE', 'DEXTROAMPHETAMINE SULFATE', 'AMPHETAMINE SULFATE']"
0641-6045-25,Lorazepam Injection,"Lorazepam, Injection, 4 mg/1 mL (NDC 0641-6045-25)",Injection,['LORAZEPAM'],['HUMAN PRESCRIPTION DRUG'],"['INTRAMUSCULAR', 'INTRAVENOUS']",['LORAZEPAM']
70069-025-10,Dexamethasone Sodium Phosphate Injection,"Dexamethasone Sodium Phosphate, Injection, 10 mg/1 mL (NDC 70069-025-10)",Injection,['DEXAMETHASONE SODIUM PHOSPHATE'],['HUMAN PRESCRIPTION DRUG'],"['INTRAMUSCULAR', 'INTRAVENOUS']",['DEXAMETHASONE SODIUM PHOSPHATE']
0409-7101-66,Sodium Chloride 0.9% Injection,"Sodium Chloride 0.9%, Injection, 50 mL  ADD-Vantage® Flexible Container (NDC 0409-7101-66)",Injection,['SODIUM CHLORIDE'],['HUMAN PRESCRIPTION DRUG'],['INTRAVENOUS'],['SODIUM CHLORIDE']
69238-1627-6,Dapsone Gel,"Dapsone, Gel, 7.5% (NDC 69238-1627-6)",Gel,['DAPSONE'],['HUMAN PRESCRIPTION DRUG'],['TOPICAL'],['DAPSONE']
63323-285-23,Ropivacaine Hydrochloride Injection,"Naropin, Injection, 2 mg/1 mL (NDC 63323-285-23)",Injection,['NAROPIN'],['HUMAN PRESCRIPTION DRUG'],"['EPIDURAL', 'INFILTRATION']",['ROPIVACAINE HYDROCHLORIDE']
59417-118-01,"Lisdexamfetamine Dimesylate Tablet, Chewable","Vyvanse, Tablet, Chewable, 40 mg (NDC 59417-118-01)","Tablet, Chewable",['VYVANSE'],['HUMAN PRESCRIPTION DRUG'],['ORAL'],['LISDEXAMFETAMINE DIMESYLATE']
0527-1502-37,"Amphetamine Aspartate Monohydrate, Amphetamine Sulfate, Dextroamphetamine Saccharate, Dextroamphetamine Sulfate Tablet","Amphetamine Aspartate Monohydrate, Amphetamine Sulfate, Dextroamphetamine Saccharate, Dextroamphetamine Sulfate, Tablet, 2.5 mg; 2.5 mg; 2.5 mg; 2.5 mg (NDC 0527-1502-37)",Tablet,,,,
0378-6860-77,Lisdexamfetamine Dimesylate Capsule,"Lisdexamfetamine Dimesylate, Capsule, 70 mg (NDC 0378-6860-77)",Capsule,['LISDEXAMFETAMINE DIMESYLATE'],['HUMAN PRESCRIPTION DRUG'],['ORAL'],['LISDEXAMFETAMINE DIMESYLATE']
64253-020-30,Sterile Water Injection,"Sterile Water, Injection, 10 mL/10 mL (NDC 64253-020-30)",Injection,['STERILE WATER'],['HUMAN PRESCRIPTION DRUG'],"['INTRAMUSCULAR', 'INTRAVENOUS', 'SUBCUTANEOUS']",['WATER']
76045-0212-10,Dexamethasone Sodium Phosphate Injection,"Dexamethasone Sodium Phosphate, Injection, 10 mg/1 mL (NDC 76045-0212-10)",Injection,,,,
0409-7299-73,Sodium Acetate Injection,"Sodium Acetate, Injection, 40 mEq/20 mL (2 mEq/mL) (NDC 0409-7299-73)",Injection,['SODIUM ACETATE'],['HUMAN PRESCRIPTION DRUG'],['INTRAVENOUS'],['SODIUM ACETATE ANHYDROUS']
50458-587-01,"Methylphenidate Hydrochloride Tablet, Extended Release","Concerta, Tablet, Extended Release, 54 mg (NDC 50458-587-01)",Tablet,['CONCERTA'],['HUMAN PRESCRIPTION DRUG'],['ORAL'],['METHYLPHENIDATE HYDROCHLORIDE']
54092-189-81,"Mesalamine Capsule, Extended Release","Pentasa, Capsule, Extended Release, 250 mg (NDC 54092-189-81)","Capsule, Extended Release",['PENTASA'],['HUMAN PRESCRIPTION DRUG'],['ORAL'],['MESALAMINE']
43066-557-12,Dexmedetomidine Hydrochloride Injection,"Dexmedetomidine Hydrochloride, Injection, 400 ug/100 mL (NDC 43066-557-12)",Injection,['DEXMEDETOMIDINE HYDROCHLORIDE IN 0.9% SODIUM CHLORIDE'],['HUMAN PRESCRIPTION DRUG'],['INTRAVENOUS'],['DEXMEDETOMIDINE HYDROCHLORIDE']
0069-3070-30,Azithromycin Tablet,"Zithromax, Tablet, 500 mg (NDC 0069-3070-30)",Tablet,['ZITHROMAX'],['HUMAN PRESCRIPTION DRUG'],['ORAL'],['AZITHROMYCIN DIHYDRATE']
42806-344-01,"Amphetamine Aspartate Monohydrate, Amphetamine Sulfate, Dextroamphetamine Saccharate, Dextroamphetamine Sulfate Tablet","Amphetamine Aspartate Monohydrate, Amphetamine Sulfate, Dextroamphetamine Saccharate, Dextroamphetamine Sulfate, Tablet, 5 mg; 5 mg; 5 mg; 5 mg (NDC 42806-344-01)",Tablet,"['DEXTROAMPHETAMINE SACCHARATE, AMPHETAMINE ASPARTATE, DEXTROAMPHETAMINE SULFATE AND AMPHETAMINE SULFATE']",['HUMAN PRESCRIPTION DRUG'],['ORAL'],"['DEXTROAMPHETAMINE SACCHARATE', 'AMPHETAMINE ASPARTATE MONOHYDRATE', 'DEXTROAMPHETAMINE SULFATE', 'AMPHETAMINE SULFATE']"
0409-3382-21,Sufentanil Citrate Injection,"Sufentanil Citrate, Injection, 50 ug/1 mL (NDC 0409-3382-21)",Injection,['SUFENTANIL CITRATE'],['HUMAN PRESCRIPTION DRUG'],"['EPIDURAL', 'INTRAVENOUS']",['SUFENTANIL CITRATE']
25021-655-02,Midazolam Hydrochloride Injection,"Midazolam Hydrochloride, Injection, 1 mg/1 mL (NDC 25021-655-02)",Injection,['MIDAZOLAM'],['HUMAN PRESCRIPTION DRUG'],"['INTRAMUSCULAR', 'INTRAVENOUS']",['MIDAZOLAM HYDROCHLORIDE']
0990-7923-20,Dextrose Monohydrate 5% Injection,"Dextrose 5% In Plastic Container, Injection, 5 g/100 mL (NDC 0990-7923-20)",Injection,['DEXTROSE'],['HUMAN PRESCRIPTION DRUG'],['INTRAVENOUS'],['DEXTROSE MONOHYDRATE']
65219-572-10,Bumetanide Injection,"Bumetanide, Injection, .25 mg/1 mL (NDC 65219-572-10)",Injection,['BUMETANIDE'],['HUMAN PRESCRIPTION DRUG'],"['INTRAMUSCULAR', 'INTRAVENOUS']",['BUMETANIDE']
55150-296-10,Dexmedetomidine Hydrochloride Injection,"Dexmedetomidine Hydrochloride, Injection, 4 ug/1 mL (NDC 55150-296-10)",Injection,['DEXMEDETOMIDINE HYDROCHLORIDE'],['HUMAN PRESCRIPTION DRUG'],['INTRAVENOUS'],['DEXMEDETOMIDINE HYDROCHLORIDE']
0093-8072-56,Tiagabine Hydrochloride Tablet,"Tiagabine Hydrochloride, Tablet, 12mg 30 count (NDC 0093-8072-56)",Tablet,['TIAGABINE HYDROCHLORIDE'],['HUMAN PRESCRIPTION DRUG'],['ORAL'],['TIAGABINE HYDROCHLORIDE']
78206-170-01,"Montelukast Sodium Tablet, Chewable","Singulair, Tablet, Chewable, 4 mg (NDC 78206-170-01)","Tablet, Chewable",['SINGULAIR'],['HUMAN PRESCRIPTION DRUG'],['ORAL'],['MONTELUKAST SODIUM']
63323-123-10,Methotrexate Sodium Injection,"Methotrexate Sodium, Injection, 25 mg/1 mL (NDC 63323-123-10)",Injection,['METHOTREXATE'],['HUMAN PRESCRIPTION DRUG'],"['INTRA-ARTERIAL', 'INTRAMUSCULAR', 'INTRAVENOUS']",['METHOTREXATE SODIUM']
0338-0551-18,Dextrose Monohydrate 5% Injection,"Dextrose 5% In Plastic Container, Injection, 5 g/100 mL (NDC 0338-0551-18)",Injection,['DEXTROSE'],['HUMAN PRESCRIPTION DRUG'],['INTRAVENOUS'],['DEXTROSE MONOHYDRATE']
0409-5010-01,Bupivacaine Hydrochloride Injection,"Marcaine, Injection, 50 mg/10 mL (5 mg/mL) (NDC 0409-5010-01)",Injection,['MARCAINE'],['HUMAN PRESCRIPTION DRUG'],"['EPIDURAL', 'INTRACAUDAL', 'PERINEURAL']",['BUPIVACAINE HYDROCHLORIDE']
0264-7520-20,Dextrose Monohydrate 10% Injection,"Dextrose Monohydrate 10%, Injection, 10 g/100 mL (NDC 0264-7520-20)",Injection,['DEXTROSE'],['HUMAN PRESCRIPTION DRUG'],['INTRAVENOUS'],"['DEXTROSE, UNSPECIFIED FORM']"
60951-602-85,Acetaminophen; Oxycodone Hydrochloride Tablet,"Acetaminophen; Oxycodone Hydrochloride, Tablet, 325 mg; 5 mg (NDC 60951-602-85)",Tablet,['ENDOCET'],['HUMAN PRESCRIPTION DRUG'],['ORAL'],"['OXYCODONE HYDROCHLORIDE', 'ACETAMINOPHEN']"
0641-6127-25,Morphine Sulfate Injection,"Morphine Sulfate, Injection, 10 mg/1 mL (NDC 0641-6127-25)",Injection,['MORPHINE SULFATE'],['HUMAN PRESCRIPTION DRUG'],['INTRAVENOUS'],['MORPHINE SULFATE']
65219-801-01,Glycopyrrolate Injection,"Glycopyrrolate, Injection, 0.2 mg per 1 mL (NDC 65219-801-01)",Injection,['GLYCOPYRROLATE'],['HUMAN PRESCRIPTION DRUG'],"['INTRAMUSCULAR', 'INTRAVENOUS']",['GLYCOPYRROLATE']
0409-5820-01,Dopamine Hydrochloride Injection,"Dopamine Hydrochloride, Injection, 200 mg/5mL (40 mg/1 mL) (NDC 0409-5820-01)",Injection,['DOPAMINE HYDROCHLORIDE'],['HUMAN PRESCRIPTION DRUG'],['INTRAVENOUS'],['DOPAMINE HYDROCHLORIDE']
63323-461-57,"Bupivacaine Hydrochloride, Epinephrine Bitartrate Injection","Sensorcaine, Injection, 2.5 mg/1 mL; .005 mg/1 mL (NDC 63323-461-57)",Injection,['SENSORCAINE'],['HUMAN PRESCRIPTION DRUG'],"['INFILTRATION', 'PERINEURAL']","['BUPIVACAINE HYDROCHLORIDE', 'EPINEPHRINE BITARTRATE']"
0228-2550-06,"Diclofenac Sodium Tablet, Delayed Release","Diclofenac Sodium, Tablet, Delayed Release, 50 mg (NDC 0228-2550-06)",Tablet,['DICLOFENAC SODIUM'],['HUMAN PRESCRIPTION DRUG'],['ORAL'],['DICLOFENAC SODIUM']
63323-472-37,Bupivacaine Hydrochloride Injection,"Sensorcaine, Injection, 7.5 mg/1 mL (NDC 63323-472-37)",Injection,['SENSORCAINE MPF'],['HUMAN PRESCRIPTION DRUG'],"['EPIDURAL', 'RETROBULBAR']",['BUPIVACAINE HYDROCHLORIDE']
0781-2234-01,Omeprazole Delayed Release Capsule,"Omeprazole, Delayed Release Capsule, 40 mg (NDC 0781-2234-01)",,['OMEPRAZOLE'],['HUMAN PRESCRIPTION DRUG'],['ORAL'],['OMEPRAZOLE']
68025-089-30,"Methylphenidate Hydrochloride Tablet, Extended Release","Relexxii, Tablet, Extended Release, 63 mg (NDC 68025-089-30)",Tablet,['RELEXXII'],['HUMAN PRESCRIPTION DRUG'],['ORAL'],['METHYLPHENIDATE HYDROCHLORIDE']
61958-0601-1,Emtricitabine Capsule,"Emtriva, Capsule, 200 mg (NDC 61958-0601-1)",Capsule,['EMTRIVA'],['HUMAN PRESCRIPTION DRUG'],['ORAL'],['EMTRICITABINE']
60505-6282-7,Carboplatin Injection,"Carboplatin, Injection, 600 mg/60 mL (10 mg/mL) Multiple Dose Vial (NDC 60505-6282-7)",Injection,['CARBOPLATIN'],['HUMAN PRESCRIPTION DRUG'],['INTRAVENOUS'],['CARBOPLATIN']
11534-194-01,"Amphetamine Aspartate Monohydrate, Amphetamine Sulfate, Dextroamphetamine Saccharate, Dextroamphetamine Sulfate Tablet","Amphetamine Aspartate Monohydrate, Amphetamine Sulfate, Dextroamphetamine Saccharate, Dextroamphetamine Sulfate, Tablet, 3.75 mg; 3.75 mg; 3.75 mg; 3.75 mg (NDC 11534-194-01)",Tablet,"['DEXTROAMPHETAMINE SACCHARATE, AMPHETAMINE ASPARTATE, DEXTROAMPHETAMINE SULFATE AND AMPHETAMINE SULFATE']",['HUMAN PRESCRIPTION DRUG'],['ORAL'],"['DEXTROAMPHETAMINE SACCHARATE', 'AMPHETAMINE ASPARTATE MONOHYDRATE', 'DEXTROAMPHETAMINE SULFATE', 'AMPHETAMINE SULFATE']"
0591-5543-01,Allopurinol Tablet,"Allopurinol, Tablet, 100 mg (NDC 0591-5543-01)",Tablet,['ALLOPURINOL'],['HUMAN PRESCRIPTION DRUG'],['ORAL'],['ALLOPURINOL']
63323-750-20,Oxaliplatin Injection,"Oxaliplatin, Injection, 5 mg/mL (NDC 63323-750-20)",Injection,,,,
0409-2634-01,Hydromorphone Hydrochloride Injection,"Hydromorphone Hydrochloride, Injection, 10 mg/1 mL (NDC 0409-2634-01)",Injection,['HYDROMORPHONE HYDROCHLORIDE'],['HUMAN PRESCRIPTION DRUG'],"['INTRAMUSCULAR', 'INTRAVENOUS', 'SUBCUTANEOUS']",['HYDROMORPHONE HYDROCHLORIDE']
0409-3177-01,"Epinephrine Bitartrate, Lidocaine Hydrochloride Injection","Lidocaine Hydrochloride And Epinephrine, Injection, 250 mg/50 mL (0.5%; 1:200,000) (NDC 0409-3177-01)",Injection,['LIDOCAINE HYDROCHLORIDE AND EPINEPHRINE'],['HUMAN PRESCRIPTION DRUG'],"['INFILTRATION', 'PERINEURAL']","['LIDOCAINE HYDROCHLORIDE', 'EPINEPHRINE']"
0480-5795-08,Cetrorelix Acetate Injection,"Cetrorelix Acetate, Injection, Kit (NDC 0480-5795-08)",Injection,,,,
67457-903-20,Etomidate Injection,"Etomidate, Injection, 2 mg/1 mL (NDC 67457-903-20)",Injection,['ETOMIDATE'],['HUMAN PRESCRIPTION DRUG'],['INTRAVENOUS'],['ETOMIDATE']
0054-0370-25,Lisdexamfetamine Dimesylate Capsule,"Lisdexamfetamine Dimesylate, Capsule, 20 mg (NDC 0054-0370-25)",Capsule,['LISDEXAMFETAMINE DIMESYLATE'],['HUMAN PRESCRIPTION DRUG'],['ORAL'],['LISDEXAMFETAMINE DIMESYLATE']
0002-7640-01,Pemetrexed Disodium Injection,"Alimta, Injection, 100 mg/4 mL (NDC 0002-7640-01)",Injection,['ALIMTA'],['HUMAN PRESCRIPTION DRUG'],['INTRAVENOUS'],['PEMETREXED DISODIUM HEPTAHYDRATE']
0781-9408-95,Ampicillin Sodium Injection,"Ampicillin Sodium, Injection, 2 g (NDC 0781-9408-95)",Injection,['AMPICILLIN'],['HUMAN PRESCRIPTION DRUG'],"['INTRAMUSCULAR', 'INTRAVENOUS']",['AMPICILLIN SODIUM']
0641-6027-25,Fentanyl Citrate Injection,"Fentanyl Citrate, Injection, 50 mcg/1 mL (NDC 0641-6027-25)",Injection,['FENTANYL CITRATE'],['HUMAN PRESCRIPTION DRUG'],"['INTRAMUSCULAR', 'INTRAVENOUS']",['FENTANYL CITRATE']
16729-137-16,Clonazepam Tablet,"Clonazepam, Tablet, 1 mg (NDC 16729-137-16)",Tablet,['CLONAZEPAM'],['HUMAN PRESCRIPTION DRUG'],['ORAL'],['CLONAZEPAM']
49884-127-91,Everolimus Tablet,"Everolimus, Tablet, 7.5 mg (NDC 49884-127-91)",Tablet,,,,
70069-753-25,Bupivacaine Hydrochloride Injection,"Bupivacaine Hydrochloride, Injection, 5 mg/1 mL (NDC 70069-753-25)",Injection,['BUPIVACAINE HYDROCHLORIDE'],['HUMAN PRESCRIPTION DRUG'],"['INFILTRATION', 'PERINEURAL']",['BUPIVACAINE HYDROCHLORIDE']
0603-5165-32,Phenobarbital Tablet,"Phenobarbital, Tablet, 16.2 mg (NDC 0603-5165-32)",Tablet,['PHENOBARBITAL'],['HUMAN PRESCRIPTION DRUG'],['ORAL'],['PHENOBARBITAL']
57844-110-01,"Amphetamine Aspartate Monohydrate, Amphetamine Sulfate, Dextroamphetamine Saccharate, Dextroamphetamine Sulfate Tablet","Adderall, Tablet, 2.5 mg; 2.5 mg; 2.5 mg; 2.5 mg (NDC 57844-110-01)",Tablet,['ADDERALL'],['HUMAN PRESCRIPTION DRUG'],['ORAL'],"['DEXTROAMPHETAMINE SACCHARATE', 'AMPHETAMINE ASPARTATE MONOHYDRATE', 'DEXTROAMPHETAMINE SULFATE', 'AMPHETAMINE SULFATE']"
62135-737-90,Flurazepam Hydrochloride Capsule,"Flurazepam Hydrochloride, Capsule, 30 mg (NDC 62135-737-90)",Capsule,['FLURAZEPAM HYDROCHLORIDE'],['HUMAN PRESCRIPTION DRUG'],['ORAL'],['FLURAZEPAM HYDROCHLORIDE']
0037-0678-96,Cromolyn Sodium Concentrate,"Gastrocrom, Concentrate, 20 mg/1 mL (NDC 0037-0678-96)",Concentrate,['GASTROCROM'],['HUMAN PRESCRIPTION DRUG'],['ORAL'],['CROMOLYN SODIUM']
0781-3454-95,Fondaparinux Sodium Injection,"Fondaparinux Sodium, Injection, 5 mg/.4 mL (NDC 0781-3454-95)",Injection,['FONDAPARINUX SODIUM'],['HUMAN PRESCRIPTION DRUG'],['SUBCUTANEOUS'],['FONDAPARINUX SODIUM']
0941-0429-52,"Calcium Chloride; Dextrose; Magnesium Chloride; Sodium Chloride; Sodium Lactate Intraperitoneal Injection, Solution","DIANEAL PD-2 with Dextrose, Intraperitoneal Injection, Solution, 25.7 mg/100 mL; 4.25 g/100 mL; 5.08 mg/100 mL; 538 mg/100 mL; 448 mg/100 mL (NDC 0941-0429-52)",Solution,['DIANEAL PD-2 WITH DEXTROSE'],['HUMAN PRESCRIPTION DRUG'],['INTRAPERITONEAL'],"['DEXTROSE MONOHYDRATE', 'SODIUM CHLORIDE', 'SODIUM LACTATE', 'CALCIUM CHLORIDE', 'MAGNESIUM CHLORIDE']"
0071-0535-23,Quinapril Hydrochloride Tablet,"Accupril, Tablet, 40 mg (NDC 0071-0535-23)",Tablet,,,,
0009-0280-03,Methylprednisolone Acetate Injection,"Depo-medrol, Injection, 40 mg/1 mL (NDC 0009-0280-03)",Injection,['DEPO-MEDROL'],['HUMAN PRESCRIPTION DRUG'],"['INTRALESIONAL', 'INTRAMUSCULAR', 'INTRASYNOVIAL', 'SOFT TISSUE']",['METHYLPREDNISOLONE ACETATE']
63323-715-05,Fulvestrant Injection,"Fulvestrant, Injection, 250 mg per 5mL (NDC 63323-715-05)",Injection,['FULVESTRANT'],['HUMAN PRESCRIPTION DRUG'],['INTRAMUSCULAR'],['FULVESTRANT']
0406-8891-01,"Amphetamine Aspartate Monohydrate, Amphetamine Sulfate, Dextroamphetamine Saccharate, Dextroamphetamine Sulfate Tablet","Amphetamine Aspartate Monohydrate, Amphetamine Sulfate, Dextroamphetamine Saccharate, Dextroamphetamine Sulfate, Tablet, 1.25 mg; 1.25 mg; 1.25 mg; 1.25 mg (NDC 0406-8891-01)",Tablet,['DEXTROAMPHETAMINE SACCHARATE AND AMPHETAMINE ASPARTATE AND DEXTROAMPHETAMINE SULFATE AND AMPHETAMINE SULFATE'],['HUMAN PRESCRIPTION DRUG'],['ORAL'],"['DEXTROAMPHETAMINE SACCHARATE', 'AMPHETAMINE ASPARTATE MONOHYDRATE', 'DEXTROAMPHETAMINE SULFATE', 'AMPHETAMINE SULFATE']"
23155-473-41,Furosemide Injection,"Furosemide, Injection, 10 mg/1 mL (NDC 23155-473-41)",Injection,['FUROSEMIDE'],['HUMAN PRESCRIPTION DRUG'],['INTRAVENOUS'],['FUROSEMIDE']
13107-070-01,"Amphetamine Aspartate Monohydrate, Amphetamine Sulfate, Dextroamphetamine Saccharate, Dextroamphetamine Sulfate Tablet","Amphetamine Aspartate Monohydrate, Amphetamine Sulfate, Dextroamphetamine Saccharate, Dextroamphetamine Sulfate, Tablet, 2.5 mg; 2.5 mg; 2.5 mg; 2.5 mg (NDC 13107-070-01)",Tablet,"['DEXTROAMPHETAMINE SACCHARATE, AMPHETAMINE ASPARTATE, DEXTROAMPHETAMINE SULFATE AND AMPHETAMINE SULFATE']",['HUMAN PRESCRIPTION DRUG'],['ORAL'],"['DEXTROAMPHETAMINE SACCHARATE', 'AMPHETAMINE ASPARTATE MONOHYDRATE', 'DEXTROAMPHETAMINE SULFATE', 'AMPHETAMINE SULFATE']"
63323-724-05,Remifentanil Hydrochloride Injection,"Remifentanil Hydrochloride, Injection, 1 mg/1 mL (NDC 63323-724-05)",Injection,['REMIFENTANIL HYDROCHLORIDE'],['HUMAN PRESCRIPTION DRUG'],['INTRAVENOUS'],['REMIFENTANIL HYDROCHLORIDE']
0002-8214-05,Insulin Glargine Injection,"Basaglar, Injection, U-100 Tempo Pen (NDC 0002-8214-05)",Injection,,,,
63323-578-01,Glycopyrrolate Injection,"Glycopyrrolate, Injection, .2 mg/1 mL (NDC 63323-578-01)",Injection,['GLYCOPYRROLATE'],['HUMAN PRESCRIPTION DRUG'],"['INTRAMUSCULAR', 'INTRAVENOUS']",['GLYCOPYRROLATE']
44567-600-04,Dexmedetomidine Hydrochloride Injection,"Dexmedetomidine Hydrochloride, Injection, 100 ug/1 mL (NDC 44567-600-04)",Injection,['DEXMEDETOMIDINE'],['HUMAN PRESCRIPTION DRUG'],['INTRAVENOUS'],['DEXMEDETOMIDINE HYDROCHLORIDE']
65219-281-15,Gadobutrol Injection,"Gadobutrol, Injection, 604.72 mg/mL (NDC 65219-281-15)",Injection,['GADOBUTROL'],['HUMAN PRESCRIPTION DRUG'],['INTRAVENOUS'],['GADOBUTROL']
54092-171-12,"Carbamazepine Capsule, Extended Release","Carbatrol, Capsule, Extended Release, 100 mg (NDC 54092-171-12)","Capsule, Extended Release",['CARBATROL'],['HUMAN PRESCRIPTION DRUG'],['ORAL'],['CARBAMAZEPINE']
70069-064-01,Ropivacaine Hydrochloride Injection,"Ropivacaine Hydrochloride, Injection, 5 mg/1 mL (NDC 70069-064-01)",Injection,['ROPIVACAINE HYDROCHLORIDE'],['HUMAN PRESCRIPTION DRUG'],"['EPIDURAL', 'INFILTRATION', 'PERINEURAL']",['ROPIVACAINE HYDROCHLORIDE']
44567-611-10,Midazolam Hydrochloride Injection,"Midazolam In 0.9% Sodium Chloride, Injection, 1 mg/1 mL (NDC 44567-611-10)",Injection,,,,
63323-519-10,Heparin Sodium Injection,"Heparin Sodium, Injection, 200 [USP'U]/100 mL (NDC 63323-519-10)",Injection,['HEPARIN SODIUM'],['HUMAN PRESCRIPTION DRUG'],['INTRAVENOUS'],['HEPARIN SODIUM']
67457-924-50,Dexmedetomidine Hydrochloride Injection,"Dexmedetomidine Hydrochloride, Injection, 200 ug/50 mL (NDC 67457-924-50)",Injection,['DEXMEDETOMIDINE HYDROCHLORIDE'],['HUMAN PRESCRIPTION DRUG'],['INTRAVENOUS'],['DEXMEDETOMIDINE HYDROCHLORIDE']
63323-851-15,Hydromorphone Hydrochloride Injection,"Hydromorphone Hydrochloride, Injection, 10 mg/1 mL (NDC 63323-851-15)",Injection,['HYDROMORPHONE HYDROCHLORIDE'],['HUMAN PRESCRIPTION DRUG'],"['INTRAMUSCULAR', 'INTRAVENOUS', 'SUBCUTANEOUS']",['HYDROMORPHONE HYDROCHLORIDE']
59417-120-01,"Lisdexamfetamine Dimesylate Tablet, Chewable","Vyvanse, Tablet, Chewable, 60 mg (NDC 59417-120-01)","Tablet, Chewable",['VYVANSE'],['HUMAN PRESCRIPTION DRUG'],['ORAL'],['LISDEXAMFETAMINE DIMESYLATE']
0409-7101-02,Sodium Chloride 0.9% Injection,"Sodium Chloride 0.9%, Injection, 250 mL  ADD-Vantage® Flexible Container (NDC 0409-7101-02)",Injection,['SODIUM CHLORIDE'],['HUMAN PRESCRIPTION DRUG'],['INTRAVENOUS'],['SODIUM CHLORIDE']
50458-290-01,Itraconazole Capsule,"Sporanox, Capsule, 100 mg (NDC 50458-290-01)",Capsule,['SPORANOX'],['HUMAN PRESCRIPTION DRUG'],['ORAL'],['ITRACONAZOLE']
0185-0853-01,"Amphetamine Aspartate Monohydrate, Amphetamine Sulfate, Dextroamphetamine Saccharate, Dextroamphetamine Sulfate Tablet","Amphetamine Aspartate Monohydrate, Amphetamine Sulfate, Dextroamphetamine Saccharate, Dextroamphetamine Sulfate, Tablet, 5 mg; 5 mg; 5 mg; 5 mg (NDC 0185-0853-01)",Tablet,"['DEXTROAMPHETAMINE SACCHARATE, AMPHETAMINE ASPARTATE MONOHYDRATE, DEXTROAMPHETAMINE SULFATE AND AMPHETAMINE SULFATE']",['HUMAN PRESCRIPTION DRUG'],['ORAL'],"['DEXTROAMPHETAMINE SACCHARATE', 'AMPHETAMINE ASPARTATE MONOHYDRATE', 'DEXTROAMPHETAMINE SULFATE', 'AMPHETAMINE SULFATE']"
0264-7510-00,Dextrose Monohydrate 5% Injection,"Dextrose Monohydrate 5%, Injection, 5 g/100 mL (NDC 0264-7510-00)",Injection,['DEXTROSE'],['HUMAN PRESCRIPTION DRUG'],['INTRAVENOUS'],"['DEXTROSE, UNSPECIFIED FORM']"
50633-310-11,Hydroxocobalamin Injection,"Cyanokit, Injection, 5 g/250mL (NDC 50633-310-11)",Injection,['CYANOKIT'],['HUMAN PRESCRIPTION DRUG'],['INTRAVENOUS'],['HYDROXOCOBALAMIN']
0338-9545-50,Clindamycin Phosphate Injection,"Clindamycin Phosphate, Injection, 300 mg/50 mL (NDC 0338-9545-50)",Injection,['CLINDAMYCIN PHOSPHATE'],['HUMAN PRESCRIPTION DRUG'],['INTRAVENOUS'],['CLINDAMYCIN PHOSPHATE']
0069-3150-83,Azithromycin Injection,"Zithromax IV, Injection, 500 mg/5 mL (NDC 0069-3150-83)",Injection,['ZITHROMAX'],['HUMAN PRESCRIPTION DRUG'],['INTRAVENOUS'],['AZITHROMYCIN DIHYDRATE']
0574-7116-12,Morphine Sulfate Suppository,"Morphine Sulfate, Suppository, 30 mg (NDC 0574-7116-12)",Suppository,['MORPHINE SULFATE'],['HUMAN PRESCRIPTION DRUG'],['RECTAL'],['MORPHINE SULFATE']
67457-957-99,Iron Sucrose Injection,"Iron Sucrose, Injection, 50 mg/2.5 mL (NDC 67457-957-99)",Injection,['IRON SUCROSE'],['HUMAN PRESCRIPTION DRUG'],['INTRAVENOUS'],['IRON SUCROSE']
0264-7387-50,Dextrose Monohydrate 70% Injection,"Dextrose Monohydrate 70%, Injection, 70 g/100 mL (NDC 0264-7387-50)",Injection,['DEXTROSE'],['HUMAN PRESCRIPTION DRUG'],['INTRAVENOUS'],['DEXTROSE']
0143-9530-01,Ifosfamide Injection,"Ifosfamide, Injection, 50 mg/1 mL (NDC 0143-9530-01)",Injection,['IFOSFAMIDE'],['HUMAN PRESCRIPTION DRUG'],['INTRAVENOUS'],['IFOSFAMIDE']
0074-0522-60,Lopinavir and Ritonavir Tablet,"Kaletra, Tablet, 100 mg; 25 mg (NDC 0074-0522-60)",Tablet,,,,
63323-185-50,Sterile Water Injection,"Sterile Water For Injection In Plastic Container, Injection, 1 mL/1 mL (NDC 63323-185-50)",Injection,['STERILE WATER'],['HUMAN PRESCRIPTION DRUG'],"['INTRAMUSCULAR', 'INTRAVENOUS', 'SUBCUTANEOUS']",['WATER']
83634-653-05,Lidocaine Hydrochloride Injection,"Lidocaine Hydochloride, Injection, 50 mg/5 mL (NDC 83634-653-05)",Injection,['LIDOCAINE HYDROCHLORIDE'],['HUMAN PRESCRIPTION DRUG'],"['EPIDURAL', 'INFILTRATION', 'INTRACAUDAL', 'PERINEURAL']",['LIDOCAINE HYDROCHLORIDE']
0409-3181-01,"Epinephrine Bitartrate, Lidocaine Hydrochloride Injection","Lidocaine Hydrochloride And Epinephrine, Injection, 450 mg/30 mL (1.5%; 1:200,000) (NDC 0409-3181-01)",Injection,['LIDOCAINE HYDROCHLORIDE AND EPINEPHRINE'],['HUMAN PRESCRIPTION DRUG'],"['EPIDURAL', 'INFILTRATION', 'INTRACAUDAL', 'PERINEURAL']","['LIDOCAINE HYDROCHLORIDE', 'EPINEPHRINE']"
49884-563-11,"Lamotrigine Tablet, Extended Release","Lamotrigine, Tablet, Extended Release, 100 mg (NDC 49884-563-11)",Tablet,,,,
0009-3051-02,Clindamycin Phosphate Injection,"Cleocin Phosphate, Injection, 300 mg/2 mL (150 mg/mL); 2 mL Vial NovaPlus (NDC 0009-3051-02)",Injection,['CLEOCIN PHOSPHATE'],['HUMAN PRESCRIPTION DRUG'],"['INTRAMUSCULAR', 'INTRAVENOUS']",['CLINDAMYCIN PHOSPHATE']
0009-0017-58,Triazolam Tablet,"Halcion, Tablet, .25 mg (NDC 0009-0017-58)",Tablet,,,,
63323-580-20,Atropine Sulfate Injection,"Atropine Sulfate, Injection, .4 mg/1 mL (NDC 63323-580-20)",Injection,['ATROPINE SULFATE'],['HUMAN PRESCRIPTION DRUG'],"['ENDOTRACHEAL', 'INTRAMEDULLARY', 'INTRAMUSCULAR', 'INTRAVENOUS', 'SUBCUTANEOUS']",['ATROPINE SULFATE']
0264-9594-10,Lidocaine Hydrochloride Injection,"Lidocaine Hydrochloride And Dextrose, Injection, 5 g/100 mL; .4 g/100 mL (NDC 0264-9594-10)",Injection,['LIDOCAINE HYDROCHLORIDE AND DEXTROSE'],['HUMAN PRESCRIPTION DRUG'],['INTRAVENOUS'],"['LIDOCAINE HYDROCHLORIDE ANHYDROUS', 'DEXTROSE MONOHYDRATE']"
0143-9507-10,Etomidate Injection,"Etomidate, Injection, 2 mg/1 mL (NDC 0143-9507-10)",Injection,['ETOMIDATE'],['HUMAN PRESCRIPTION DRUG'],['INTRAVENOUS'],['ETOMIDATE']
55150-164-02,Lidocaine Hydrochloride Injection,"Lidocaine Hydrochloride, Injection, 20 mg/mL (NDC 55150-164-02)",Injection,['LIDOCAINE HYDROCHLORIDE'],['HUMAN PRESCRIPTION DRUG'],"['EPIDURAL', 'INFILTRATION', 'INTRACAUDAL', 'PERINEURAL']",['LIDOCAINE HYDROCHLORIDE']
57664-607-88,"Methylphenidate Hydrochloride Tablet, Extended Release","Methylphenidate Hydrochloride, Tablet, Extended Release, 27 mg (NDC 57664-607-88)",Tablet,,,,
0409-2510-01,Bupivacaine Hydrochloride Injection,"Marcaine, Injection, 25 mg/10 mL (2.5 mg/mL) (NDC 0409-2510-01)",Injection,['MARCAINE'],['HUMAN PRESCRIPTION DRUG'],"['EPIDURAL', 'INFILTRATION', 'INTRACAUDAL', 'PERINEURAL']",['BUPIVACAINE HYDROCHLORIDE']
0574-0521-74,Activated Charcoal Oral Suspension,"Actidose Aqua, Oral Suspension, 208 mg/1 mL (NDC 0574-0521-74)",Oral Suspension,['ACTIDOSE AQUA'],['HUMAN OTC DRUG'],['ORAL'],['ACTIVATED CHARCOAL']
0555-0973-02,"Amphetamine Aspartate Monohydrate, Amphetamine Sulfate, Dextroamphetamine Saccharate, Dextroamphetamine Sulfate Tablet","Amphetamine Aspartate Monohydrate, Amphetamine Sulfate, Dextroamphetamine Saccharate, Dextroamphetamine Sulfate, Tablet, 5 mg; 5 mg; 5 mg; 5 mg (NDC 0555-0973-02)",Tablet,"['DEXTROAMPHETAMINE SACCHARATE, AMPHETAMINE ASPARTATE, DEXTROAMPHETAMINE SULFATE AND AMPHETAMINE SULFATE']",['HUMAN PRESCRIPTION DRUG'],['ORAL'],"['DEXTROAMPHETAMINE SACCHARATE', 'AMPHETAMINE ASPARTATE MONOHYDRATE', 'DEXTROAMPHETAMINE SULFATE', 'AMPHETAMINE SULFATE']"
0781-8017-31,"Fluvastatin Sodium Tablet, Extended Release","Fluvastatin Sodium, Tablet, Extended Release, 80 mg (NDC 0781-8017-31)",Tablet,['FLUVASTATIN SODIUM ER'],['HUMAN PRESCRIPTION DRUG'],['ORAL'],['FLUVASTATIN SODIUM']
73293-0001-2,Lidocaine Hydrochloride Injection,"Lidocaine Hydrochloride, Injection, 10 mg/1 mL (NDC 73293-0001-2)",Injection,['LIDOCAINE HYDROCHLORIDE'],['HUMAN PRESCRIPTION DRUG'],['INTRAVENOUS'],['LIDOCAINE HYDROCHLORIDE']
55150-304-25,Dexamethasone Sodium Phosphate Injection,"Dexamethasone Sodium Phosphate, Injection, 10 mg/1 mL (NDC 55150-304-25)",Injection,['DEXAMETHASONE SODIUM PHOSPHATE'],['HUMAN PRESCRIPTION DRUG'],"['INTRAMUSCULAR', 'INTRAVENOUS']",['DEXAMETHASONE SODIUM PHOSPHATE']
0409-1755-50,"Bupivacaine Hydrochloride, Epinephrine Bitartrate Injection","Marcaine With Epinephrine, Injection, Marcaine with Epinephrine 1:200,000 as the bitartrate 250 mg/50 mL (5 mg/mL 1:200,000) (NDC 0409-1755-50)",Injection,['MARCAINE WITH EPINEPHRINE'],['HUMAN PRESCRIPTION DRUG'],['PERINEURAL'],"['BUPIVACAINE HYDROCHLORIDE', 'EPINEPHRINE BITARTRATE']"
0074-7098-06,Pilocarpine Hydrochloride Ophthalmic Solution,"Vuity, Ophthalmic Solution, 12.5 mg/1 mL (NDC 0074-7098-06)",Ophthalmic Solution,['VUITY'],['HUMAN PRESCRIPTION DRUG'],['OPHTHALMIC'],['PILOCARPINE HYDROCHLORIDE']
0409-4276-02,Lidocaine Hydrochloride Injection,"Lidocaine Hydrochloride In Plastic Container, Injection, 500 mg/50 mL (1%; 10 mg/mL) (NDC 0409-4276-02)",Injection,['LIDOCAINE HYDROCHLORIDE'],['HUMAN PRESCRIPTION DRUG'],"['INFILTRATION', 'PERINEURAL']",['LIDOCAINE HYDROCHLORIDE']
16729-501-43,Furosemide Injection,"Furosemide, Injection, 10 mg/1 mL (NDC 16729-501-43)",Injection,['FUROSEMIDE'],['HUMAN PRESCRIPTION DRUG'],"['INTRAMUSCULAR', 'INTRAVENOUS']",['FUROSEMIDE']
55150-313-01,Methylprednisolone Acetate Injection,"Methylprednisolone Acetate, Injection, 40 mg/1 mL (NDC 55150-313-01)",Injection,['METHYLPREDNISOLONE ACETATE'],['HUMAN PRESCRIPTION DRUG'],"['INTRA-ARTICULAR', 'INTRALESIONAL', 'INTRAMUSCULAR', 'SOFT TISSUE']",['METHYLPREDNISOLONE ACETATE']
54288-164-01,Carboplatin Injection,"Carboplatin, Injection, 50mg/5mL (NDC 54288-164-01)",Injection,['CARBOPLATIN'],['HUMAN PRESCRIPTION DRUG'],['INTRAVENOUS'],['CARBOPLATIN']
55150-255-20,Lidocaine Hydrochloride Injection,"Lidocaine Hydrochloride, Injection, 20 mg/mL (NDC 55150-255-20)",Injection,['LIDOCAINE HYDROCHLORIDE'],['HUMAN PRESCRIPTION DRUG'],"['INFILTRATION', 'PERINEURAL']",['LIDOCAINE HYDROCHLORIDE']
60505-4740-1,Lisdexamfetamine Dimesylate Capsule,"Lisdexamfetamine Dimesylate, Capsule, 20 mg (NDC 60505-4740-1)",Capsule,,,,
55150-324-25,Furosemide Injection,"Furosemide, Injection, 100 mg/10 mL (NDC 55150-324-25)",Injection,['FUROSEMIDE'],['HUMAN PRESCRIPTION DRUG'],"['INTRAMUSCULAR', 'INTRAVENOUS']",['FUROSEMIDE']
65162-026-09,Lisdexamfetamine Dimesylate Capsule,"Lisdexamfetamine Dimesylate, Capsule, 50 mg (NDC 65162-026-09)",Capsule,['LISDEXAMFETAMINE DIMESYLATE'],['HUMAN PRESCRIPTION DRUG'],['ORAL'],['LISDEXAMFETAMINE DIMESYLATE']
0641-6146-25,Dexamethasone Sodium Phosphate Injection,"Dexamethasone Sodium Phosphate, Injection, 4 mg/1 mL (NDC 0641-6146-25)",Injection,['DEXAMETHASONE SODIUM PHOSPHATE'],['HUMAN PRESCRIPTION DRUG'],"['INTRA-ARTICULAR', 'INTRALESIONAL', 'INTRAMUSCULAR', 'INTRAVENOUS', 'SOFT TISSUE']",['DEXAMETHASONE SODIUM PHOSPHATE']
0264-1933-10,Amino Acid Injection,"TrophAmine 10%, Injection, 0.1 (NDC 0264-1933-10)",Injection,['TROPHAMINE'],['HUMAN PRESCRIPTION DRUG'],['INTRAVENOUS'],"['ISOLEUCINE', 'LEUCINE', 'LYSINE ACETATE', 'METHIONINE', 'PHENYLALANINE', 'THREONINE', 'TRYPTOPHAN', 'VALINE', 'CYSTEINE HYDROCHLORIDE', 'HISTIDINE', 'TYROSINE', 'ACETYL L-TYROSINE', 'ALANINE', 'ARGININE', 'PROLINE', 'SERINE', 'GLYCINE', 'ASPARTIC ACID', 'GLUTAMIC ACID', 'TAURINE']"
65862-162-90,Quinapril/Hydrochlorothiazide Tablet,"Quinapril Hydrochloride And Hydrochlorothiazide, Tablet, 12.5 mg; 20 mg (NDC 65862-162-90)",Tablet,['QUINAPRIL HYDROCHLORIDE/HYDROCHLOROTHIAZIDE'],['HUMAN PRESCRIPTION DRUG'],['ORAL'],"['QUINAPRIL HYDROCHLORIDE', 'HYDROCHLOROTHIAZIDE']"
0406-5112-01,Lisdexamfetamine Dimesylate Capsule,"Lisdexamfetamine Dimesylate, Capsule, 20 mg (NDC 0406-5112-01)",Capsule,,,,
0591-0347-05,Hydrochlorothiazide Capsule,"Microzide, Capsule, 12.5 mg (NDC 0591-0347-05)",Capsule,,,,
59417-105-10,Lisdexamfetamine Dimesylate Capsule,"Vyvanse, Capsule, 50 mg (NDC 59417-105-10)",Capsule,['VYVANSE'],['HUMAN PRESCRIPTION DRUG'],['ORAL'],['LISDEXAMFETAMINE DIMESYLATE']
66794-162-02,Morphine Sulfate Injection,"Mitigo, Injection, 500 mg/20 mL (NDC 66794-162-02)",Injection,['MITIGO'],['HUMAN PRESCRIPTION DRUG'],"['EPIDURAL', 'INTRATHECAL']",['MORPHINE SULFATE']
63323-201-02,Lidocaine Hydrochloride Injection,"Lidocaine Hydrochloride In Plastic Container, Injection, 10 mg/1 mL (NDC 63323-201-02)",Injection,['LIDOCAINE'],['HUMAN PRESCRIPTION DRUG'],"['INFILTRATION', 'PERINEURAL']",['LIDOCAINE HYDROCHLORIDE']
0527-4663-37,Lisdexamfetamine Dimesylate Capsule,"Lisdexamfetamine Dimesylate, Capsule, 30 mg (NDC 0527-4663-37)",Capsule,,,,
63323-852-25,Hydromorphone Hydrochloride Injection,"Hydromorphone Hydrochloride, Injection, 1 mg/1 mL (NDC 63323-852-25)",Injection,['HYDROMORPHONE HYDROCHLORIDE'],['HUMAN PRESCRIPTION DRUG'],"['INTRAMUSCULAR', 'INTRAVENOUS', 'SUBCUTANEOUS']",['HYDROMORPHONE HYDROCHLORIDE']
49702-260-55,Maraviroc Solution,"Selzentry, Solution, 20 mg/mL Oral Solution Kit | 230 mL Oral Solution per Bottle | 1 Bottle per Carton  (NDC 49702-260-55)",Solution,['SELZENTRY'],['HUMAN PRESCRIPTION DRUG'],,
0409-1174-10,Dexmedetomidine Hydrochloride Injection,"Precedex, Injection, 400 mcg/100 mL (4 mcg/mL) (NDC 0409-1174-10)",Injection,['PRECEDEX'],['HUMAN PRESCRIPTION DRUG'],['INTRAVENOUS'],['DEXMEDETOMIDINE HYDROCHLORIDE']
0409-5093-11,Ceftazidime Injection,"Tazicef, Injection, 2 g (NDC 0409-5093-11)",Injection,['TAZICEF'],['HUMAN PRESCRIPTION DRUG'],['INTRAVENOUS'],['CEFTAZIDIME']
67457-445-60,Rifampin Injection,"Rifampin, Injection, 600 mg (NDC 67457-445-60)",Injection,['RIFAMPIN'],['HUMAN PRESCRIPTION DRUG'],['INTRAVENOUS'],['RIFAMPIN']
72205-133-91,"Lisdexamfetamine Dimesylate Tablet, Chewable","Lisdexamfetamine Dimesylate, Tablet, Chewable, 20 mg (NDC 72205-133-91)","Tablet, Chewable",['LISDEXAMFETAMINE DIMESYLATE'],['HUMAN PRESCRIPTION DRUG'],['ORAL'],['LISDEXAMFETAMINE DIMESYLATE']
0703-0018-01,Hydromorphone Hydrochloride Injection,"Hydromorphone Hydrochloride, Injection, 10 mg/1 mL (NDC 0703-0018-01)",Injection,['HYDROMORPHONE HYDROCHLORIDE'],['HUMAN PRESCRIPTION DRUG'],"['INTRAMUSCULAR', 'INTRAVENOUS', 'SUBCUTANEOUS']",['HYDROMORPHONE HYDROCHLORIDE']
0574-2415-65,"Methylphenidate Film, Extended Release","Methylphenidate, Film, Extended Release, 15 mg (NDC 0574-2415-65)","Film, Extended Release",['METHYLPHENIDATE TRANSDERMAL SYSTEM'],['HUMAN PRESCRIPTION DRUG'],['TRANSDERMAL'],['METHYLPHENIDATE']
0409-1891-01,Morphine Sulfate Injection,"Morphine Sulfate, Injection, 4 mg/1 mL Syringes (NDC 0409-1891-01)",Injection,['MORPHINE SULFATE'],['HUMAN PRESCRIPTION DRUG'],['INTRAVENOUS'],['MORPHINE SULFATE']
16729-137-00,Clonazepam Tablet,"Clonazepam, Tablet, 1 mg (NDC 16729-137-00)",Tablet,['CLONAZEPAM'],['HUMAN PRESCRIPTION DRUG'],['ORAL'],['CLONAZEPAM']
42858-166-01,Lisdexamfetamine Dimesylate Capsule,"Lisdexamfetamine Dimesylate, Capsule, 60 mg (NDC 42858-166-01)",Capsule,['LISDEXAMFETAMINE DIMESYLATE'],['HUMAN PRESCRIPTION DRUG'],['ORAL'],['LISDEXAMFETAMINE DIMESYLATE']
0641-6054-25,Meperidine Hydrochloride Injection,"Meperidine Hydrochloride, Injection, 100 mg/1 mL (NDC 0641-6054-25)",Injection,['MEPERIDINE HYDROCHLORIDE'],['HUMAN PRESCRIPTION DRUG'],"['INTRAMUSCULAR', 'INTRAVENOUS', 'SUBCUTANEOUS']",['MEPERIDINE HYDROCHLORIDE']
0641-6042-25,Ketorolac Tromethamine Injection,"Ketorolac Tromethamine, Injection, 30 mg/1 mL (NDC 0641-6042-25)",Injection,['KETOROLAC TROMETHAMINE'],['HUMAN PRESCRIPTION DRUG'],"['INTRAMUSCULAR', 'INTRAVENOUS']",['KETOROLAC TROMETHAMINE']
0009-0306-12,Methylprednisolone Acetate Injection,"Depo-medrol, Injection, 80 mg/1 mL (NDC 0009-0306-12)",Injection,['DEPO-MEDROL'],['HUMAN PRESCRIPTION DRUG'],"['INTRALESIONAL', 'INTRAMUSCULAR', 'INTRASYNOVIAL', 'SOFT TISSUE']",['METHYLPREDNISOLONE ACETATE']
65219-456-60,Dextrose Monohydrate 5% Injection,"Dextrose 5% In Plastic Container, Injection, 50 mg/1 mL (NDC 65219-456-60)",Injection,['DEXTROSE'],['HUMAN PRESCRIPTION DRUG'],['INTRAVENOUS'],['DEXTROSE MONOHYDRATE']
42571-132-52,Cromolyn Sodium Concentrate,"Cromolyn Sodium, Concentrate, 100 mg/5 mL (NDC 42571-132-52)",Concentrate,['CROMOLYN SODIUM'],['HUMAN PRESCRIPTION DRUG'],['ORAL'],['CROMOLYN SODIUM']
66794-228-41,Rocuronium Bromide Injection,"Rocuronium Bromide, Injection, 50 mg/5 mL (NDC 66794-228-41)",Injection,['ROCURONIUM'],['HUMAN PRESCRIPTION DRUG'],['INTRAVENOUS'],['ROCURONIUM BROMIDE']
70010-115-01,"Amphetamine Aspartate Monohydrate, Amphetamine Sulfate, Dextroamphetamine Saccharate, Dextroamphetamine Sulfate Tablet","Amphetamine Aspartate Monohydrate, Amphetamine Sulfate, Dextroamphetamine Saccharate, Dextroamphetamine Sulfate, Tablet, 3.75 mg; 3.75 mg; 3.75 mg; 3.75 mg (NDC 70010-115-01)",Tablet,"['DEXTROAMPHETAMINE SACCHARATE, AMPHETAMINE ASPARTATE, DEXTROAMPHETAMINE SULFATE AND AMPHETAMINE SULFATE']",['HUMAN PRESCRIPTION DRUG'],['ORAL'],"['DEXTROAMPHETAMINE SACCHARATE', 'AMPHETAMINE ASPARTATE MONOHYDRATE', 'DEXTROAMPHETAMINE SULFATE', 'AMPHETAMINE SULFATE']"
76045-105-20,Ketorolac Tromethamine Injection,"Ketorolac Tromethamine, Injection, 60 mg/2 mL (NDC 76045-105-20)",Injection,['KETOROLAC TROMETHAMINE'],['HUMAN PRESCRIPTION DRUG'],['INTRAMUSCULAR'],['KETOROLAC TROMETHAMINE']
0338-1055-48,Metronidazole Injection,"Flagyl I.v. Rtu In Plastic Container, Injection, 500 mg/100 mL (NDC 0338-1055-48)",Injection,['METRONIDAZOLE'],['HUMAN PRESCRIPTION DRUG'],['INTRAVENOUS'],['METRONIDAZOLE']
25021-233-20,Oxaliplatin Injection,"Oxaliplatin, Injection, 5 mg/1 mL (NDC 25021-233-20)",Injection,['OXALIPLATIN'],['HUMAN PRESCRIPTION DRUG'],['INTRAVENOUS'],['OXALIPLATIN']
0406-8885-01,"Amphetamine Aspartate Monohydrate, Amphetamine Sulfate, Dextroamphetamine Saccharate, Dextroamphetamine Sulfate Tablet","Amphetamine Aspartate Monohydrate, Amphetamine Sulfate, Dextroamphetamine Saccharate, Dextroamphetamine Sulfate, Tablet, 3.75 mg; 3.75 mg; 3.75 mg; 3.75 mg (NDC 0406-8885-01)",Tablet,['DEXTROAMPHETAMINE SACCHARATE AND AMPHETAMINE ASPARTATE AND DEXTROAMPHETAMINE SULFATE AND AMPHETAMINE SULFATE'],['HUMAN PRESCRIPTION DRUG'],['ORAL'],"['DEXTROAMPHETAMINE SACCHARATE', 'AMPHETAMINE ASPARTATE MONOHYDRATE', 'DEXTROAMPHETAMINE SULFATE', 'AMPHETAMINE SULFATE']"
55150-198-30,Ropivacaine Hydrochloride Injection,"Ropivacaine Hydrochloride, Injection, 5 mg/1 mL (NDC 55150-198-30)",Injection,['ROPIVACAINE HYDROCHLORIDE'],['HUMAN PRESCRIPTION DRUG'],"['EPIDURAL', 'INFILTRATION', 'PERINEURAL']",['ROPIVACAINE HYDROCHLORIDE']
68025-096-10,"Methylphenidate Hydrochloride Tablet, Extended Release","Relexxii, Tablet, Extended Release, 27 mg (NDC 68025-096-10)",Tablet,['RELEXXII'],['HUMAN PRESCRIPTION DRUG'],['ORAL'],['METHYLPHENIDATE HYDROCHLORIDE']
0409-4277-02,Lidocaine Hydrochloride Injection,"Lidocaine Hydrochloride In Plastic Container, Injection, 1,000 mg/50 mL (2%; 20 mg/mL) (NDC 0409-4277-02)",Injection,['LIDOCAINE HYDROCHLORIDE'],['HUMAN PRESCRIPTION DRUG'],"['INFILTRATION', 'PERINEURAL']",['LIDOCAINE HYDROCHLORIDE']
63323-411-10,Midazolam Hydrochloride Injection,"Midazolam Hydrochloride, Injection, 1 mg/1 mL (NDC 63323-411-10)",Injection,['MIDAZOLAM'],['HUMAN PRESCRIPTION DRUG'],"['INTRAMUSCULAR', 'INTRAVENOUS']",['MIDAZOLAM HYDROCHLORIDE']
0338-1075-02,Dobutamine Hydrochloride Injection,"Dobutamine Hydrochloride In Dextrose 5% In Plastic Container, Injection, 200 mg/100 mL (NDC 0338-1075-02)",Injection,['DOBUTAMINE HYDROCHLORIDE IN DEXTROSE'],['HUMAN PRESCRIPTION DRUG'],['INTRAVENOUS'],['DOBUTAMINE HYDROCHLORIDE']
63323-421-02,Dexmedetomidine Hydrochloride Injection,"Dexmedetomidine Hydrochloride, Injection, 100 ug/1 mL (NDC 63323-421-02)",Injection,['DEXMEDETOMIDINE HYDROCHLORIDE'],['HUMAN PRESCRIPTION DRUG'],['INTRAVENOUS'],['DEXMEDETOMIDINE HYDROCHLORIDE']
63323-286-00,Ropivacaine Hydrochloride Injection,"Naropin, Injection, 5 mg/1 mL (NDC 63323-286-00)",Injection,['NAROPIN'],['HUMAN PRESCRIPTION DRUG'],"['EPIDURAL', 'INFILTRATION', 'PERINEURAL']",['ROPIVACAINE HYDROCHLORIDE']
63323-455-01,Morphine Sulfate Injection,"Morphine Sulfate, Injection, 5 mg/1 mL (NDC 63323-455-01)",Injection,['MORPHINE SULFATE'],['HUMAN PRESCRIPTION DRUG'],"['INTRAMUSCULAR', 'INTRAVENOUS']",['MORPHINE SULFATE']
0409-4275-01,Lidocaine Hydrochloride Injection,"Lidocaine Hydrochloride In Plastic Container, Injection, 250 mg/50 mL (0.5%; 5 mg/mL) (NDC 0409-4275-01)",Injection,['LIDOCAINE HYDROCHLORIDE'],['HUMAN PRESCRIPTION DRUG'],"['INFILTRATION', 'PERINEURAL']",['LIDOCAINE HYDROCHLORIDE']
13668-353-01,Nebivolol Hydrochloride Tablet,"Nebivolol Hydrochloride, Tablet, 2.5 mg (NDC 13668-353-01)",Tablet,,,,
60793-700-10,Penicillin G Benzathine Injection,"Bicillin L-A, Injection, 600000 [iU]/1 mL (NDC 60793-700-10)",Injection,['BICILLIN L-A'],['HUMAN PRESCRIPTION DRUG'],['INTRAMUSCULAR'],['PENICILLIN G BENZATHINE']
0264-7510-10,Dextrose Monohydrate 5% Injection,"Dextrose Monohydrate 5%, Injection, 5 g/100 mL (NDC 0264-7510-10)",Injection,['DEXTROSE'],['HUMAN PRESCRIPTION DRUG'],['INTRAVENOUS'],"['DEXTROSE, UNSPECIFIED FORM']"
71357-009-10,Sodium Acetate Injection,"Sodium Acetate, Injection, 400 mEq/100mL (4 mEq/mL) (NDC 71357-009-10)",Injection,['SODIUM ACETATE'],['HUMAN PRESCRIPTION DRUG'],['INTRAVENOUS'],['SODIUM ACETATE']
0409-1890-23,Morphine Sulfate Injection,"Morphine Sulfate, Injection, 2 mg/1 mL (NDC 0409-1890-23)",Injection,['MORPHINE SULFATE'],['HUMAN PRESCRIPTION DRUG'],['INTRAVENOUS'],['MORPHINE SULFATE']
64850-502-01,"Amphetamine Aspartate Monohydrate, Amphetamine Sulfate, Dextroamphetamine Saccharate, Dextroamphetamine Sulfate Tablet","Amphetamine Aspartate Monohydrate, Amphetamine Sulfate, Dextroamphetamine Saccharate, Dextroamphetamine Sulfate, Tablet, 2.5 mg; 2.5 mg; 2.5 mg; 2.5 mg (NDC 64850-502-01)",Tablet,"['DEXTROAMPHETAMINE SACCHARATE, AMPHETAMINE ASPARTATE, DEXTROAMPHETAMINE SULFATE AND AMPHETAMINE SULFATE']",['HUMAN PRESCRIPTION DRUG'],['ORAL'],"['DEXTROAMPHETAMINE SACCHARATE', 'AMPHETAMINE ASPARTATE MONOHYDRATE', 'DEXTROAMPHETAMINE SULFATE', 'AMPHETAMINE SULFATE']"
13668-356-30,Nebivolol Hydrochloride Tablet,"Nebivolol Hydrochloride, Tablet, 20 mg (NDC 13668-356-30)",Tablet,,,,
0338-1007-02,Dopamine Hydrochloride Injection,"Dopamine Hydrochloride In Dextrose 5% In Plastic Container, Injection, 160 mg/100 mL (NDC 0338-1007-02)",Injection,['DOPAMINE HYDROCHLORIDE AND DEXTROSE'],['HUMAN PRESCRIPTION DRUG'],['INTRAVENOUS'],['DOPAMINE HYDROCHLORIDE']
0990-7120-07,Dextrose Monohydrate 70% Injection,"DEXTROSE 70% IN PLASTIC CONTAINER, Injection, 70 g/100 mL (NDC 0990-7120-07)",Injection,['DEXTROSE'],['HUMAN PRESCRIPTION DRUG'],['INTRAVENOUS'],['DEXTROSE MONOHYDRATE']
0703-4636-01,"Streptozocin Powder, For Solution","Zanosar, Powder, For Solution, 100 mg/1 mL (NDC 0703-4636-01)","Powder, For Solution",,,,
0004-0801-85,Oseltamivir Phosphate Capsule,"Tamiflu, Capsule, 45 mg (NDC 0004-0801-85)",Capsule,,,,
43547-607-10,Lisdexamfetamine Dimesylate Capsule,"Lisdexamfetamine Dimesylate, Capsule, 60 mg (NDC 43547-607-10)",Capsule,['LISDEXAMFETAMINE DIMESYLATE'],['HUMAN PRESCRIPTION DRUG'],['ORAL'],['LISDEXAMFETAMINE DIMESYLATE']
0074-9036-30,Paricalcitol Capsule,"Zemplar, Capsule, 1 ug (NDC 0074-9036-30)",Capsule,['ZEMPLAR'],['HUMAN PRESCRIPTION DRUG'],['ORAL'],['PARICALCITOL']
0603-5166-32,Phenobarbital Tablet,"Phenobarbital, Tablet, 32.4 mg (NDC 0603-5166-32)",Tablet,['PHENOBARBITAL'],['HUMAN PRESCRIPTION DRUG'],['ORAL'],['PHENOBARBITAL']
58468-0123-1,Doxercalciferol Injection,"Hectorol, Injection, 4 mcg/2 mL injection 50 single-dose vials (NDC 58468-0123-1)",Injection,,,,
65219-570-04,Bumetanide Injection,"Bumetanide, Injection, .25 mg/1 mL (NDC 65219-570-04)",Injection,['BUMETANIDE'],['HUMAN PRESCRIPTION DRUG'],"['INTRAMUSCULAR', 'INTRAVENOUS']",['BUMETANIDE']
49230-206-94,Peritoneal Dialysis Solution,"DELFLEX® w/Dextrose, Solution, 1.5% Low Mg/Low Ca 2.5L/3L, 5/cs (NDC 49230-206-94)",Solution,['DELFLEX'],['HUMAN PRESCRIPTION DRUG'],['INTRAPERITONEAL'],"['DEXTROSE MONOHYDRATE', 'SODIUM CHLORIDE', 'SODIUM LACTATE', 'CALCIUM CHLORIDE', 'MAGNESIUM CHLORIDE']"
64850-555-01,Lisdexamfetamine Dimesylate Capsule,"Lisdexamfetamine Dimesylate, Capsule, 60 mg (NDC 64850-555-01)",Capsule,['LISDEXAMFETAMINE DIMESYLATE'],['HUMAN PRESCRIPTION DRUG'],['ORAL'],['LISDEXAMFETAMINE DIMESYLATE']
65219-284-12,Plerixafor Injection,"Plerixafor, Injection, 24 mg per 1.2 mL (20 mg per mL) (NDC 65219-284-12)",Injection,['PLERIXAFOR'],['HUMAN PRESCRIPTION DRUG'],['SUBCUTANEOUS'],['PLERIXAFOR']
0591-4575-60,"Doxycycline Hyclate Tablet, Delayed Release","Doxycycline Hyclate, Tablet, Delayed Release, 200 mg (NDC 0591-4575-60)",Tablet,['DOXYCYCLINE HYCLATE'],['HUMAN PRESCRIPTION DRUG'],['ORAL'],['DOXYCYCLINE HYCLATE']
0409-1209-01,"Epinephrine Bitartrate, Lidocaine Hydrochloride Injection","Lidocaine Hydrochloride And Epinephrine, Injection, 75 mg/5 mL (1.5%; 1:200,000) (NDC 0409-1209-01)",Injection,['LIDOCAINE HYDROCHLORIDE AND EPINEPHRINE'],['HUMAN PRESCRIPTION DRUG'],['EPIDURAL'],"['LIDOCAINE HYDROCHLORIDE', 'EPINEPHRINE']"
63323-466-37,Bupivacaine Hydrochloride Injection,"Sensorcaine, Injection, 5 mg/1 mL (NDC 63323-466-37)",Injection,['SENSORCAINE MPF'],['HUMAN PRESCRIPTION DRUG'],"['EPIDURAL', 'INTRACAUDAL', 'PERINEURAL', 'INFILTRATION']",['BUPIVACAINE HYDROCHLORIDE']
0074-7098-01,Pilocarpine Hydrochloride Ophthalmic Solution,"Vuity, Ophthalmic Solution, 12.5 mg/1 mL (NDC 0074-7098-01)",Ophthalmic Solution,['VUITY'],['HUMAN PRESCRIPTION DRUG'],['OPHTHALMIC'],['PILOCARPINE HYDROCHLORIDE']
61703-124-40,Methotrexate Sodium Injection,"Methotrexate Sodium, Injection, 1 g/40 mL (25 mg/mL) (NDC 61703-124-40)",Injection,['METHOTREXATE'],['HUMAN PRESCRIPTION DRUG'],"['INTRAMUSCULAR', 'INTRATHECAL', 'INTRAVENOUS', 'SUBCUTANEOUS']",['METHOTREXATE SODIUM']
0517-1001-25,Atropine Sulfate Injection,"Atropine Sulfate, Injection, 1 mg/1 mL (NDC 0517-1001-25)",Injection,['ATROPINE SULFATE'],['HUMAN PRESCRIPTION DRUG'],['INTRAVENOUS'],['ATROPINE SULFATE']
43547-411-09,Quinapril Hydrochloride Tablet,"Quinapril Hydrochloride, Tablet, 10 mg (NDC 43547-411-09)",Tablet,['QUINAPRIL'],['HUMAN PRESCRIPTION DRUG'],['ORAL'],['QUINAPRIL HYDROCHLORIDE']
0143-9506-10,Etomidate Injection,"Etomidate, Injection, 2 mg/1 mL (NDC 0143-9506-10)",Injection,['ETOMIDATE'],['HUMAN PRESCRIPTION DRUG'],['INTRAVENOUS'],['ETOMIDATE']
65862-618-90,Quinapril Hydrochloride Tablet,"Quinapril Hydrochloride, Tablet, 10 mg (NDC 65862-618-90)",Tablet,['QUINAPRIL'],['HUMAN PRESCRIPTION DRUG'],['ORAL'],['QUINAPRIL HYDROCHLORIDE']
62037-734-01,"Methylphenidate Hydrochloride Tablet, Extended Release","Methylphenidate Hydrochloride, Tablet, Extended Release, 27 mg (NDC 62037-734-01)",Tablet,['METHYLPHENIDATE HYDROCHLORIDE'],['HUMAN PRESCRIPTION DRUG'],['ORAL'],['METHYLPHENIDATE HYDROCHLORIDE']
0069-4380-71,Prazosin Hydrochloride Capsule,"Minipress, Capsule, 5 mg (NDC 0069-4380-71)",Capsule,,,,
49884-119-91,Everolimus Tablet,"Everolimus, Tablet, 2.5 mg (NDC 49884-119-91)",Tablet,,,,
0781-8017-01,"Fluvastatin Sodium Tablet, Extended Release","Fluvastatin Sodium, Tablet, Extended Release, 80 mg (NDC 0781-8017-01)",Tablet,['FLUVASTATIN SODIUM ER'],['HUMAN PRESCRIPTION DRUG'],['ORAL'],['FLUVASTATIN SODIUM']
0941-0426-53,"Calcium Chloride; Dextrose; Magnesium Chloride; Sodium Chloride; Sodium Lactate Intraperitoneal Injection, Solution","DIANEAL PD-2 with Dextrose, Intraperitoneal Injection, Solution, 25.7 mg/100 mL; 1.5 g/100 mL; 5.08 mg/100 mL; 538 mg/100 mL; 448 mg/100 mL (NDC 0941-0426-53)",Solution,['DIANEAL PD-2 WITH DEXTROSE'],['HUMAN PRESCRIPTION DRUG'],['INTRAPERITONEAL'],"['DEXTROSE MONOHYDRATE', 'SODIUM CHLORIDE', 'SODIUM LACTATE', 'CALCIUM CHLORIDE', 'MAGNESIUM CHLORIDE']"
68180-659-06,Rifampin Capsule,"Rifampin, Capsule, 300 mg (NDC 68180-659-06)",Capsule,['RIFAMPIN'],['HUMAN PRESCRIPTION DRUG'],['ORAL'],['RIFAMPIN']
45963-676-96,"Metoprolol Succinate Tablet, Extended Release","Metoprolol Succinate, Tablet, Extended Release, 50 mg (NDC 45963-676-96)",Tablet,['METOPROLOL SUCCINATE'],['HUMAN PRESCRIPTION DRUG'],['ORAL'],['METOPROLOL SUCCINATE']
55150-225-05,Rocuronium Bromide Injection,"Rocuronium Bromide, Injection, 50 mg/5 mL (NDC 55150-225-05)",Injection,['ROCURONIUM BROMIDE'],['HUMAN PRESCRIPTION DRUG'],['INTRAVENOUS'],['ROCURONIUM BROMIDE']
62135-669-90,Quinapril/Hydrochlorothiazide Tablet,"Quinapril/Hydrochlorothiazide, Tablet, 25 mg; 20 mg (NDC 62135-669-90)",Tablet,['QUINAPRIL AND HYDROCHLOROTHIAZIDE'],['HUMAN PRESCRIPTION DRUG'],['ORAL'],"['QUINAPRIL HYDROCHLORIDE', 'HYDROCHLOROTHIAZIDE']"
16729-500-08,Furosemide Injection,"Furosemide, Injection, 10 mg/1 mL (NDC 16729-500-08)",Injection,['FUROSEMIDE'],['HUMAN PRESCRIPTION DRUG'],"['INTRAMUSCULAR', 'INTRAVENOUS']",['FUROSEMIDE']
25021-115-02,Clindamycin Phosphate Injection,"Clindamycin Phosphate, Injection, 150 mg/1 mL (NDC 25021-115-02)",Injection,['CLINDAMYCIN'],['HUMAN PRESCRIPTION DRUG'],"['INTRAMUSCULAR', 'INTRAVENOUS']",['CLINDAMYCIN PHOSPHATE']
25021-671-87,Ropivacaine Hydrochloride Injection,"Ropivacaine Hydrochloride, Injection, 2 mg/1 mL (NDC 25021-671-87)",Injection,['ROPIVACAINE HYDROCHLORIDE'],['HUMAN PRESCRIPTION DRUG'],"['EPIDURAL', 'INFILTRATION']",['ROPIVACAINE HYDROCHLORIDE']
0641-6057-25,Midazolam Hydrochloride Injection,"Midazolam Hydrochloride, Injection, 1 mg/1 mL (NDC 0641-6057-25)",Injection,['MIDAZOLAM'],['HUMAN PRESCRIPTION DRUG'],"['INTRAMUSCULAR', 'INTRAVENOUS']",['MIDAZOLAM HYDROCHLORIDE']
63323-286-35,Ropivacaine Hydrochloride Injection,"Naropin, Injection, 5 mg/1 mL (NDC 63323-286-35)",Injection,['NAROPIN'],['HUMAN PRESCRIPTION DRUG'],"['EPIDURAL', 'INFILTRATION', 'PERINEURAL']",['ROPIVACAINE HYDROCHLORIDE']
0409-9094-61,Fentanyl Citrate Injection,"Fentanyl Citrate, Injection, 2500 mcg/50 mL (50 ug/1 mL) (NDC 0409-9094-61)",Injection,['FENTANYL CITRATE'],['HUMAN PRESCRIPTION DRUG'],"['INTRAMUSCULAR', 'INTRAVENOUS']",['FENTANYL CITRATE']
55150-323-25,Furosemide Injection,"Furosemide, Injection, 40 mg/4 mL (NDC 55150-323-25)",Injection,['FUROSEMIDE'],['HUMAN PRESCRIPTION DRUG'],"['INTRAMUSCULAR', 'INTRAVENOUS']",['FUROSEMIDE']
43547-408-50,Clonazepam Tablet,"Clonazepam, Tablet, 2 mg (NDC 43547-408-50)",Tablet,['CLONAZEPAM'],['HUMAN PRESCRIPTION DRUG'],['ORAL'],['CLONAZEPAM']
0409-4887-50,Sterile Water Injection,"Sterile Water, Injection, 1 mL/1 mL (NDC 0409-4887-50)",Injection,['STERILE WATER'],['HUMAN PRESCRIPTION DRUG'],"['INTRAMUSCULAR', 'INTRAVENOUS', 'SUBCUTANEOUS']",['WATER']
13668-355-01,Nebivolol Hydrochloride Tablet,"Nebivolol Hydrochloride, Tablet, 10 mg (NDC 13668-355-01)",Tablet,,,,
63323-032-00,Sodium Acetate Injection,"Sodium Acetate, Injection, 4 meq/100 mL (NDC 63323-032-00)",Injection,['SODIUM ACETATE'],['HUMAN PRESCRIPTION DRUG'],['INTRAVENOUS'],['SODIUM ACETATE']
25357-025-03,Riboflavin 5-phosphate  Ophthalmic Solution,"Photrexa Cross-linking Kit, Ophthalmic Solution, Kit (NDC 25357-025-03)",Ophthalmic Solution,['PHOTREXA CROSS-LINKING KIT'],['HUMAN PRESCRIPTION DRUG'],,
0591-0347-01,Hydrochlorothiazide Capsule,"Microzide, Capsule, 12.5 mg (NDC 0591-0347-01)",Capsule,,,,
0053-6871-00,Desmopressin Acetate Spray,"Stimate, Spray, 1.5 mg/1 mL (NDC 0053-6871-00)",Spray,,,,
0338-0004-03,Sterile Water Irrigant,"Sterile Water, Irrigant, 100 mL/100 mL (NDC 0338-0004-03)",Irrigant,['STERILE WATER'],['HUMAN PRESCRIPTION DRUG'],['IRRIGATION'],['WATER']
0409-4911-34,Atropine Sulfate Injection,"Atropine Sulfate, Injection, (Adult)1 mg/10 mL (0.1 mg/mL) LifeShield® ABBOJECT® Glass Syringe (20 G x 1 1/2)  (NDC 0409-4911-34)""",Injection,,,,
17478-050-01,Sufentanil Citrate Injection,"Sufentanil Citrate, Injection, 50 mcg/1 mL (NDC 17478-050-01)",Injection,,,,
0781-3443-95,Fondaparinux Sodium Injection,"Fondaparinux Sodium, Injection, 2.5 mg/.5 mL (NDC 0781-3443-95)",Injection,['FONDAPARINUX SODIUM'],['HUMAN PRESCRIPTION DRUG'],['SUBCUTANEOUS'],['FONDAPARINUX SODIUM']
0703-0113-03,Hydromorphone Hydrochloride Injection,"Hydromorphone Hydrochloride, Injection, 10 mg/1 mL (NDC 0703-0113-03)",Injection,['HYDROMORPHONE HYDROCHLORIDE'],['HUMAN PRESCRIPTION DRUG'],"['INTRAMUSCULAR', 'INTRAVENOUS', 'SUBCUTANEOUS']",['HYDROMORPHONE HYDROCHLORIDE']
63323-165-01,Dexamethasone Sodium Phosphate Injection,"Dexamethasone Sodium Phosphate, Injection, 4 mg/1 mL (NDC 63323-165-01)",Injection,['DEXAMETHASONE SODIUM PHOSPHATE'],['HUMAN PRESCRIPTION DRUG'],"['INTRAMUSCULAR', 'INTRAVENOUS']",['DEXAMETHASONE SODIUM PHOSPHATE']
80789-117-50,Vigabatrin Oral Solution,"Vigpoder, Oral Solution, 50 mg/1 mL (NDC 80789-117-50)",Oral Solution,,,,
0781-2234-10,Omeprazole Delayed Release Capsule,"Omeprazole, Delayed Release Capsule, 40 mg (NDC 0781-2234-10)",,['OMEPRAZOLE'],['HUMAN PRESCRIPTION DRUG'],['ORAL'],['OMEPRAZOLE']
0093-8076-56,Tiagabine Hydrochloride Tablet,"Tiagabine Hydrochloride, Tablet, 16mg 30 count (NDC 0093-8076-56)",Tablet,['TIAGABINE HYDROCHLORIDE'],['HUMAN PRESCRIPTION DRUG'],['ORAL'],['TIAGABINE HYDROCHLORIDE']
70069-064-25,Ropivacaine Hydrochloride Injection,"Ropivacaine Hydrochloride, Injection, 5 mg/1 mL (NDC 70069-064-25)",Injection,['ROPIVACAINE HYDROCHLORIDE'],['HUMAN PRESCRIPTION DRUG'],"['EPIDURAL', 'INFILTRATION', 'PERINEURAL']",['ROPIVACAINE HYDROCHLORIDE']
0641-6041-25,Ketorolac Tromethamine Injection,"Ketorolac Tromethamine, Injection, 15 mg/1 mL (NDC 0641-6041-25)",Injection,['KETOROLAC TROMETHAMINE'],['HUMAN PRESCRIPTION DRUG'],"['INTRAMUSCULAR', 'INTRAVENOUS']",['KETOROLAC TROMETHAMINE']
42023-187-10,Dexmedetomidine Hydrochloride Injection,"Dexmedetomidine Hydrochloride, Injection, 4 ug/1 mL (NDC 42023-187-10)",Injection,['DEXMEDETOMIDINE HYDROCHLORIDE'],['HUMAN PRESCRIPTION DRUG'],['INTRAVENOUS'],['DEXMEDETOMIDINE HYDROCHLORIDE']
83301-0080-2,Bumetanide Injection,"Bumetanide, Injection, 1 mg/4 mL (0.25 mg/mL) (NDC 83301-0080-2)",Injection,['BUMETANIDE'],['HUMAN PRESCRIPTION DRUG'],"['INTRAMUSCULAR', 'INTRAVENOUS']",['BUMETANIDE']
62037-720-10,"Potassium Chloride Tablet, Extended Release","Potassium Chloride, Tablet, Extended Release, 20 meq (NDC 62037-720-10)",Tablet,['POTASSIUM CHLORIDE'],['HUMAN PRESCRIPTION DRUG'],['ORAL'],['POTASSIUM CHLORIDE']
55150-167-10,Bupivacaine Hydrochloride Injection,"Bupivacaine Hydrochloride, Injection, 2.5 mg/1 mL (NDC 55150-167-10)",Injection,['BUPIVACAINE HYDROCHLORIDE'],['HUMAN PRESCRIPTION DRUG'],"['EPIDURAL', 'INFILTRATION', 'INTRACAUDAL']",['BUPIVACAINE HYDROCHLORIDE']
65219-281-07,Gadobutrol Injection,"Gadobutrol, Injection, 604.72 mg/mL (NDC 65219-281-07)",Injection,['GADOBUTROL'],['HUMAN PRESCRIPTION DRUG'],['INTRAVENOUS'],['GADOBUTROL']
76045-104-10,Ketorolac Tromethamine Injection,"Ketorolac Tromethamine, Injection, 30 mg/1 mL (NDC 76045-104-10)",Injection,['KETOROLAC TROMETHAMINE'],['HUMAN PRESCRIPTION DRUG'],"['INTRAMUSCULAR', 'INTRAVENOUS']",['KETOROLAC TROMETHAMINE']
0409-3301-10,Dexmedetomidine Hydrochloride Injection,"Precedex, Injection, 80 mcg/20 mL (4 mcg/mL) (NDC 0409-3301-10)",Injection,['PRECEDEX'],['HUMAN PRESCRIPTION DRUG'],['INTRAVENOUS'],['DEXMEDETOMIDINE HYDROCHLORIDE']
0409-1746-30,"Bupivacaine Hydrochloride, Epinephrine Bitartrate Injection","Marcaine With Epinephrine, Injection, Marcaine with Epinephrine 1:200,000 as the bitartrate 75 mg/30 mL (2.5 mg/mL 1:200,000) (NDC 0409-1746-30)",Injection,['MARCAINE WITH EPINEPHRINE'],['HUMAN PRESCRIPTION DRUG'],"['EPIDURAL', 'INFILTRATION', 'INTRACAUDAL', 'PERINEURAL']","['BUPIVACAINE HYDROCHLORIDE', 'EPINEPHRINE BITARTRATE']"
0641-6084-25,Promethazine Hydrochloride Injection,"Phenergan, Injection, 25 mg/1 mL (NDC 0641-6084-25)",Injection,['PHENERGAN'],['HUMAN PRESCRIPTION DRUG'],"['INTRAMUSCULAR', 'INTRAVENOUS']",['PROMETHAZINE HYDROCHLORIDE']
0409-1761-10,Bupivacaine Hydrochloride Injection,"Marcaine, Injection, 0.75% 15 mg/2 mL (7.5 mg/mL) in Dextrose 8.25% (NDC 0409-1761-10)",Injection,['MARCAINE SPINAL'],['HUMAN PRESCRIPTION DRUG'],['SUBARACHNOID'],['BUPIVACAINE HYDROCHLORIDE']
55150-200-10,Ropivacaine Hydrochloride Injection,"Ropivacaine Hydrochloride, Injection, 10 mg/1 mL (NDC 55150-200-10)",Injection,['ROPIVACAINE HYDROCHLORIDE'],['HUMAN PRESCRIPTION DRUG'],['EPIDURAL'],['ROPIVACAINE HYDROCHLORIDE']
0409-4277-01,Lidocaine Hydrochloride Injection,"Lidocaine Hydrochloride In Plastic Container, Injection, 400 mg/20 mL (2%; 20 mg/mL) (NDC 0409-4277-01)",Injection,['LIDOCAINE HYDROCHLORIDE'],['HUMAN PRESCRIPTION DRUG'],"['INFILTRATION', 'PERINEURAL']",['LIDOCAINE HYDROCHLORIDE']
0338-0023-02,Dextrose Monohydrate 10% Injection,"Dextrose 10% In Plastic Container, Injection, 100 g/1000 mL (NDC 0338-0023-02)",Injection,['DEXTROSE'],['HUMAN PRESCRIPTION DRUG'],['INTRAVENOUS'],['DEXTROSE MONOHYDRATE']
0093-7352-01,Calcitriol Capsule,"Calcitriol, Capsule, .25 ug (NDC 0093-7352-01)",Capsule,['CALCITRIOL'],['HUMAN PRESCRIPTION DRUG'],['ORAL'],['CALCITRIOL']
0517-1004-25,Atropine Sulfate Injection,"Atropine Sulfate, Injection, .4 mg/1 mL (NDC 0517-1004-25)",Injection,['ATROPINE SULFATE'],['HUMAN PRESCRIPTION DRUG'],['INTRAVENOUS'],['ATROPINE SULFATE']
0591-5543-10,Allopurinol Tablet,"Allopurinol, Tablet, 100 mg (NDC 0591-5543-10)",Tablet,['ALLOPURINOL'],['HUMAN PRESCRIPTION DRUG'],['ORAL'],['ALLOPURINOL']
72516-013-01,"Amphetamine Aspartate Monohydrate, Amphetamine Sulfate, Dextroamphetamine Saccharate, Dextroamphetamine Sulfate Tablet","Amphetamine Aspartate Monohydrate, Amphetamine Sulfate, Dextroamphetamine Saccharate, Dextroamphetamine Sulfate, Tablet, 3.75 mg; 3.75 mg; 3.75 mg; 3.75 mg (NDC 72516-013-01)",Tablet,"['DEXTROAMPHETAMINE SACCHARATE, AMPHETAMINE ASPARTATE, DEXTROAMPHETAMINE SULFATE AND AMPHETAMINE SULFATE']",['HUMAN PRESCRIPTION DRUG'],['ORAL'],"['DEXTROAMPHETAMINE SACCHARATE', 'AMPHETAMINE ASPARTATE MONOHYDRATE', 'DEXTROAMPHETAMINE SULFATE', 'AMPHETAMINE SULFATE']"
63323-496-97,Lidocaine Hydrochloride Injection,"Xylocaine, Injection, 20 mg/1 mL (NDC 63323-496-97)",Injection,['XYLOCAINE MPF'],['HUMAN PRESCRIPTION DRUG'],"['EPIDURAL', 'INFILTRATION', 'INTRACAUDAL', 'PERINEURAL']",['LIDOCAINE HYDROCHLORIDE ANHYDROUS']
65219-458-30,Dextrose Monohydrate 5% Injection,"Dextrose 5% In Plastic Container, Injection, 50 mg/1 mL (NDC 65219-458-30)",Injection,['DEXTROSE'],['HUMAN PRESCRIPTION DRUG'],['INTRAVENOUS'],['DEXTROSE MONOHYDRATE']
16729-295-12,Carboplatin Injection,"Carboplatin, Injection, 10 mg/1 mL (NDC 16729-295-12)",Injection,['CARBOPLATIN'],['HUMAN PRESCRIPTION DRUG'],['INTRAVENOUS'],['CARBOPLATIN']
71288-718-11,Rocuronium Bromide Injection,"Rocuronium Bromide, Injection, 10 mg/1 mL (NDC 71288-718-11)",Injection,['ROCURONIUM BROMIDE'],['HUMAN PRESCRIPTION DRUG'],['INTRAVENOUS'],['ROCURONIUM BROMIDE']
0941-0429-53,"Calcium Chloride; Dextrose; Magnesium Chloride; Sodium Chloride; Sodium Lactate Intraperitoneal Injection, Solution","DIANEAL PD-2 with Dextrose, Intraperitoneal Injection, Solution, 25.7 mg/100 mL; 4.25 g/100 mL; 5.08 mg/100 mL; 538 mg/100 mL; 448 mg/100 mL (NDC 0941-0429-53)",Solution,['DIANEAL PD-2 WITH DEXTROSE'],['HUMAN PRESCRIPTION DRUG'],['INTRAPERITONEAL'],"['DEXTROSE MONOHYDRATE', 'SODIUM CHLORIDE', 'SODIUM LACTATE', 'CALCIUM CHLORIDE', 'MAGNESIUM CHLORIDE']"
0409-7101-67,Sodium Chloride 0.9% Injection,"Sodium Chloride 0.9%, Injection, 100 mL  ADD-Vantage® Flexible Container (NDC 0409-7101-67)",Injection,['SODIUM CHLORIDE'],['HUMAN PRESCRIPTION DRUG'],['INTRAVENOUS'],['SODIUM CHLORIDE']
64850-501-01,"Amphetamine Aspartate Monohydrate, Amphetamine Sulfate, Dextroamphetamine Saccharate, Dextroamphetamine Sulfate Tablet","Amphetamine Aspartate Monohydrate, Amphetamine Sulfate, Dextroamphetamine Saccharate, Dextroamphetamine Sulfate, Tablet, 1.875 mg; 1.875 mg; 1.875 mg; 1.875 mg (NDC 64850-501-01)",Tablet,"['DEXTROAMPHETAMINE SACCHARATE, AMPHETAMINE ASPARTATE, DEXTROAMPHETAMINE SULFATE AND AMPHETAMINE SULFATE']",['HUMAN PRESCRIPTION DRUG'],['ORAL'],"['DEXTROAMPHETAMINE SACCHARATE', 'AMPHETAMINE ASPARTATE MONOHYDRATE', 'DEXTROAMPHETAMINE SULFATE', 'AMPHETAMINE SULFATE']"
47781-180-01,"Amphetamine Aspartate Monohydrate, Amphetamine Sulfate, Dextroamphetamine Saccharate, Dextroamphetamine Sulfate Tablet","Amphetamine Aspartate Monohydrate, Amphetamine Sulfate, Dextroamphetamine Saccharate, Dextroamphetamine Sulfate, Tablet, 30mg (NDC 47781-180-01)",Tablet,,,,
0143-9935-01,"Cefotaxime Sodium Powder, for Solution","Cefotaxime Sodium, Powder, for Solution, 10 g (NDC 0143-9935-01)","Powder, For Solution",['CEFOTAXIME'],['HUMAN PRESCRIPTION DRUG'],['INTRAVENOUS'],['CEFOTAXIME SODIUM']
63323-426-10,Rocuronium Bromide Injection,"Rocuronium Bromide, Injection, 10 mg/1 mL (NDC 63323-426-10)",Injection,['ROCURONIUM'],['HUMAN PRESCRIPTION DRUG'],['INTRAVENOUS'],['ROCURONIUM BROMIDE']
54092-172-12,"Carbamazepine Capsule, Extended Release","Carbatrol, Capsule, Extended Release, 200 mg (NDC 54092-172-12)","Capsule, Extended Release",['CARBATROL'],['HUMAN PRESCRIPTION DRUG'],['ORAL'],['CARBAMAZEPINE']
0093-9433-01,Glyburide Tablet,"Diabeta, Tablet, 2.5 mg (NDC 0093-9433-01)",Tablet,['GLYBURIDE'],['HUMAN PRESCRIPTION DRUG'],['ORAL'],['GLYBURIDE']
64850-551-01,Lisdexamfetamine Dimesylate Capsule,"Lisdexamfetamine Dimesylate, Capsule, 20 mg (NDC 64850-551-01)",Capsule,['LISDEXAMFETAMINE DIMESYLATE'],['HUMAN PRESCRIPTION DRUG'],['ORAL'],['LISDEXAMFETAMINE DIMESYLATE']
0409-1100-10,Dobutamine Hydrochloride Injection,"Dobutamine Hydrochloride In Dextrose 5% In Plastic Container, Injection, 1,000 mg/250mL (4 mg/mL) (NDC 0409-1100-10)",Injection,['DOBUTAMINE IN DEXTROSE'],['HUMAN PRESCRIPTION DRUG'],['INTRAVENOUS'],['DOBUTAMINE HYDROCHLORIDE']
70069-061-10,Ropivacaine Hydrochloride Injection,"Ropivacaine Hydrochloride, Injection, 2 mg/1 mL (NDC 70069-061-10)",Injection,['ROPIVACAINE HYDROCHLORIDE'],['HUMAN PRESCRIPTION DRUG'],"['EPIDURAL', 'INFILTRATION', 'PERINEURAL']",['ROPIVACAINE HYDROCHLORIDE']
0703-4244-01,Carboplatin Injection,"Carboplatin, Injection, 10 mg/1 mL (NDC 0703-4244-01)",Injection,['CARBOPLATIN'],['HUMAN PRESCRIPTION DRUG'],['INTRAVENOUS'],['CARBOPLATIN']
0409-3977-03,Sterile Water Injection,"Bacteriostatic Water For Injection In Plastic Container, Injection, 1 mL/1 mL (NDC 0409-3977-03)",Injection,['BACTERIOSTATIC WATER'],['HUMAN PRESCRIPTION DRUG'],"['INTRAMUSCULAR', 'INTRAVENOUS', 'SUBCUTANEOUS']",['WATER']
59417-115-01,"Lisdexamfetamine Dimesylate Tablet, Chewable","Vyvanse, Tablet, Chewable, 10 mg (NDC 59417-115-01)","Tablet, Chewable",['VYVANSE'],['HUMAN PRESCRIPTION DRUG'],['ORAL'],['LISDEXAMFETAMINE DIMESYLATE']
0378-0167-02,Doxycycline Hyclate Tablet,"Doxycycline Hyclate, Tablet, 100 mg (NDC 0378-0167-02)",Tablet,,,,
0990-4178-03,Amino Acid Injection,"Aminosyn-PF 7%, Injection, 0.07 (NDC 0990-4178-03)",Injection,['AMINOSYN-PF'],['HUMAN PRESCRIPTION DRUG'],['INTRAVENOUS'],"['ISOLEUCINE', 'LEUCINE', 'LYSINE ACETATE', 'METHIONINE', 'PHENYLALANINE', 'THREONINE', 'TRYPTOPHAN', 'VALINE', 'ALANINE', 'ARGININE', 'ASPARTIC ACID', 'GLUTAMIC ACID', 'GLYCINE', 'HISTIDINE', 'PROLINE', 'SERINE', 'TAURINE', 'TYROSINE']"
0641-6261-01,Sodium Acetate Injection,"Sodium Acetate, Injection, 40 mEq/20mL (2 mEq/mL) (NDC 0641-6261-01)",Injection,['SODIUM ACETATE'],['HUMAN PRESCRIPTION DRUG'],['INTRAVENOUS'],['SODIUM ACETATE ANHYDROUS']
0338-9549-50,Clindamycin Phosphate Injection,"Clindamycin Phosphate, Injection, 300 mg/50 mL (NDC 0338-9549-50)",Injection,['CLINDAMYCIN PHOSPHATE'],['HUMAN PRESCRIPTION DRUG'],['INTRAVENOUS'],['CLINDAMYCIN PHOSPHATE']
0069-4061-01,Azithromycin Tablet,"Zithromax, Tablet, 250 mg (NDC 0069-4061-01)",Tablet,['ZITHROMAX'],['HUMAN PRESCRIPTION DRUG'],['ORAL'],['AZITHROMYCIN DIHYDRATE']
62175-311-37,"Methylphenidate Hydrochloride Tablet, Extended Release","Methylphenidate Hydrochloride, Tablet, Extended Release, 27 mg (NDC 62175-311-37)",Tablet,['METHYLPHENIDATE HYDROCHLORIDE'],['HUMAN PRESCRIPTION DRUG'],['ORAL'],['METHYLPHENIDATE HYDROCHLORIDE']
0378-0005-85,Everolimus Tablet,"Everolimus, Tablet, 2 mg (NDC 0378-0005-85)",Tablet,,,,
43547-407-10,Clonazepam Tablet,"Clonazepam, Tablet, 1 mg (NDC 43547-407-10)",Tablet,['CLONAZEPAM'],['HUMAN PRESCRIPTION DRUG'],['ORAL'],['CLONAZEPAM']
0409-5555-02,Sodium Bicarbonate Injection,"Sodium Bicarbonate, Injection, 2.5 mEq/5 mL (4.2%, 0.5 mEq/mL) (NDC 0409-5555-02)",Injection,['SODIUM BICARBONATE'],['HUMAN PRESCRIPTION DRUG'],['INTRAVENOUS'],['SODIUM BICARBONATE']
0009-4073-04,Clindamycin Phosphate Injection,"Cleocin Phosphate, Injection, 600 mg/4 mL (150 mg/mL); 4 mL Vial NovaPlus (NDC 0009-4073-04)",Injection,['CLEOCIN PHOSPHATE'],['HUMAN PRESCRIPTION DRUG'],"['INTRAMUSCULAR', 'INTRAVENOUS']",['CLINDAMYCIN PHOSPHATE']
25021-230-02,Irinotecan Hydrochloride Injection,"Irinotecan Hydrochloride, Injection, 40 mg/2 mL (NDC 25021-230-02)",Injection,['IRINOTECAN HYDROCHLORIDE'],['HUMAN PRESCRIPTION DRUG'],['INTRAVENOUS'],['IRINOTECAN HYDROCHLORIDE']
50458-585-01,"Methylphenidate Hydrochloride Tablet, Extended Release","Concerta, Tablet, Extended Release, 18 mg (NDC 50458-585-01)",Tablet,['CONCERTA'],['HUMAN PRESCRIPTION DRUG'],['ORAL'],['METHYLPHENIDATE HYDROCHLORIDE']
0527-0766-37,"Amphetamine Aspartate Monohydrate, Amphetamine Sulfate, Dextroamphetamine Saccharate, Dextroamphetamine Sulfate Tablet","Amphetamine Aspartate Monohydrate, Amphetamine Sulfate, Dextroamphetamine Saccharate, Dextroamphetamine Sulfate, Tablet, 7.5 mg; 7.5 mg; 7.5 mg; 7.5 mg (NDC 0527-0766-37)",Tablet,"['DEXTROAMPHETAMINE SACCHARATE, AMPHETAMINE ASPARTATE, DEXTROAMPHETAMINE SULFATE AND AMPHETAMINE SULFATE']",['HUMAN PRESCRIPTION DRUG'],['ORAL'],"['DEXTROAMPHETAMINE SACCHARATE', 'AMPHETAMINE ASPARTATE MONOHYDRATE', 'DEXTROAMPHETAMINE SULFATE', 'AMPHETAMINE SULFATE']"
81665-104-96,Cromolyn Sodium Concentrate,"Cromolyn Sodium, Concentrate, 100 mg/5 mL (NDC 81665-104-96)",Concentrate,['CROMOLYN SODIUM'],['HUMAN PRESCRIPTION DRUG'],['ORAL'],['CROMOLYN SODIUM']
69945-094-20,Technetium TC-99M Pyrophosphate Kit Injection,"Technescan PYP, Injection, 11.9 mg/10 mL; 3.2 mg/10 mL (NDC 69945-094-20)",Injection,['TECHNESCAN PYP'],['HUMAN PRESCRIPTION DRUG'],['INTRAVENOUS'],"['SODIUM PYROPHOSPHATE', 'STANNOUS CHLORIDE']"
0641-0367-25,Dexamethasone Sodium Phosphate Injection,"Dexamethasone Sodium Phosphate, Injection, 10 mg/1 mL (NDC 0641-0367-25)",Injection,['DEXAMETHASONE SODIUM PHOSPHATE'],['HUMAN PRESCRIPTION DRUG'],"['INTRAMUSCULAR', 'INTRAVENOUS']",['DEXAMETHASONE SODIUM PHOSPHATE']
0088-2162-33,Leflunomide Tablet,"Arava, Tablet, 100 mg (NDC 0088-2162-33)",Tablet,['ARAVA'],['HUMAN PRESCRIPTION DRUG'],['ORAL'],['LEFLUNOMIDE']
42023-229-10,Micafungin Sodium Injection,"Micafungin Sodium, Injection, 10 mg/1 mL (NDC 42023-229-10)",Injection,,,,
0054-3294-50,Furosemide Oral Solution,"Furosemide, Oral Solution, 10 mg/1 mL (NDC 0054-3294-50)",Oral Solution,['FUROSEMIDE'],['HUMAN PRESCRIPTION DRUG'],['ORAL'],['FUROSEMIDE']
10122-100-10,Deferiprone Tablet,"Ferriprox, Tablet, 500 mg (NDC 10122-100-10)",Tablet,,,,
64380-844-06,Ursodiol Capsule,"Ursodiol, Capsule, 300 mg (NDC 64380-844-06)",Capsule,['URSODIOL'],['HUMAN PRESCRIPTION DRUG'],['ORAL'],['URSODIOL']
0409-1434-01,Dexmedetomidine Hydrochloride Injection,"Precedex, Injection, 1000 mcg/250 mL Single Dose Glass Bottle (NDC 0409-1434-01)",Injection,['PRECEDEX'],['HUMAN PRESCRIPTION DRUG'],['INTRAVENOUS'],['DEXMEDETOMIDINE HYDROCHLORIDE']
72205-101-01,Bumetanide Injection,"Bumetanide, Injection, 0.25 mg/mL, 4mL (NDC 72205-101-01)",Injection,['BUMETANIDE'],['HUMAN PRESCRIPTION DRUG'],"['INTRAMUSCULAR', 'INTRAVENOUS']",['BUMETANIDE']
63323-412-25,Midazolam Hydrochloride Injection,"Midazolam Hydrochloride, Injection, 5 mg/1 mL (NDC 63323-412-25)",Injection,['MIDAZOLAM'],['HUMAN PRESCRIPTION DRUG'],"['INTRAMUSCULAR', 'INTRAVENOUS']",['MIDAZOLAM HYDROCHLORIDE']
0071-0737-20,Gemfibrozil Tablet,"Lopid, Tablet, 600 mg (NDC 0071-0737-20)",Tablet,['LOPID'],['HUMAN PRESCRIPTION DRUG'],['ORAL'],['GEMFIBROZIL']
0409-1638-02,Dexmedetomidine Hydrochloride Injection,"Precedex, Injection, 200 mcg/2 mL (100 mcg/mL) (NDC 0409-1638-02)",Injection,['PRECEDEX'],['HUMAN PRESCRIPTION DRUG'],['INTRAVENOUS'],['DEXMEDETOMIDINE HYDROCHLORIDE']
0025-0325-01,Adalimumab-afzb Injection,"Abrilada, Injection, Kit (NDC 0025-0325-01)",Injection,['ABRILADA'],['HUMAN PRESCRIPTION DRUG'],,
0990-7922-02,Dextrose Monohydrate 5% Injection,"Dextrose 5% In Plastic Container, Injection, 5 g/100 mL (NDC 0990-7922-02)",Injection,['DEXTROSE'],['HUMAN PRESCRIPTION DRUG'],['INTRAVENOUS'],['DEXTROSE MONOHYDRATE']
0338-0409-03,Lidocaine Hydrochloride Injection,"Lidocaine Hydrochloride And Dextrose, Injection, 4 mg/1 mL (NDC 0338-0409-03)",Injection,['LIDOCAINE HYDROCHLORIDE AND DEXTROSE'],['HUMAN PRESCRIPTION DRUG'],['INTRAVENOUS'],['LIDOCAINE HYDROCHLORIDE']
0409-2587-05,Midazolam Hydrochloride Injection,"Midazolam Hydrochloride, Injection, 10 mg/10 mL (1 mg/mL) (NDC 0409-2587-05)",Injection,['MIDAZOLAM'],['HUMAN PRESCRIPTION DRUG'],"['INTRAMUSCULAR', 'INTRAVENOUS']",['MIDAZOLAM HYDROCHLORIDE']
76045-010-11,Hydromorphone Hydrochloride Injection,"Dilaudid, Injection, 2 mg/1 mL (NDC 76045-010-11)",Injection,['DILAUDID'],['HUMAN PRESCRIPTION DRUG'],"['INTRAMUSCULAR', 'INTRAVENOUS', 'SUBCUTANEOUS']",['HYDROMORPHONE HYDROCHLORIDE']
0781-3495-95,Dexmedetomidine Hydrochloride Injection,"Dexmedetomidine Hydrochloride, Injection, 400 mcg/100 mL (NDC 0781-3495-95)",Injection,['DEXMEDETOMIDINE HYDROCHLORIDE IN 0.9% SODIUM CHLORIDE'],['HUMAN PRESCRIPTION DRUG'],['INTRAVENOUS'],['DEXMEDETOMIDINE HYDROCHLORIDE']
0409-1159-01,Bupivacaine Hydrochloride Injection,"Bupivacaine Hydrochloride, Injection, 25 mg/10 mL (2.5 mg/mL) (NDC 0409-1159-01)",Injection,['BUPIVACAINE HYDROCHLORIDE'],['HUMAN PRESCRIPTION DRUG'],"['EPIDURAL', 'INFILTRATION', 'INTRACAUDAL', 'PERINEURAL']",['BUPIVACAINE HYDROCHLORIDE']
0338-1077-02,Dobutamine Hydrochloride Injection,"Dobutamine Hydrochloride In Dextrose 5% In Plastic Container, Injection, 400 mg/100 mL (NDC 0338-1077-02)",Injection,['DOBUTAMINE HYDROCHLORIDE IN DEXTROSE'],['HUMAN PRESCRIPTION DRUG'],['INTRAVENOUS'],['DOBUTAMINE HYDROCHLORIDE']
0409-7535-01,Bupivacaine Hydrochloride Injection,"Marcaine, Injection, 75 mg/30 mL (2.5 mg/mL) (NDC 0409-7535-01)",Injection,['MARCAINE'],['HUMAN PRESCRIPTION DRUG'],"['EPIDURAL', 'INFILTRATION', 'INTRACAUDAL', 'PERINEURAL']",['BUPIVACAINE HYDROCHLORIDE']
66993-212-38,Nilutamide Tablet,"Nilandron, Tablet, 150 mg (NDC 66993-212-38)",Tablet,,,,
10019-925-01,Ifosfamide Injection,"Ifosfamide, Injection, 1 g/20 mL (NDC 10019-925-01)",Injection,['IFOSFAMIDE'],['HUMAN PRESCRIPTION DRUG'],['INTRAVENOUS'],['IFOSFAMIDE']
47781-174-01,"Amphetamine Aspartate Monohydrate, Amphetamine Sulfate, Dextroamphetamine Saccharate, Dextroamphetamine Sulfate Tablet","Amphetamine Aspartate Monohydrate, Amphetamine Sulfate, Dextroamphetamine Saccharate, Dextroamphetamine Sulfate, Tablet, 5mg (NDC 47781-174-01)",Tablet,,,,
0338-1007-03,Dopamine Hydrochloride Injection,"Dopamine Hydrochloride In Dextrose 5% In Plastic Container, Injection, 160 mg/100 mL (NDC 0338-1007-03)",Injection,['DOPAMINE HYDROCHLORIDE AND DEXTROSE'],['HUMAN PRESCRIPTION DRUG'],['INTRAVENOUS'],['DOPAMINE HYDROCHLORIDE']
0169-4060-13,Liraglutide Injection,"Victoza, Injection, 6 mg/1 mL (NDC 0169-4060-13)",Injection,['VICTOZA'],['HUMAN PRESCRIPTION DRUG'],['SUBCUTANEOUS'],['LIRAGLUTIDE']
0781-3315-70,Oxaliplatin Injection,"Oxaliplatin, Injection, 5 mg/1 mL (NDC 0781-3315-70)",Injection,['OXALIPLATIN'],['HUMAN PRESCRIPTION DRUG'],['INTRAVENOUS'],['OXALIPLATIN']
0002-8233-05,Insulin Lispro Protamine and Insulin Lispro Injection,"Humalog Mix 75/25, Injection, 100 [iU]/1 mL (NDC 0002-8233-05)",Injection,['INSULIN LISPRO PROTAMINE AND INSULIN LISPRO INJECTABLE SUSPENSION MIX75/25 KWIKPEN'],['HUMAN PRESCRIPTION DRUG'],['SUBCUTANEOUS'],['INSULIN LISPRO']
76329-3302-1,Dextrose Monohydrate 50% Injection,"Dextrose Monohydrate 50%, Injection, 25 g/50 mL (NDC 76329-3302-1)",Injection,['DEXTROSE MONOHYDRATE'],['HUMAN PRESCRIPTION DRUG'],['INTRAVENOUS'],['DEXTROSE MONOHYDRATE']
31722-276-32,Bupivacaine Hydrochloride Injection,"Bupivacaine Hydrochloride, Injection, 5 mg/1 mL (NDC 31722-276-32)",Injection,['BUPIVACAINE HYDROCHLORIDE'],['HUMAN PRESCRIPTION DRUG'],"['EPIDURAL', 'INTRACAUDAL', 'PERINEURAL']",['BUPIVACAINE HYDROCHLORIDE']
0378-4615-01,"Doxylamine Succinate and Pyridoxine  Hydrochloride Tablet, Delayed Release","Doxylamine Succinate and Pyridoxine  Hydrochloride, Tablet, Delayed Release, 10 mg; 10 mg (NDC 0378-4615-01)",Tablet,,,,
63323-463-57,"Bupivacaine Hydrochloride, Epinephrine Bitartrate Injection","Sensorcaine, Injection, 5 mg/1 mL; .005 mg/1 mL (NDC 63323-463-57)",Injection,['SENSORCAINE'],['HUMAN PRESCRIPTION DRUG'],['PERINEURAL'],"['BUPIVACAINE HYDROCHLORIDE', 'EPINEPHRINE BITARTRATE']"
0781-3518-76,Pemetrexed Disodium Injection,"Pemetrexed Disodium, Injection, 100 mg/4 mL (NDC 0781-3518-76)",Injection,['PEMETREXED'],['HUMAN PRESCRIPTION DRUG'],['INTRAVENOUS'],['PEMETREXED DISODIUM']
0002-4491-62,Lasmiditan Succinate Tablet,"Reyvow, Tablet, 100 mg (NDC 0002-4491-62)",Tablet,['REYVOW'],['HUMAN PRESCRIPTION DRUG'],['ORAL'],['LASMIDITAN']
0228-2551-96,"Diclofenac Sodium Tablet, Delayed Release","Diclofenac Sodium, Tablet, Delayed Release, 75 mg (NDC 0228-2551-96)",Tablet,['DICLOFENAC SODIUM'],['HUMAN PRESCRIPTION DRUG'],['ORAL'],['DICLOFENAC SODIUM']
0941-0424-51,"Calcium Chloride; Dextrose; Magnesium Chloride; Sodium Chloride; Sodium Lactate Intraperitoneal Injection, Solution","DIANEAL Low Calcium with Dextrose, Intraperitoneal Injection, Solution, 18.3 mg/100 mL; 1.5 g/100 mL; 5.08 mg/100 mL; 538 mg/100 mL; 448 mg/100 mL (NDC 0941-0424-51)",Solution,['DIANEAL LOW CALCIUM WITH DEXTROSE'],['HUMAN PRESCRIPTION DRUG'],['INTRAPERITONEAL'],"['DEXTROSE MONOHYDRATE', 'SODIUM CHLORIDE', 'SODIUM LACTATE', 'CALCIUM CHLORIDE', 'MAGNESIUM CHLORIDE']"
63323-487-17,"Epinephrine Bitartrate, Lidocaine Hydrochloride Injection","Xylocaine, Injection, .005 mg/1 mL; 10 mg/1 mL (NDC 63323-487-17)",Injection,['XYLOCAINE MPF'],['HUMAN PRESCRIPTION DRUG'],"['EPIDURAL', 'INFILTRATION', 'INTRACAUDAL', 'PERINEURAL']","['LIDOCAINE HYDROCHLORIDE ANHYDROUS', 'EPINEPHRINE BITARTRATE']"
47781-566-01,Lisdexamfetamine Dimesylate Capsule,"Lisdexamfetamine Dimesylate, Capsule, 50 mg (NDC 47781-566-01)",Capsule,['LISDEXAMFETAMINE DIMESYLATE'],['HUMAN PRESCRIPTION DRUG'],['ORAL'],['LISDEXAMFETAMINE DIMESYLATE']
0641-0928-25,Promethazine Hydrochloride Injection,"Promethazine Hydrochloride, Injection, 25 mg/1 mL (NDC 0641-0928-25)",Injection,['PROMETHAZINE HYDROCHLORIDE'],['HUMAN PRESCRIPTION DRUG'],"['INTRAMUSCULAR', 'INTRAVENOUS']",['PROMETHAZINE HYDROCHLORIDE']
0143-9575-10,Lidocaine Hydrochloride Injection,"Lidocaine Hydrochloride, Injection, 20 mg/1 mL (NDC 0143-9575-10)",Injection,['LIDOCAINE'],['HUMAN PRESCRIPTION DRUG'],"['INFILTRATION', 'PERINEURAL']",['LIDOCAINE HYDROCHLORIDE']
55150-221-10,Etomidate Injection,"Etomidate, Injection, 20 mg/10 mL (NDC 55150-221-10)",Injection,['ETOMIDATE'],['HUMAN PRESCRIPTION DRUG'],['INTRAVENOUS'],['ETOMIDATE']
54288-165-01,Carboplatin Injection,"Carboplatin, Injection, 150mg/15mL (NDC 54288-165-01)",Injection,['CARBOPLATIN'],['HUMAN PRESCRIPTION DRUG'],['INTRAVENOUS'],['CARBOPLATIN']
57664-051-88,Lisdexamfetamine Dimesylate Capsule,"Lisdexamfetamine Dimesylate, Capsule, 60 mg (NDC 57664-051-88)",Capsule,['LISDEXAMFETAMINE DIMESYLATE'],['HUMAN PRESCRIPTION DRUG'],['ORAL'],['LISDEXAMFETAMINE DIMESYLATE']
49884-125-91,Everolimus Tablet,"Everolimus, Tablet, 5 mg (NDC 49884-125-91)",Tablet,,,,
0781-3421-94,Caspofungin Acetate Injection,"Caspofungin Acetate, Injection, 5 mg/1 mL (NDC 0781-3421-94)",Injection,['CASPOFUNGIN ACETATE'],['HUMAN PRESCRIPTION DRUG'],['INTRAVENOUS'],['CASPOFUNGIN ACETATE']
0071-0527-23,Quinapril Hydrochloride Tablet,"Accupril, Tablet, 5 mg (NDC 0071-0527-23)",Tablet,,,,
0480-3667-20,Liraglutide Injection,"Liraglutide, Injection, 6 mg/1 mL (NDC 0480-3667-20)",Injection,['LIRAGLUTIDE'],['HUMAN PRESCRIPTION DRUG'],['SUBCUTANEOUS'],['LIRAGLUTIDE']
72572-160-10,Etomidate Injection,"Etomidate, Injection, 2 mg/1 mL (NDC 72572-160-10)",Injection,['ETOMIDATE'],['HUMAN PRESCRIPTION DRUG'],['INTRAVENOUS'],['ETOMIDATE']
0338-0499-06,Amino Acid Injection,"PROSOL 20% SULFITE FREE IN PLASTIC CONTAINER, Injection, 2.76 g/100 mL; 1.96 g/100 mL; 600 mg/100 mL; 1.02 g/100 mL; 2.06 g/100 mL; 1.18 g/100 mL; 1.08 g/100 mL; 1.08 g/100 mL; 1.35 g/100 mL; 760 mg/100 mL; 1 g/100 mL; 1.34 g/100 mL; 1.02 g/100 mL; 980 mg/100 mL; 320 mg/100 mL; 50 mg/100 mL; 1.44 g/100 mL (NDC 0338-0499-06)",Injection,,,,
57664-050-88,Lisdexamfetamine Dimesylate Capsule,"Lisdexamfetamine Dimesylate, Capsule, 50 mg (NDC 57664-050-88)",Capsule,['LISDEXAMFETAMINE DIMESYLATE'],['HUMAN PRESCRIPTION DRUG'],['ORAL'],['LISDEXAMFETAMINE DIMESYLATE']
0641-6024-10,Fentanyl Citrate Injection,"Fentanyl Citrate, Injection, 50 ug/1 mL (NDC 0641-6024-10)",Injection,,,,
65649-311-12,Chlorothiazide Oral Suspension,"Diuril, Oral Suspension, 250 mg/5mL (NDC 65649-311-12)",Oral Suspension,['DIURIL'],['HUMAN PRESCRIPTION DRUG'],['ORAL'],['CHLOROTHIAZIDE']
16729-526-08,Atropine Sulfate Injection,"Atropine Sulfate, Injection, 1 mg/1 mL (NDC 16729-526-08)",Injection,,,,
0527-4661-37,Lisdexamfetamine Dimesylate Capsule,"Lisdexamfetamine Dimesylate, Capsule, 10 mg (NDC 0527-4661-37)",Capsule,,,,
63323-280-02,Furosemide Injection,"Furosemide, Injection, 10 mg/1 mL (NDC 63323-280-02)",Injection,['FUROSEMIDE'],['HUMAN PRESCRIPTION DRUG'],"['INTRAMUSCULAR', 'INTRAVENOUS']",['FUROSEMIDE']
61703-339-22,Carboplatin Injection,"Carboplatin, Injection, 150 mg/15 mL (10 mg/mL) (NDC 61703-339-22)",Injection,['CARBOPLATIN'],['HUMAN PRESCRIPTION DRUG'],['INTRAVENOUS'],['CARBOPLATIN']
0574-0521-76,Activated Charcoal Oral Suspension,"Actidose Aqua, Oral Suspension, 208 mg/1 mL (NDC 0574-0521-76)",Oral Suspension,['ACTIDOSE AQUA'],['HUMAN OTC DRUG'],['ORAL'],['ACTIVATED CHARCOAL']
63323-972-10,Fosaprepitant Dimeglumine Injection,"Fosaprepitant Dimeglumine, Injection, 150 mg/5 mL (NDC 63323-972-10)",Injection,['FOSAPREPITANT'],['HUMAN PRESCRIPTION DRUG'],['INTRAVENOUS'],['FOSAPREPITANT DIMEGLUMINE']
16729-138-00,Clonazepam Tablet,"Clonazepam, Tablet, 2 mg (NDC 16729-138-00)",Tablet,['CLONAZEPAM'],['HUMAN PRESCRIPTION DRUG'],['ORAL'],['CLONAZEPAM']
0143-9251-10,Rocuronium Bromide Injection,"Rocuronium Bromide, Injection, 10 mg/1 mL (NDC 0143-9251-10)",Injection,['ROCURONIUM BROMIDE'],['HUMAN PRESCRIPTION DRUG'],['INTRAVENOUS'],['ROCURONIUM BROMIDE']
43547-603-10,Lisdexamfetamine Dimesylate Capsule,"Lisdexamfetamine Dimesylate, Capsule, 20 mg (NDC 43547-603-10)",Capsule,['LISDEXAMFETAMINE DIMESYLATE'],['HUMAN PRESCRIPTION DRUG'],['ORAL'],['LISDEXAMFETAMINE DIMESYLATE']
0409-6102-10,Furosemide Injection,"Furosemide, Injection, 100 mg/ 10mL (10 mg/1 mL) (NDC 0409-6102-10)",Injection,['FUROSEMIDE'],['HUMAN PRESCRIPTION DRUG'],"['INTRAMUSCULAR', 'INTRAVENOUS']",['FUROSEMIDE']
72572-074-24,Clindamycin Phosphate Injection,"Clindamycin Phosphate In 5% Dextrose In Plastic Container, Injection, 12 mg/1 mL (NDC 72572-074-24)",Injection,['CLINDAMYCIN IN 5 PERCENT DEXTROSE'],['HUMAN PRESCRIPTION DRUG'],['INTRAVENOUS'],['CLINDAMYCIN']
0480-3569-01,Lisdexamfetamine Dimesylate Capsule,"Lisdexamfetamine Dimesylate, Capsule, 50 mg (NDC 0480-3569-01)",Capsule,['LISDEXAMFETAMINE DIMESYLATE'],['HUMAN PRESCRIPTION DRUG'],['ORAL'],['LISDEXAMFETAMINE DIMESYLATE']
72516-012-01,"Amphetamine Aspartate Monohydrate, Amphetamine Sulfate, Dextroamphetamine Saccharate, Dextroamphetamine Sulfate Tablet","Amphetamine Aspartate Monohydrate, Amphetamine Sulfate, Dextroamphetamine Saccharate, Dextroamphetamine Sulfate, Tablet, 5 mg; 5 mg; 5 mg; 5 mg (NDC 72516-012-01)",Tablet,"['DEXTROAMPHETAMINE SACCHARATE, AMPHETAMINE ASPARTATE, DEXTROAMPHETAMINE SULFATE AND AMPHETAMINE SULFATE']",['HUMAN PRESCRIPTION DRUG'],['ORAL'],"['DEXTROAMPHETAMINE SACCHARATE', 'AMPHETAMINE ASPARTATE MONOHYDRATE', 'DEXTROAMPHETAMINE SULFATE', 'AMPHETAMINE SULFATE']"
0069-0197-30,Dacomitinib Tablet,"Vizimpro, Tablet, 15 mg (NDC 0069-0197-30)",Tablet,['VIZIMPRO'],['HUMAN PRESCRIPTION DRUG'],['ORAL'],['DACOMITINIB']
0409-5160-10,Rocuronium Bromide Injection,"Rocuronium Bromide, Injection, 100 mg/10 mL (10 mg/mL) (NDC 0409-5160-10)",Injection,['ROCURONIUM BROMIDE'],['HUMAN PRESCRIPTION DRUG'],['INTRAVENOUS'],['ROCURONIUM BROMIDE']
0641-6001-25,Lorazepam Injection,"Ativan, Injection, 2 mg/1 mL (NDC 0641-6001-25)",Injection,,,,
0409-1283-37,Hydromorphone Hydrochloride Injection,"Hydromorphone Hydrochloride, Injection, 1 mg/1 mL (NDC 0409-1283-37)",Injection,['HYDROMORPHONE HYDROCHLORIDE'],['HUMAN PRESCRIPTION DRUG'],"['INTRAMUSCULAR', 'INTRAVENOUS', 'SUBCUTANEOUS']",['HYDROMORPHONE HYDROCHLORIDE']
72888-154-30,Clonazepam Tablet,"Clonazepam, Tablet, 2 mg (NDC 72888-154-30)",Tablet,['CLONAZEPAM'],['HUMAN PRESCRIPTION DRUG'],['ORAL'],['CLONAZEPAM']
0054-0374-25,Lisdexamfetamine Dimesylate Capsule,"Lisdexamfetamine Dimesylate, Capsule, 60 mg (NDC 0054-0374-25)",Capsule,['LISDEXAMFETAMINE DIMESYLATE'],['HUMAN PRESCRIPTION DRUG'],['ORAL'],['LISDEXAMFETAMINE DIMESYLATE']
0093-9477-53,Glyburide Tablet,"Diabeta, Tablet, 1.25 mg (NDC 0093-9477-53)",Tablet,['GLYBURIDE'],['HUMAN PRESCRIPTION DRUG'],['ORAL'],['GLYBURIDE']
0406-8892-01,"Amphetamine Aspartate Monohydrate, Amphetamine Sulfate, Dextroamphetamine Saccharate, Dextroamphetamine Sulfate Tablet","Amphetamine Aspartate Monohydrate, Amphetamine Sulfate, Dextroamphetamine Saccharate, Dextroamphetamine Sulfate, Tablet, 2.5 mg; 2.5 mg; 2.5 mg; 2.5 mg (NDC 0406-8892-01)",Tablet,['DEXTROAMPHETAMINE SACCHARATE AND AMPHETAMINE ASPARTATE AND DEXTROAMPHETAMINE SULFATE AND AMPHETAMINE SULFATE'],['HUMAN PRESCRIPTION DRUG'],['ORAL'],"['DEXTROAMPHETAMINE SACCHARATE', 'AMPHETAMINE ASPARTATE MONOHYDRATE', 'DEXTROAMPHETAMINE SULFATE', 'AMPHETAMINE SULFATE']"
0409-3299-26,Sodium Acetate Injection,"Sodium Acetate, Injection, 100 mEq/50 mL (2 mEq/mL) (NDC 0409-3299-26)",Injection,['SODIUM ACETATE'],['HUMAN PRESCRIPTION DRUG'],['INTRAVENOUS'],['SODIUM ACETATE ANHYDROUS']
61703-350-38,Methotrexate Sodium Injection,"Methotrexate Sodium, Injection, 50 mg/2 mL (25 mg/mL) (NDC 61703-350-38)",Injection,['METHOTREXATE'],['HUMAN PRESCRIPTION DRUG'],"['INTRAMUSCULAR', 'INTRAVENOUS', 'SUBCUTANEOUS']",['METHOTREXATE SODIUM']
60429-005-12,Icosapent Ethyl Capsule,"Icosapent Ethyl, Capsule, 1 g (NDC 60429-005-12)",Capsule,,,,
63323-516-10,Dexamethasone Sodium Phosphate Injection,"Dexamethasone Sodium Phosphate, Injection, 10 mg/1 mL (NDC 63323-516-10)",Injection,['DEXAMETHASONE SODIUM PHOSPHATE'],['HUMAN PRESCRIPTION DRUG'],"['INTRAMUSCULAR', 'INTRAVENOUS']",['DEXAMETHASONE SODIUM PHOSPHATE']
0480-3568-01,Lisdexamfetamine Dimesylate Capsule,"Lisdexamfetamine Dimesylate, Capsule, 40 mg (NDC 0480-3568-01)",Capsule,['LISDEXAMFETAMINE DIMESYLATE'],['HUMAN PRESCRIPTION DRUG'],['ORAL'],['LISDEXAMFETAMINE DIMESYLATE']
25021-230-05,Irinotecan Hydrochloride Injection,"Irinotecan Hydrochloride, Injection, 100 mg/5 mL (NDC 25021-230-05)",Injection,['IRINOTECAN HYDROCHLORIDE'],['HUMAN PRESCRIPTION DRUG'],['INTRAVENOUS'],['IRINOTECAN HYDROCHLORIDE']
44567-601-04,Dexmedetomidine Hydrochloride Injection,"Dexmedetomidine Hydrochloride, Injection, 100 ug/1 mL (NDC 44567-601-04)",Injection,['DEXMEDETOMIDINE'],['HUMAN PRESCRIPTION DRUG'],['INTRAVENOUS'],['DEXMEDETOMIDINE HYDROCHLORIDE']
68001-313-56,Azacitidine Injection,"Azacitidine, Injection, 100 mg (NDC 68001-313-56)",Injection,['AZACITIDINE'],['HUMAN PRESCRIPTION DRUG'],"['INTRAVENOUS', 'SUBCUTANEOUS']",['AZACITIDINE']
70121-1573-1,Methylprednisolone Acetate Injection,"Methylprednisolone Acetate, Injection, 40 mg/1 mL (NDC 70121-1573-1)",Injection,['METHYLPREDNISOLONE ACETATE'],['HUMAN PRESCRIPTION DRUG'],"['INTRA-ARTICULAR', 'INTRALESIONAL', 'INTRAMUSCULAR', 'INTRASYNOVIAL', 'SOFT TISSUE']",['METHYLPREDNISOLONE ACETATE']
0409-3796-01,Ketorolac Tromethamine Injection,"Ketorolac Tromethamine, Injection, 60 mg/2 mL (30 mg/mL) (NDC 0409-3796-01)",Injection,['KETOROLAC TROMETHAMINE'],['HUMAN PRESCRIPTION DRUG'],['INTRAMUSCULAR'],['KETOROLAC TROMETHAMINE']
71225-126-06,Dexmedetomidine Hydrochloride Injection,"Dexmedetomidine Hydrochloride, Injection, 4 ug/1 mL (NDC 71225-126-06)",Injection,,,,
57664-088-88,"Lisdexamfetamine Dimesylate Tablet, Chewable","Lisdexamfetamine Dimesylate, Tablet, Chewable, 60 mg (NDC 57664-088-88)","Tablet, Chewable",['LISDEXAMFETAMINE DIMESYLATE'],['HUMAN PRESCRIPTION DRUG'],['ORAL'],['LISDEXAMFETAMINE DIMESYLATE']
0955-1735-30,Leflunomide Tablet,"Leflunomide, Tablet, 10 mg (NDC 0955-1735-30)",Tablet,,,,
67457-925-10,Dexmedetomidine Hydrochloride Injection,"Dexmedetomidine Hydrochloride, Injection, 400 ug/100 mL (NDC 67457-925-10)",Injection,['DEXMEDETOMIDINE HYDROCHLORIDE'],['HUMAN PRESCRIPTION DRUG'],['INTRAVENOUS'],['DEXMEDETOMIDINE HYDROCHLORIDE']
0409-4916-14,Sodium Bicarbonate Injection,"Sodium Bicarbonate, Injection, 75 mg/1 mL (NDC 0409-4916-14)",Injection,,,,
0009-3073-23,Methylprednisolone Acetate Injection,"Depo-medrol, Injection, 40 mg/1 mL (NDC 0009-3073-23)",Injection,['DEPO-MEDROL'],['HUMAN PRESCRIPTION DRUG'],"['INTRALESIONAL', 'INTRAMUSCULAR', 'INTRASYNOVIAL', 'SOFT TISSUE', 'INTRA-ARTICULAR']",['METHYLPREDNISOLONE ACETATE']
0002-4312-61,Lasmiditan Succinate Tablet,"Reyvow, Tablet, 50 mg (NDC 0002-4312-61)",Tablet,['REYVOW'],['HUMAN PRESCRIPTION DRUG'],['ORAL'],['LASMIDITAN']
0990-7938-19,Dextrose Monohydrate 10% Injection,"Dextrose 10% In Plastic Container, Injection, 10 g/100 mL (NDC 0990-7938-19)",Injection,['DEXTROSE'],['HUMAN PRESCRIPTION DRUG'],['INTRAVENOUS'],['DEXTROSE MONOHYDRATE']
57664-087-88,"Lisdexamfetamine Dimesylate Tablet, Chewable","Lisdexamfetamine Dimesylate, Tablet, Chewable, 50 mg (NDC 57664-087-88)","Tablet, Chewable",['LISDEXAMFETAMINE DIMESYLATE'],['HUMAN PRESCRIPTION DRUG'],['ORAL'],['LISDEXAMFETAMINE DIMESYLATE']
0338-0411-02,Lidocaine Hydrochloride Injection,"Lidocaine Hydrochloride And Dextrose, Injection, 8 mg/1 mL (NDC 0338-0411-02)",Injection,['LIDOCAINE HYDROCHLORIDE AND DEXTROSE'],['HUMAN PRESCRIPTION DRUG'],['INTRAVENOUS'],['LIDOCAINE HYDROCHLORIDE']
0264-7510-20,Dextrose Monohydrate 5% Injection,"Dextrose Monohydrate 5%, Injection, 5 g/100 mL (NDC 0264-7510-20)",Injection,['DEXTROSE'],['HUMAN PRESCRIPTION DRUG'],['INTRAVENOUS'],"['DEXTROSE, UNSPECIFIED FORM']"
0378-9651-50,Travoprost Ophthalmic Solution,"Travoprost, Ophthalmic Solution, 0.004%, 5 mL (NDC 0378-9651-50)",Ophthalmic Solution,"['TRAVOPROST OPHTHALMIC SOLUTION, 0.004%']",['HUMAN PRESCRIPTION DRUG'],['OPHTHALMIC'],['TRAVOPROST']
61314-517-36,Adalimumab-adaz Injection,"Hyrimoz, Injection, Kit (NDC 61314-517-36)",Injection,['HYRIMOZ'],['HUMAN PRESCRIPTION DRUG'],,
63323-486-27,Lidocaine Hydrochloride Injection,"Xylocaine, Injection, 20 mg/1 mL (NDC 63323-486-27)",Injection,['XYLOCAINE'],['HUMAN PRESCRIPTION DRUG'],"['INFILTRATION', 'PERINEURAL']",['LIDOCAINE HYDROCHLORIDE ANHYDROUS']
0338-0017-41,Dextrose Monohydrate 5% Injection,"Dextrose 5% In Plastic Container, Injection, 50 g/1000 mL (NDC 0338-0017-41)",Injection,['DEXTROSE'],['HUMAN PRESCRIPTION DRUG'],['INTRAVENOUS'],['DEXTROSE MONOHYDRATE']
65162-028-09,Lisdexamfetamine Dimesylate Capsule,"Lisdexamfetamine Dimesylate, Capsule, 70 mg (NDC 65162-028-09)",Capsule,['LISDEXAMFETAMINE DIMESYLATE'],['HUMAN PRESCRIPTION DRUG'],['ORAL'],['LISDEXAMFETAMINE DIMESYLATE']
0409-4713-32,Lidocaine Hydrochloride Injection,"Lidocaine Hydrochloride Preservative Free, Injection, 20 mg/2 mL (1%; 10 mg/mL) (NDC 0409-4713-32)",Injection,['LIDOCAINE HYDROCHLORIDE'],['HUMAN PRESCRIPTION DRUG'],"['EPIDURAL', 'INFILTRATION', 'INTRACAUDAL', 'PERINEURAL']",['LIDOCAINE HYDROCHLORIDE']
0990-7918-19,Dextrose Monohydrate 70% Injection,"DEXTROSE 70% IN PLASTIC CONTAINER, Injection, 70 g/100 mL (NDC 0990-7918-19)",Injection,['DEXTROSE'],['HUMAN PRESCRIPTION DRUG'],['INTRAVENOUS'],['DEXTROSE MONOHYDRATE']
70069-753-01,Bupivacaine Hydrochloride Injection,"Bupivacaine Hydrochloride, Injection, 5 mg/1 mL (NDC 70069-753-01)",Injection,['BUPIVACAINE HYDROCHLORIDE'],['HUMAN PRESCRIPTION DRUG'],"['INFILTRATION', 'PERINEURAL']",['BUPIVACAINE HYDROCHLORIDE']
50742-438-10,Arsenic Trioxide Injection,"Arsenic Trioxide, Injection, 1 mg/1 mL (NDC 50742-438-10)",Injection,['ARSENIC TRIOXIDE'],['HUMAN PRESCRIPTION DRUG'],['INTRAVENOUS'],['ARSENIC TRIOXIDE']
0143-9144-02,Liraglutide Injection,"Liraglutide, Injection, 6 mg/1 mL (NDC 0143-9144-02)",Injection,['LIRAGLUTIDE'],['HUMAN PRESCRIPTION DRUG'],['SUBCUTANEOUS'],['LIRAGLUTIDE']
69238-1247-3,"Donepezil Hydrochloride; Memantine Hydrochloride Capsule, Extended Release","Donepezil Hydrochloride; Memantine Hydrochloride, Capsule, Extended Release, 10 mg; 28 mg (NDC 69238-1247-3)","Capsule, Extended Release",['MEMANTINE AND DONEPEZIL HYDROCHLORIDES EXTENDED-RELEASE'],['HUMAN PRESCRIPTION DRUG'],['ORAL'],"['MEMANTINE HYDROCHLORIDE', 'DONEPEZIL HYDROCHLORIDE']"
13811-711-30,"Methylphenidate Hydrochloride Tablet, Extended Release","Methylphenidate Hydrochloride, Tablet, Extended Release, 45 mg (NDC 13811-711-30)",Tablet,['METHYLPHENIDATE HYDROCHLORIDE'],['HUMAN PRESCRIPTION DRUG'],['ORAL'],['METHYLPHENIDATE HYDROCHLORIDE']
0480-7250-46,Liraglutide Injection,"Liraglutide, Injection, 6 mg/1 mL (NDC 0480-7250-46)",Injection,['LIRAGLUTIDE'],['HUMAN PRESCRIPTION DRUG'],['SUBCUTANEOUS'],['LIRAGLUTIDE']
0409-3182-01,"Epinephrine Bitartrate, Lidocaine Hydrochloride Injection","Lidocaine Hydrochloride And Epinephrine, Injection, 400 mg/20 mL (2%; 1:100,000) (NDC 0409-3182-01)",Injection,['LIDOCAINE HYDROCHLORIDE AND EPINEPHRINE'],['HUMAN PRESCRIPTION DRUG'],"['INFILTRATION', 'PERINEURAL']","['LIDOCAINE HYDROCHLORIDE', 'EPINEPHRINE']"
0409-0525-25,Bupivacaine Hydrochloride Injection,"Marcaine, Injection, 250 mg/50 mL (NDC 0409-0525-25)",Injection,['MARCAINE'],['HUMAN PRESCRIPTION DRUG'],['PERINEURAL'],['BUPIVACAINE HYDROCHLORIDE']
76045-005-11,Morphine Sulfate Injection,"Morphine Sulfate, Injection, 4 mg/1 mL (NDC 76045-005-11)",Injection,['MORPHINE SULFATE'],['HUMAN PRESCRIPTION DRUG'],"['INTRAMUSCULAR', 'INTRAVENOUS']",['MORPHINE SULFATE']
0406-5113-01,Lisdexamfetamine Dimesylate Capsule,"Lisdexamfetamine Dimesylate, Capsule, 30 mg (NDC 0406-5113-01)",Capsule,,,,
63323-483-27,"Epinephrine Bitartrate, Lidocaine Hydrochloride Injection","Xylocaine, Injection, .01 mg/1 mL; 20 mg/1 mL (NDC 63323-483-27)",Injection,['XYLOCAINE'],['HUMAN PRESCRIPTION DRUG'],"['INFILTRATION', 'PERINEURAL']","['LIDOCAINE HYDROCHLORIDE ANHYDROUS', 'EPINEPHRINE BITARTRATE']"
70010-111-01,"Amphetamine Aspartate Monohydrate, Amphetamine Sulfate, Dextroamphetamine Saccharate, Dextroamphetamine Sulfate Tablet","Amphetamine Aspartate Monohydrate, Amphetamine Sulfate, Dextroamphetamine Saccharate, Dextroamphetamine Sulfate, Tablet, 1.25 mg; 1.25 mg; 1.25 mg; 1.25 mg (NDC 70010-111-01)",Tablet,"['DEXTROAMPHETAMINE SACCHARATE, AMPHETAMINE ASPARTATE, DEXTROAMPHETAMINE SULFATE AND AMPHETAMINE SULFATE']",['HUMAN PRESCRIPTION DRUG'],['ORAL'],"['DEXTROAMPHETAMINE SACCHARATE', 'AMPHETAMINE ASPARTATE MONOHYDRATE', 'DEXTROAMPHETAMINE SULFATE', 'AMPHETAMINE SULFATE']"
47781-567-01,Lisdexamfetamine Dimesylate Capsule,"Lisdexamfetamine Dimesylate, Capsule, 60 mg (NDC 47781-567-01)",Capsule,['LISDEXAMFETAMINE DIMESYLATE'],['HUMAN PRESCRIPTION DRUG'],['ORAL'],['LISDEXAMFETAMINE DIMESYLATE']
0143-9310-10,Etomidate Injection,"Etomidate, Injection, 2 mg/1 mL (NDC 0143-9310-10)",Injection,['ETOMIDATE'],['HUMAN PRESCRIPTION DRUG'],['INTRAVENOUS'],['ETOMIDATE']
0338-1130-03,Amino Acid Injection,"Premasol 10% Sulfite Free in VIAFLEX Plastic Container, Injection, 0.1 (NDC 0338-1130-03)",Injection,['PREMASOL - SULFITE-FREE (AMINO ACID)'],['HUMAN PRESCRIPTION DRUG'],['INTRAVENOUS'],"['LEUCINE', 'LYSINE ACETATE', 'ISOLEUCINE', 'VALINE', 'HISTIDINE', 'PHENYLALANINE', 'THREONINE', 'METHIONINE', 'TRYPTOPHAN', 'TYROSINE', 'ARGININE', 'PROLINE', 'ALANINE', 'GLUTAMIC ACID', 'SERINE', 'GLYCINE', 'ASPARTIC ACID', 'TAURINE', 'CYSTEINE HYDROCHLORIDE']"
13668-354-01,Nebivolol Hydrochloride Tablet,"Nebivolol Hydrochloride, Tablet, 5 mg (NDC 13668-354-01)",Tablet,,,,
0527-4664-37,Lisdexamfetamine Dimesylate Capsule,"Lisdexamfetamine Dimesylate, Capsule, 40 mg (NDC 0527-4664-37)",Capsule,,,,
63323-808-11,Fentanyl Citrate Injection,"Fentanyl Citrate, Injection, 50 ug/1 mL (NDC 63323-808-11)",Injection,['FENTANYL CITRATE'],['HUMAN PRESCRIPTION DRUG'],"['INTRAMUSCULAR', 'INTRAVENOUS']",['FENTANYL CITRATE']
13811-708-10,"Methylphenidate Hydrochloride Tablet, Extended Release","Methylphenidate Hydrochloride, Tablet, Extended Release, 36 mg (NDC 13811-708-10)",Tablet,['METHYLPHENIDATE HYDROCHLORIDE'],['HUMAN PRESCRIPTION DRUG'],['ORAL'],['METHYLPHENIDATE HYDROCHLORIDE']
43547-608-10,Lisdexamfetamine Dimesylate Capsule,"Lisdexamfetamine Dimesylate, Capsule, 70 mg (NDC 43547-608-10)",Capsule,['LISDEXAMFETAMINE DIMESYLATE'],['HUMAN PRESCRIPTION DRUG'],['ORAL'],['LISDEXAMFETAMINE DIMESYLATE']
66758-211-31,"Fluvastatin Sodium Tablet, Extended Release","Lescol XL, Tablet, Extended Release, 80 mg (NDC 66758-211-31)",Tablet,['LESCOL XL'],['HUMAN PRESCRIPTION DRUG'],['ORAL'],['FLUVASTATIN SODIUM']
59212-001-02,Phenoxybenzamine Hydrochloride Capsule,"Dibenzyline, Capsule, 10 mg (NDC 59212-001-02)",Capsule,,,,
72205-134-91,"Lisdexamfetamine Dimesylate Tablet, Chewable","Lisdexamfetamine Dimesylate, Tablet, Chewable, 30 mg (NDC 72205-134-91)","Tablet, Chewable",['LISDEXAMFETAMINE DIMESYLATE'],['HUMAN PRESCRIPTION DRUG'],['ORAL'],['LISDEXAMFETAMINE DIMESYLATE']
63323-806-50,Fentanyl Citrate Injection,"Fentanyl Citrate Preservative Free, Injection, .05 mg/1 mL (NDC 63323-806-50)",Injection,['FENTANYL CITRATE'],['HUMAN PRESCRIPTION DRUG'],"['INTRAMUSCULAR', 'INTRAVENOUS']",['FENTANYL CITRATE']
68025-097-30,"Methylphenidate Hydrochloride Tablet, Extended Release","Relexxii, Tablet, Extended Release, 36 mg (NDC 68025-097-30)",Tablet,['RELEXXII'],['HUMAN PRESCRIPTION DRUG'],['ORAL'],['METHYLPHENIDATE HYDROCHLORIDE']
64850-556-01,Lisdexamfetamine Dimesylate Capsule,"Lisdexamfetamine Dimesylate, Capsule, 70 mg (NDC 64850-556-01)",Capsule,['LISDEXAMFETAMINE DIMESYLATE'],['HUMAN PRESCRIPTION DRUG'],['ORAL'],['LISDEXAMFETAMINE DIMESYLATE']
36000-284-25,Furosemide Injection,"Furosemide, Injection, 10 mg/1 mL (NDC 36000-284-25)",Injection,['FUROSEMIDE'],['HUMAN PRESCRIPTION DRUG'],['INTRAVENOUS'],['FUROSEMIDE']
83831-142-50,Carboplatin Injection,"Kyxata, Injection, 500 mg/50 mL (10 mg/mL) (NDC 83831-142-50)",Injection,['KYXATA'],['HUMAN PRESCRIPTION DRUG'],['INTRAVENOUS'],['CARBOPLATIN']
0085-4331-01,Posaconazole Injection,"Noxafil, Injection, 18 mg/1 mL (NDC 0085-4331-01)",Injection,['NOXAFIL'],['HUMAN PRESCRIPTION DRUG'],['INTRAVENOUS'],['POSACONAZOLE']
0409-1176-30,Meperidine Hydrochloride Injection,"Demerol, Injection, 25 mg/1 mL (NDC 0409-1176-30)",Injection,['DEMEROL'],['HUMAN PRESCRIPTION DRUG'],"['INTRAMUSCULAR', 'INTRAVENOUS', 'SUBCUTANEOUS']",['MEPERIDINE HYDROCHLORIDE']
0527-0764-37,"Amphetamine Aspartate Monohydrate, Amphetamine Sulfate, Dextroamphetamine Saccharate, Dextroamphetamine Sulfate Tablet","Amphetamine Aspartate Monohydrate, Amphetamine Sulfate, Dextroamphetamine Saccharate, Dextroamphetamine Sulfate, Tablet, 3.75 mg; 3.75 mg; 3.75 mg; 3.75 mg (NDC 0527-0764-37)",Tablet,"['DEXTROAMPHETAMINE SACCHARATE, AMPHETAMINE ASPARTATE, DEXTROAMPHETAMINE SULFATE AND AMPHETAMINE SULFATE']",['HUMAN PRESCRIPTION DRUG'],['ORAL'],"['DEXTROAMPHETAMINE SACCHARATE', 'AMPHETAMINE ASPARTATE MONOHYDRATE', 'DEXTROAMPHETAMINE SULFATE', 'AMPHETAMINE SULFATE']"
0641-6047-10,Lorazepam Injection,"Lorazepam, Injection, 4 mg/1 mL (NDC 0641-6047-10)",Injection,['LORAZEPAM'],['HUMAN PRESCRIPTION DRUG'],"['INTRAMUSCULAR', 'INTRAVENOUS']",['LORAZEPAM']
63323-122-50,Methotrexate Sodium Injection,"Methotrexate Preservative Free, Injection, 1 g (NDC 63323-122-50)",Injection,['METHOTREXATE'],['HUMAN PRESCRIPTION DRUG'],"['INTRA-ARTERIAL', 'INTRAMUSCULAR', 'INTRATHECAL', 'INTRAVENOUS']",['METHOTREXATE SODIUM']
0071-3112-23,Hydrochlorothiazide; Quinapril Hydrochloride Tablet,"Accuretic, Tablet, 12.5 mg; 10 mg (NDC 0071-3112-23)",Tablet,,,,
72888-152-05,Clonazepam Tablet,"Clonazepam, Tablet, .5 mg (NDC 72888-152-05)",Tablet,['CLONAZEPAM'],['HUMAN PRESCRIPTION DRUG'],['ORAL'],['CLONAZEPAM']
72078-035-02,Remifentanil Hydrochloride Injection,"Ultiva, Injection, 2 mg (NDC 72078-035-02)",Injection,['ULTIVA'],['HUMAN PRESCRIPTION DRUG'],['INTRAVENOUS'],['REMIFENTANIL HYDROCHLORIDE']
70010-116-01,"Amphetamine Aspartate Monohydrate, Amphetamine Sulfate, Dextroamphetamine Saccharate, Dextroamphetamine Sulfate Tablet","Amphetamine Aspartate Monohydrate, Amphetamine Sulfate, Dextroamphetamine Saccharate, Dextroamphetamine Sulfate, Tablet, 5 mg; 5 mg; 5 mg; 5 mg (NDC 70010-116-01)",Tablet,"['DEXTROAMPHETAMINE SACCHARATE, AMPHETAMINE ASPARTATE, DEXTROAMPHETAMINE SULFATE AND AMPHETAMINE SULFATE']",['HUMAN PRESCRIPTION DRUG'],['ORAL'],"['DEXTROAMPHETAMINE SACCHARATE', 'AMPHETAMINE ASPARTATE MONOHYDRATE', 'DEXTROAMPHETAMINE SULFATE', 'AMPHETAMINE SULFATE']"
68025-096-30,"Methylphenidate Hydrochloride Tablet, Extended Release","Relexxii, Tablet, Extended Release, 27 mg (NDC 68025-096-30)",Tablet,['RELEXXII'],['HUMAN PRESCRIPTION DRUG'],['ORAL'],['METHYLPHENIDATE HYDROCHLORIDE']
62037-726-01,"Methylphenidate Hydrochloride Tablet, Extended Release","Methylphenidate Hydrochloride, Tablet, Extended Release, 36 mg (NDC 62037-726-01)",Tablet,['METHYLPHENIDATE HYDROCHLORIDE'],['HUMAN PRESCRIPTION DRUG'],['ORAL'],['METHYLPHENIDATE HYDROCHLORIDE']
63323-853-25,Hydromorphone Hydrochloride Injection,"Hydromorphone Hydrochloride, Injection, 2 mg/1 mL (NDC 63323-853-25)",Injection,['HYDROMORPHONE HYDROCHLORIDE'],['HUMAN PRESCRIPTION DRUG'],"['INTRAMUSCULAR', 'INTRAVENOUS', 'SUBCUTANEOUS']",['HYDROMORPHONE HYDROCHLORIDE']
59651-724-05,Clonazepam Tablet,"Clonazepam, Tablet, 2 mg (NDC 59651-724-05)",Tablet,['CLONAZEPAM'],['HUMAN PRESCRIPTION DRUG'],['ORAL'],['CLONAZEPAM']
0074-2340-30,Ritonavir Tablet,"Norvir, Tablet, 100 mg (NDC 0074-2340-30)",Tablet,['NORVIR'],['HUMAN PRESCRIPTION DRUG'],['ORAL'],['RITONAVIR']
68025-097-10,"Methylphenidate Hydrochloride Tablet, Extended Release","Relexxii, Tablet, Extended Release, 36 mg (NDC 68025-097-10)",Tablet,['RELEXXII'],['HUMAN PRESCRIPTION DRUG'],['ORAL'],['METHYLPHENIDATE HYDROCHLORIDE']
0228-2851-11,"Guanfacine Hydrochloride Tablet, Extended Release","Guanfacine Hydrochloride, Tablet, Extended Release, 2 mg (NDC 0228-2851-11)",Tablet,['GUANFACINE'],['HUMAN PRESCRIPTION DRUG'],['ORAL'],['GUANFACINE HYDROCHLORIDE']
0409-2308-01,Midazolam Hydrochloride Injection,"Midazolam Hydrochloride Preservative Free, Injection, 5 mg/mL (5 mg/mL) (NDC 0409-2308-01)",Injection,['MIDAZOLAM'],['HUMAN PRESCRIPTION DRUG'],"['INTRAMUSCULAR', 'INTRAVENOUS']",['MIDAZOLAM HYDROCHLORIDE']
45963-677-11,"Metoprolol Succinate Tablet, Extended Release","Metoprolol Succinate, Tablet, Extended Release, 100 mg (NDC 45963-677-11)",Tablet,['METOPROLOL SUCCINATE'],['HUMAN PRESCRIPTION DRUG'],['ORAL'],['METOPROLOL SUCCINATE']
0641-0121-25,Hydromorphone Hydrochloride Injection,"Hydromorphone Hydrochloride, Injection, 2 mg/1 mL (NDC 0641-0121-25)",Injection,,,,
0990-4179-05,Amino Acid Injection,"Aminosyn-PF 10%, Injection, 0.1 (NDC 0990-4179-05)",Injection,['AMINOSYN-PF'],['HUMAN PRESCRIPTION DRUG'],['INTRAVENOUS'],"['ISOLEUCINE', 'LEUCINE', 'LYSINE ACETATE', 'METHIONINE', 'PHENYLALANINE', 'THREONINE', 'TRYPTOPHAN', 'VALINE', 'ALANINE', 'ARGININE', 'ASPARTIC ACID', 'GLUTAMIC ACID', 'GLYCINE', 'HISTIDINE', 'PROLINE', 'SERINE', 'TAURINE', 'TYROSINE']"
63323-288-10,Ropivacaine Hydrochloride Injection,"Naropin, Injection, 10 mg/1 mL (NDC 63323-288-10)",Injection,['NAROPIN'],['HUMAN PRESCRIPTION DRUG'],['EPIDURAL'],['ROPIVACAINE HYDROCHLORIDE']
70121-1574-5,Methylprednisolone Acetate Injection,"Methylprednisolone Acetate, Injection, 80 mg/1 mL (NDC 70121-1574-5)",Injection,['METHYLPREDNISOLONE ACETATE'],['HUMAN PRESCRIPTION DRUG'],"['INTRA-ARTICULAR', 'INTRALESIONAL', 'INTRAMUSCULAR', 'SOFT TISSUE']",['METHYLPREDNISOLONE ACETATE']
0002-7752-05,Insulin Lispro Injection,"Insulin Lispro Junior KwikPen, Injection, 100 [iU]/1 mL (NDC 0002-7752-05)",Injection,['INSULIN LISPRO JUNIOR KWIKPEN'],['HUMAN PRESCRIPTION DRUG'],['SUBCUTANEOUS'],['INSULIN LISPRO']
0703-3675-01,Methotrexate Sodium Injection,"Methotrexate Sodium Preservative Free, Injection, 25 mg/1 mL (NDC 0703-3675-01)",Injection,['METHOTREXATE'],['HUMAN PRESCRIPTION DRUG'],"['INTRA-ARTERIAL', 'INTRAMUSCULAR', 'INTRATHECAL', 'INTRAVENOUS']",['METHOTREXATE SODIUM']
0641-6059-01,Midazolam Hydrochloride Injection,"Midazolam Hydrochloride, Injection, 1 mg/1 mL (NDC 0641-6059-01)",Injection,['MIDAZOLAM'],['HUMAN PRESCRIPTION DRUG'],"['INTRAMUSCULAR', 'INTRAVENOUS']",['MIDAZOLAM HYDROCHLORIDE']
0641-6043-25,Ketorolac Tromethamine Injection,"Ketorolac Tromethamine, Injection, 30 mg/1 mL (NDC 0641-6043-25)",Injection,['KETOROLAC TROMETHAMINE'],['HUMAN PRESCRIPTION DRUG'],['INTRAMUSCULAR'],['KETOROLAC TROMETHAMINE']
70069-758-04,Dexmedetomidine Hydrochloride Injection,"Dexmedetomidine Hydrochloride, Injection, 100 ug/1 mL (NDC 70069-758-04)",Injection,['DEXMEDETOMIDINE HYDROCHLORIDE'],['HUMAN PRESCRIPTION DRUG'],['INTRAVENOUS'],['DEXMEDETOMIDINE HYDROCHLORIDE']
63323-288-21,Ropivacaine Hydrochloride Injection,"Naropin, Injection, 10 mg/1 mL (NDC 63323-288-21)",Injection,['NAROPIN'],['HUMAN PRESCRIPTION DRUG'],['EPIDURAL'],['ROPIVACAINE HYDROCHLORIDE']
63323-451-01,Morphine Sulfate Injection,"Morphine Sulfate, Injection, 10 mg/1 mL (NDC 63323-451-01)",Injection,['MORPHINE SULFATE'],['HUMAN PRESCRIPTION DRUG'],"['INTRAMUSCULAR', 'INTRAVENOUS']",['MORPHINE SULFATE']
57844-115-01,"Amphetamine Aspartate Monohydrate, Amphetamine Sulfate, Dextroamphetamine Saccharate, Dextroamphetamine Sulfate Tablet","Adderall, Tablet, 3.75 mg; 3.75 mg; 3.75 mg; 3.75 mg (NDC 57844-115-01)",Tablet,['ADDERALL'],['HUMAN PRESCRIPTION DRUG'],['ORAL'],"['DEXTROAMPHETAMINE SACCHARATE', 'AMPHETAMINE ASPARTATE MONOHYDRATE', 'DEXTROAMPHETAMINE SULFATE', 'AMPHETAMINE SULFATE']"
0409-2305-05,Midazolam Hydrochloride Injection,"Midazolam Hydrochloride Preservative Free, Injection, 5 mg/5 mL (1 mg/mL) (NDC 0409-2305-05)",Injection,['MIDAZOLAM'],['HUMAN PRESCRIPTION DRUG'],"['INTRAMUSCULAR', 'INTRAVENOUS']",['MIDAZOLAM HYDROCHLORIDE']
13668-355-05,Nebivolol Hydrochloride Tablet,"Nebivolol Hydrochloride, Tablet, 10 mg (NDC 13668-355-05)",Tablet,,,,
0378-1134-01,Ketorolac Tromethamine Tablet,"Ketorolac Tromethamine, Tablet, 10 mg (NDC 0378-1134-01)",Tablet,['KETOROLAC TROMETHAMINE'],['HUMAN PRESCRIPTION DRUG'],['ORAL'],['KETOROLAC TROMETHAMINE']
63323-671-20,Dexmedetomidine Hydrochloride Injection,"Dexmedetomidine Hydrochloride, Injection, 4 ug/1 mL (NDC 63323-671-20)",Injection,,,,
0169-4314-30,Semaglutide Tablet,"Rybelsus, Tablet, 14 mg (NDC 0169-4314-30)",Tablet,['RYBELSUS'],['HUMAN PRESCRIPTION DRUG'],['ORAL'],['SEMAGLUTIDE']
0574-7110-12,Morphine Sulfate Suppository,"Morphine Sulfate, Suppository, 5 mg (NDC 0574-7110-12)",Suppository,['MORPHINE SULFATE'],['HUMAN PRESCRIPTION DRUG'],['RECTAL'],['MORPHINE SULFATE']
55513-800-60,Ivabradine Hydrochloride Tablet,"Corlanor, Tablet, eq. 5 mg base (NDC 55513-800-60)",Tablet,['CORLANOR'],['HUMAN PRESCRIPTION DRUG'],['ORAL'],['IVABRADINE HYDROCHLORIDE']
76329-1912-1,Morphine Sulfate Injection,"Morphine Sulfate, Injection, 1 mg/1 mL (NDC 76329-1912-1)",Injection,['MORPHINE SULFATE'],['HUMAN PRESCRIPTION DRUG'],['INTRAVENOUS'],['MORPHINE SULFATE']
0781-2234-31,Omeprazole Delayed Release Capsule,"Omeprazole, Delayed Release Capsule, 40 mg (NDC 0781-2234-31)",,['OMEPRAZOLE'],['HUMAN PRESCRIPTION DRUG'],['ORAL'],['OMEPRAZOLE']
55150-161-02,Lidocaine Hydrochloride Injection,"Lidocaine Hydrochloride, Injection, 10 mg/1 mL (NDC 55150-161-02)",Injection,['LIDOCAINE HYDROCHLORIDE'],['HUMAN PRESCRIPTION DRUG'],"['EPIDURAL', 'INFILTRATION', 'INTRACAUDAL', 'PERINEURAL']",['LIDOCAINE HYDROCHLORIDE']
0990-7923-23,Dextrose Monohydrate 5% Injection,"Dextrose 5% In Plastic Container, Injection, 5 g/100 mL (NDC 0990-7923-23)",Injection,['DEXTROSE'],['HUMAN PRESCRIPTION DRUG'],['INTRAVENOUS'],['DEXTROSE MONOHYDRATE']
0990-7139-36,Sterile Water Irrigant,"Sterile Water In Plastic Container, Irrigant, 1 mL/1 mL (NDC 0990-7139-36)",Irrigant,,,,
49230-209-92,Peritoneal Dialysis Solution,"DELFLEX® w/Dextrose, Solution, 2.5% Low Mg/Low Ca 2L, 5/cs (NDC 49230-209-92)",Solution,['DELFLEX'],['HUMAN PRESCRIPTION DRUG'],['INTRAPERITONEAL'],"['SODIUM CHLORIDE', 'SODIUM LACTATE', 'CALCIUM CHLORIDE', 'MAGNESIUM CHLORIDE', 'DEXTROSE MONOHYDRATE']"
0409-4903-34,Lidocaine Hydrochloride Injection,"Lidocaine Hydrochloride, Injection, 2%, USP (For Cardiac Use Only)  100 mg/5 mL (20 mg/mL) LifeShield® ABBOJECT® Glass Syringe (20 G x 1 1/2) (NDC 0409-4903-34)""",Injection,,,,
25021-821-05,Methylprednisolone Acetate Injection,"Methylprednisolone Acetate, Injection, 80 mg/1 mL (NDC 25021-821-05)",Injection,['METHYLPREDNISOLONE ACETATE'],['HUMAN PRESCRIPTION DRUG'],"['INTRA-ARTICULAR', 'INTRALESIONAL', 'INTRAMUSCULAR', 'INTRASYNOVIAL', 'SOFT TISSUE']",['METHYLPREDNISOLONE ACETATE']
64253-400-91,Atropine Sulfate Injection,"Atropine Sulfate, Injection, 1 mg/10 mL (0.1 mg/mL) Syringes (NDC 64253-400-91)",Injection,['ATROPINE SULFATE'],['HUMAN PRESCRIPTION DRUG'],['INTRAVENOUS'],['ATROPINE SULFATE']
0409-4283-01,Lidocaine Hydrochloride Injection,"Lidocaine Hydrochloride Preservative Free, Injection, 200 mg/5 mL (4%; 40 mg/mL) (NDC 0409-4283-01)",Injection,['LIDOCAINE HYDROCHLORIDE'],['HUMAN PRESCRIPTION DRUG'],"['RETROBULBAR', 'TOPICAL']",['LIDOCAINE HYDROCHLORIDE']
0338-0070-10,Dextrose Monohydrate 5% Injection,"Dextrose 5% In Plastic Container, Injection, 5 g/100 mL (NDC 0338-0070-10)",Injection,['DEXTROSE'],['HUMAN PRESCRIPTION DRUG'],['INTRAVENOUS'],['DEXTROSE MONOHYDRATE']
69489-721-30,Sulconazole Nitrate Solution,"Exelderm, Solution, 1.0% 30 mL (NDC 69489-721-30)",Solution,['EXELDERM'],['HUMAN PRESCRIPTION DRUG'],['TOPICAL'],['SULCONAZOLE NITRATE']
0074-7098-03,Pilocarpine Hydrochloride Ophthalmic Solution,"Vuity, Ophthalmic Solution, 12.5 mg/1 mL (NDC 0074-7098-03)",Ophthalmic Solution,['VUITY'],['HUMAN PRESCRIPTION DRUG'],['OPHTHALMIC'],['PILOCARPINE HYDROCHLORIDE']
63323-485-27,Lidocaine Hydrochloride Injection,"Xylocaine, Injection, 10 mg/1 mL (NDC 63323-485-27)",Injection,['XYLOCAINE'],['HUMAN PRESCRIPTION DRUG'],"['INFILTRATION', 'PERINEURAL']",['LIDOCAINE HYDROCHLORIDE ANHYDROUS']
0641-6040-01,Morphine Sulfate Injection,"Infumorph 500 (Preservative-Free Morphine Sulfate Sterile Solution), Injection, 25 mg/1 mL (NDC 0641-6040-01)",Injection,['INFUMORPH 500'],['HUMAN PRESCRIPTION DRUG'],"['EPIDURAL', 'INTRATHECAL']",['MORPHINE SULFATE']
65219-258-10,"Potassium Chloride, Sodium Chloride, Calcium Chloride, and Magnesium Chloride Injection, Solution","Cardioplegic Solution, Injection, Solution, 17.6 mg/100 mL; 325.3 mg/100 mL; 119.3 mg/100 mL; 643 mg/100 mL (NDC 65219-258-10)",Injection,['CARDIOPLEGIC SOLUTION'],['HUMAN PRESCRIPTION DRUG'],['INTRA-ARTERIAL'],"['POTASSIUM CHLORIDE', 'SODIUM CHLORIDE', 'CALCIUM CHLORIDE', 'MAGNESIUM CHLORIDE']"
0409-4278-01,Lidocaine Hydrochloride Injection,"Lidocaine Hydrochloride, Injection, 250 mg/50 mL (0.5%; 5 mg/mL) (NDC 0409-4278-01)",Injection,['LIDOCAINE HYDROCHLORIDE'],['HUMAN PRESCRIPTION DRUG'],"['INFILTRATION', 'INTRAVENOUS']",['LIDOCAINE HYDROCHLORIDE']
0409-9104-20,Dopamine Hydrochloride Injection,"Dopamine Hydrochloride, Injection, 400 mg/10mL (40 mg/1 mL) (NDC 0409-9104-20)",Injection,['DOPAMINE HYDROCHLORIDE'],['HUMAN PRESCRIPTION DRUG'],['INTRAVENOUS'],['DOPAMINE HYDROCHLORIDE']
0049-3190-01,Voriconazole Injection,"Vfend, Injection, 10 mg/1 mL (NDC 0049-3190-01)",Injection,['VFEND'],['HUMAN PRESCRIPTION DRUG'],['INTRAVENOUS'],['VORICONAZOLE']
42858-167-01,Lisdexamfetamine Dimesylate Capsule,"Lisdexamfetamine Dimesylate, Capsule, 70 mg (NDC 42858-167-01)",Capsule,['LISDEXAMFETAMINE DIMESYLATE'],['HUMAN PRESCRIPTION DRUG'],['ORAL'],['LISDEXAMFETAMINE DIMESYLATE']
0781-2868-10,Omeprazole Delayed Release Capsule,"Omeprazole, Delayed Release Capsule, 20 mg (NDC 0781-2868-10)",,['OMEPRAZOLE'],['HUMAN PRESCRIPTION DRUG'],['ORAL'],['OMEPRAZOLE']
0641-6085-25,Promethazine Hydrochloride Injection,"Phenergan, Injection, 50 mg/1 mL (NDC 0641-6085-25)",Injection,['PHENERGAN'],['HUMAN PRESCRIPTION DRUG'],['INTRAMUSCULAR'],['PROMETHAZINE HYDROCHLORIDE']
64850-503-01,"Amphetamine Aspartate Monohydrate, Amphetamine Sulfate, Dextroamphetamine Saccharate, Dextroamphetamine Sulfate Tablet","Amphetamine Aspartate Monohydrate, Amphetamine Sulfate, Dextroamphetamine Saccharate, Dextroamphetamine Sulfate, Tablet, 3.125 mg; 3.125 mg; 3.125 mg; 3.125 mg (NDC 64850-503-01)",Tablet,"['DEXTROAMPHETAMINE SACCHARATE, AMPHETAMINE ASPARTATE, DEXTROAMPHETAMINE SULFATE AND AMPHETAMINE SULFATE']",['HUMAN PRESCRIPTION DRUG'],['ORAL'],"['DEXTROAMPHETAMINE SACCHARATE', 'AMPHETAMINE ASPARTATE MONOHYDRATE', 'DEXTROAMPHETAMINE SULFATE', 'AMPHETAMINE SULFATE']"
0409-3178-01,"Epinephrine Bitartrate, Lidocaine Hydrochloride Injection","Lidocaine Hydrochloride And Epinephrine, Injection, 200 mg/20 mL (1%; 1:100,000) (NDC 0409-3178-01)",Injection,['LIDOCAINE HYDROCHLORIDE AND EPINEPHRINE'],['HUMAN PRESCRIPTION DRUG'],"['INFILTRATION', 'PERINEURAL']","['LIDOCAINE HYDROCHLORIDE', 'EPINEPHRINE']"
63323-465-57,Bupivacaine Hydrochloride Injection,"Sensorcaine, Injection, 2.5 mg/1 mL (NDC 63323-465-57)",Injection,['SENSORCAINE'],['HUMAN PRESCRIPTION DRUG'],"['INFILTRATION', 'PERINEURAL']",['BUPIVACAINE HYDROCHLORIDE']
68180-659-07,Rifampin Capsule,"Rifampin, Capsule, 300 mg (NDC 68180-659-07)",Capsule,['RIFAMPIN'],['HUMAN PRESCRIPTION DRUG'],['ORAL'],['RIFAMPIN']
60505-4745-1,Lisdexamfetamine Dimesylate Capsule,"Lisdexamfetamine Dimesylate, Capsule, 70 mg (NDC 60505-4745-1)",Capsule,,,,
0006-3066-03,Aprepitant Oral Powder for Suspension,"Emend, Oral Powder for Suspension, 125 mg (NDC 0006-3066-03)",,['EMEND'],['HUMAN PRESCRIPTION DRUG'],['ORAL'],['APREPITANT']
65219-065-05,Rocuronium Bromide Injection,"Rocuronium Bromide, Injection, 10 mg/1 mL (NDC 65219-065-05)",Injection,['ROCURONIUM'],['HUMAN PRESCRIPTION DRUG'],['INTRAVENOUS'],['ROCURONIUM BROMIDE']
43547-606-10,Lisdexamfetamine Dimesylate Capsule,"Lisdexamfetamine Dimesylate, Capsule, 50 mg (NDC 43547-606-10)",Capsule,['LISDEXAMFETAMINE DIMESYLATE'],['HUMAN PRESCRIPTION DRUG'],['ORAL'],['LISDEXAMFETAMINE DIMESYLATE']
0641-6028-25,Fentanyl Citrate Injection,"Fentanyl Citrate, Injection, 50 mcg/1 mL (NDC 0641-6028-25)",Injection,['FENTANYL CITRATE'],['HUMAN PRESCRIPTION DRUG'],"['INTRAMUSCULAR', 'INTRAVENOUS']",['FENTANYL CITRATE']
55150-171-10,Bupivacaine Hydrochloride Injection,"Bupivacaine Hydrochloride, Injection, 7.5 mg/1 mL (NDC 55150-171-10)",Injection,['BUPIVACAINE HYDROCHLORIDE'],['HUMAN PRESCRIPTION DRUG'],"['EPIDURAL', 'RETROBULBAR']",['BUPIVACAINE HYDROCHLORIDE']
55150-195-20,Ropivacaine Hydrochloride Injection,"Ropivacaine Hydrochloride, Injection, 2 mg/1 mL (NDC 55150-195-20)",Injection,['ROPIVACAINE HYDROCHLORIDE'],['HUMAN PRESCRIPTION DRUG'],"['EPIDURAL', 'INFILTRATION', 'PERINEURAL']",['ROPIVACAINE HYDROCHLORIDE']
0406-5114-01,Lisdexamfetamine Dimesylate Capsule,"Lisdexamfetamine Dimesylate, Capsule, 40 mg (NDC 0406-5114-01)",Capsule,,,,
0781-2868-01,Omeprazole Delayed Release Capsule,"Omeprazole, Delayed Release Capsule, 20 mg (NDC 0781-2868-01)",,['OMEPRAZOLE'],['HUMAN PRESCRIPTION DRUG'],['ORAL'],['OMEPRAZOLE']
70069-631-25,Atropine Sulfate Injection,"Atropine Sulfate, Injection, .4 mg/1 mL (NDC 70069-631-25)",Injection,['ATROPINE SULFATE'],['HUMAN PRESCRIPTION DRUG'],['INTRAVENOUS'],['ATROPINE SULFATE']
64850-554-01,Lisdexamfetamine Dimesylate Capsule,"Lisdexamfetamine Dimesylate, Capsule, 50 mg (NDC 64850-554-01)",Capsule,['LISDEXAMFETAMINE DIMESYLATE'],['HUMAN PRESCRIPTION DRUG'],['ORAL'],['LISDEXAMFETAMINE DIMESYLATE']
0173-0715-22,"Fluticasone Propionate and Salmeterol Xinafoate Aerosol, Metered","Advair HFA, Aerosol, Metered, 45 ug; 21 ug (NDC 0173-0715-22)",,['ADVAIR HFA'],['HUMAN PRESCRIPTION DRUG'],['RESPIRATORY (INHALATION)'],"['FLUTICASONE PROPIONATE', 'SALMETEROL XINAFOATE']"
63323-285-63,Ropivacaine Hydrochloride Injection,"Naropin, Injection, 2 mg/1 mL (NDC 63323-285-63)",Injection,['NAROPIN'],['HUMAN PRESCRIPTION DRUG'],"['EPIDURAL', 'INFILTRATION']",['ROPIVACAINE HYDROCHLORIDE']
0527-4665-37,Lisdexamfetamine Dimesylate Capsule,"Lisdexamfetamine Dimesylate, Capsule, 50 mg (NDC 0527-4665-37)",Capsule,,,,
46163-206-92,Peritoneal Dialysis Solution,"DELFLEX® w/Dextrose, Solution, 1.5% Low Mg/Low Ca 2L, 5/cs (NDC 46163-206-92)",Solution,['DELFLEX'],['HUMAN PRESCRIPTION DRUG'],['INTRAPERITONEAL'],"['DEXTROSE MONOHYDRATE', 'SODIUM CHLORIDE', 'SODIUM LACTATE', 'CALCIUM CHLORIDE', 'MAGNESIUM CHLORIDE']"
39822-4200-2,Rocuronium Bromide Injection,"Rocuronium Bromide, Injection, 50 mg/5 mL (NDC 39822-4200-2)",Injection,['ROCURONIUM BROMIDE'],['HUMAN PRESCRIPTION DRUG'],['INTRAVENOUS'],['ROCURONIUM BROMIDE']
0641-6002-10,Lorazepam Injection,"Ativan, Injection, 4 mg/1 mL (NDC 0641-6002-10)",Injection,,,,
63323-460-37,"Bupivacaine Hydrochloride, Epinephrine Bitartrate Injection","Sensorcaine, Injection, 7.5 mg/1 mL; .005 mg/1 mL (NDC 63323-460-37)",Injection,['SENSORCAINE MPF'],['HUMAN PRESCRIPTION DRUG'],"['EPIDURAL', 'RETROBULBAR']","['BUPIVACAINE HYDROCHLORIDE', 'EPINEPHRINE BITARTRATE']"
0409-4887-99,Sterile Water Injection,"Sterile Water, Injection, 1 mL/1 mL (NDC 0409-4887-99)",Injection,['STERILE WATER'],['HUMAN PRESCRIPTION DRUG'],"['INTRAMUSCULAR', 'INTRAVENOUS', 'SUBCUTANEOUS']",['WATER']
72205-135-91,"Lisdexamfetamine Dimesylate Tablet, Chewable","Lisdexamfetamine Dimesylate, Tablet, Chewable, 40 mg (NDC 72205-135-91)","Tablet, Chewable",['LISDEXAMFETAMINE DIMESYLATE'],['HUMAN PRESCRIPTION DRUG'],['ORAL'],['LISDEXAMFETAMINE DIMESYLATE']
0409-1896-20,Morphine Sulfate Injection,"Morphine Sulfate, Injection, 50 mg/1 mL (NDC 0409-1896-20)",Injection,['MORPHINE SULFATE'],['HUMAN PRESCRIPTION DRUG'],['INTRAVENOUS'],['MORPHINE SULFATE']
70069-061-25,Ropivacaine Hydrochloride Injection,"Ropivacaine Hydrochloride, Injection, 2 mg/1 mL (NDC 70069-061-25)",Injection,['ROPIVACAINE HYDROCHLORIDE'],['HUMAN PRESCRIPTION DRUG'],"['EPIDURAL', 'INFILTRATION', 'PERINEURAL']",['ROPIVACAINE HYDROCHLORIDE']
61703-408-25,Methotrexate Sodium Injection,"Methotrexate Sodium, Injection, 1 g/40 mL (25 mg/mL) (NDC 61703-408-25)",Injection,['METHOTREXATE'],['HUMAN PRESCRIPTION DRUG'],"['INTRAMUSCULAR', 'INTRATHECAL', 'INTRAVENOUS', 'SUBCUTANEOUS']",['METHOTREXATE SODIUM']
63323-578-02,Glycopyrrolate Injection,"Glycopyrrolate, Injection, 0.4 mg per 2 mL (NDC 63323-578-02)",Injection,['GLYCOPYRROLATE'],['HUMAN PRESCRIPTION DRUG'],"['INTRAMUSCULAR', 'INTRAVENOUS']",['GLYCOPYRROLATE']
0941-0413-06,"Calcium Chloride; Dextrose; Magnesium Chloride; Sodium Chloride; Sodium Lactate Intraperitoneal Injection, Solution","DIANEAL PD-2 with Dextrose, Intraperitoneal Injection, Solution, 25.7 mg/100 mL; 2.5 g/100 mL; 5.08 mg/100 mL; 538 mg/100 mL; 448 mg/100 mL (NDC 0941-0413-06)",Solution,['DIANEAL PD-2 WITH DEXTROSE'],['HUMAN PRESCRIPTION DRUG'],['INTRAPERITONEAL'],"['DEXTROSE MONOHYDRATE', 'SODIUM CHLORIDE', 'SODIUM LACTATE', 'CALCIUM CHLORIDE', 'MAGNESIUM CHLORIDE']"
0338-0004-04,Sterile Water Irrigant,"Sterile Water, Irrigant, 100 mL/100 mL (NDC 0338-0004-04)",Irrigant,['STERILE WATER'],['HUMAN PRESCRIPTION DRUG'],['IRRIGATION'],['WATER']
0641-6044-25,Lorazepam Injection,"Lorazepam, Injection, 2 mg/1 mL (NDC 0641-6044-25)",Injection,['LORAZEPAM'],['HUMAN PRESCRIPTION DRUG'],"['INTRAMUSCULAR', 'INTRAVENOUS']",['LORAZEPAM']
0409-0801-01,Pentostatin Injection,"Nipent, Injection, 10 mg, single dose vial  (NDC 0409-0801-01)",Injection,['NIPENT'],['HUMAN PRESCRIPTION DRUG'],['INTRAVENOUS'],['PENTOSTATIN']
0409-5555-01,Sodium Bicarbonate Injection,"Sodium Bicarbonate, Injection, 2.5 mEq/5 mL (4.2%, 0.5 mEq/mL) (NDC 0409-5555-01)",Injection,['SODIUM BICARBONATE'],['HUMAN PRESCRIPTION DRUG'],['INTRAVENOUS'],['SODIUM BICARBONATE']
62037-725-01,"Methylphenidate Hydrochloride Tablet, Extended Release","Methylphenidate Hydrochloride, Tablet, Extended Release, 18 mg (NDC 62037-725-01)",Tablet,['METHYLPHENIDATE HYDROCHLORIDE'],['HUMAN PRESCRIPTION DRUG'],['ORAL'],['METHYLPHENIDATE HYDROCHLORIDE']
0264-9872-10,Heparin Sodium Injection,"Heparin Sodium 1,000 Units In Sodium Chloride 0.9% In Plastic Container, Injection, 200 [USP'U]/100 mL (NDC 0264-9872-10)",Injection,['HEPARIN SODIUM IN SODIUM CHLORIDE'],['HUMAN PRESCRIPTION DRUG'],['INTRAVENOUS'],['HEPARIN SODIUM']
63323-172-60,Carboplatin Injection,"Carboplatin, Injection, 10 mg/1 mL (NDC 63323-172-60)",Injection,['CARBOPLATIN'],['HUMAN PRESCRIPTION DRUG'],['INTRAVENOUS'],['CARBOPLATIN']
83301-0081-2,Bumetanide Injection,"Bumetanide, Injection, 2.5 mg/10 mL (0.25 mg/mL) (NDC 83301-0081-2)",Injection,['BUMETANIDE'],['HUMAN PRESCRIPTION DRUG'],"['INTRAMUSCULAR', 'INTRAVENOUS']",['BUMETANIDE']
0409-1178-30,Meperidine Hydrochloride Injection,"Demerol, Injection, 50 mg/1 mL (NDC 0409-1178-30)",Injection,['DEMEROL'],['HUMAN PRESCRIPTION DRUG'],"['INTRAMUSCULAR', 'INTRAVENOUS', 'SUBCUTANEOUS']",['MEPERIDINE HYDROCHLORIDE']
62135-484-60,Quinapril Hydrochloride Tablet,"Quinapril Hydrochloride, Tablet, 5 mg (NDC 62135-484-60)",Tablet,['QUINAPRIL'],['HUMAN PRESCRIPTION DRUG'],['ORAL'],['QUINAPRIL HYDROCHLORIDE']
45567-0060-1,Technetium TC-99M Pyrophosphate Kit Injection,"CIS-PYRO, Injection, 12 mg/10 mL (NDC 45567-0060-1)",Injection,['KIT FOR THE PREPARATION OF TECHNETIUM TC99M PYROPHOSPHATE'],['HUMAN PRESCRIPTION DRUG'],['INTRAVENOUS'],['TECHNETIUM TC-99M PYROPHOSPHATE']
45963-676-11,"Metoprolol Succinate Tablet, Extended Release","Metoprolol Succinate, Tablet, Extended Release, 50 mg (NDC 45963-676-11)",Tablet,['METOPROLOL SUCCINATE'],['HUMAN PRESCRIPTION DRUG'],['ORAL'],['METOPROLOL SUCCINATE']
0185-0842-01,"Amphetamine Aspartate Monohydrate, Amphetamine Sulfate, Dextroamphetamine Saccharate, Dextroamphetamine Sulfate Tablet","Amphetamine Aspartate Monohydrate, Amphetamine Sulfate, Dextroamphetamine Saccharate, Dextroamphetamine Sulfate, Tablet, 2.5 mg; 2.5 mg; 2.5 mg; 2.5 mg (NDC 0185-0842-01)",Tablet,"['DEXTROAMPHETAMINE SACCHARATE, AMPHETAMINE ASPARTATE MONOHYDRATE, DEXTROAMPHETAMINE SULFATE AND AMPHETAMINE SULFATE']",['HUMAN PRESCRIPTION DRUG'],['ORAL'],"['DEXTROAMPHETAMINE SACCHARATE', 'AMPHETAMINE ASPARTATE MONOHYDRATE', 'DEXTROAMPHETAMINE SULFATE', 'AMPHETAMINE SULFATE']"
0009-0395-14,Clindamycin Hydrochloride Capsule,"Cleocin Hydrochloride, Capsule, 300 mg (NDC 0009-0395-14)",Capsule,,,,
63323-464-37,Bupivacaine Hydrochloride Injection,"Sensorcaine, Injection, 2.5 mg/1 mL (NDC 63323-464-37)",Injection,['SENSORCAINE MPF'],['HUMAN PRESCRIPTION DRUG'],"['EPIDURAL', 'INFILTRATION', 'INTRACAUDAL', 'PERINEURAL']",['BUPIVACAINE HYDROCHLORIDE']
70010-117-01,"Amphetamine Aspartate Monohydrate, Amphetamine Sulfate, Dextroamphetamine Saccharate, Dextroamphetamine Sulfate Tablet","Amphetamine Aspartate Monohydrate, Amphetamine Sulfate, Dextroamphetamine Saccharate, Dextroamphetamine Sulfate, Tablet, 7.5 mg; 7.5 mg; 7.5 mg; 7.5 mg (NDC 70010-117-01)",Tablet,"['DEXTROAMPHETAMINE SACCHARATE, AMPHETAMINE ASPARTATE, DEXTROAMPHETAMINE SULFATE AND AMPHETAMINE SULFATE']",['HUMAN PRESCRIPTION DRUG'],['ORAL'],"['AMPHETAMINE ASPARTATE MONOHYDRATE', 'DEXTROAMPHETAMINE SULFATE', 'AMPHETAMINE SULFATE', 'DEXTROAMPHETAMINE SACCHARATE']"
13668-353-30,Nebivolol Hydrochloride Tablet,"Nebivolol Hydrochloride, Tablet, 2.5 mg (NDC 13668-353-30)",Tablet,,,,
0143-9785-10,Valproate Sodium Injection,"Valproate Sodium, Injection, 500 mg/5 mL (NDC 0143-9785-10)",Injection,['VALPROATE SODIUM'],['HUMAN PRESCRIPTION DRUG'],['INTRAVENOUS'],['VALPROATE SODIUM']
0641-6056-10,Midazolam Hydrochloride Injection,"Midazolam Hydrochloride, Injection, 1 mg/1 mL (NDC 0641-6056-10)",Injection,['MIDAZOLAM'],['HUMAN PRESCRIPTION DRUG'],"['INTRAMUSCULAR', 'INTRAVENOUS']",['MIDAZOLAM HYDROCHLORIDE']
0409-2634-05,Hydromorphone Hydrochloride Injection,"Hydromorphone Hydrochloride, Injection, 50 mg/5 mL (10 mg/mL) (NDC 0409-2634-05)",Injection,['HYDROMORPHONE HYDROCHLORIDE'],['HUMAN PRESCRIPTION DRUG'],"['INTRAMUSCULAR', 'INTRAVENOUS', 'SUBCUTANEOUS']",['HYDROMORPHONE HYDROCHLORIDE']
0338-3814-50,Clindamycin Phosphate Injection,"Clindamycin Phosphate, Injection, 900 mg/50 mL (NDC 0338-3814-50)",Injection,['CLINDAMYCIN PHOSPHATE'],['HUMAN PRESCRIPTION DRUG'],['INTRAVENOUS'],['CLINDAMYCIN PHOSPHATE']
0409-1749-10,"Bupivacaine Hydrochloride, Epinephrine Bitartrate Injection","Marcaine With Epinephrine, Injection, Marcaine with Epinephrine 1:200,000 as the bitartrate 50 mg/10 mL (5 mg/mL 1:200,000) (NDC 0409-1749-10)",Injection,['MARCAINE WITH EPINEPHRINE'],['HUMAN PRESCRIPTION DRUG'],"['EPIDURAL', 'INTRACAUDAL', 'PERINEURAL']","['BUPIVACAINE HYDROCHLORIDE', 'EPINEPHRINE BITARTRATE']"
68025-088-30,"Methylphenidate Hydrochloride Tablet, Extended Release","Relexxii, Tablet, Extended Release, 45 mg (NDC 68025-088-30)",Tablet,['RELEXXII'],['HUMAN PRESCRIPTION DRUG'],['ORAL'],['METHYLPHENIDATE HYDROCHLORIDE']
0143-9872-10,Propranolol Hydrochloride Injection,"Propranolol Hydrochloride, Injection, 1 mg/1 mL (NDC 0143-9872-10)",Injection,['PROPRANOLOL HYDROCHLORIDE'],['HUMAN PRESCRIPTION DRUG'],['INTRAVENOUS'],['PROPRANOLOL HYDROCHLORIDE']
51759-523-21,Adalimumab-ryvk Kit,"Simlandi, Kit, Kit (NDC 51759-523-21)",,['SIMLANDI'],['HUMAN PRESCRIPTION DRUG'],,
13668-354-90,Nebivolol Hydrochloride Tablet,"Nebivolol Hydrochloride, Tablet, 5 mg (NDC 13668-354-90)",Tablet,,,,
72336-032-01,Isocarboxazid Tablet,"Marplan, Tablet, 10 mg, 100 count bottle (NDC 72336-032-01)",Tablet,['MARPLAN'],['HUMAN PRESCRIPTION DRUG'],['ORAL'],['ISOCARBOXAZID']
67457-421-30,Dexamethasone Sodium Phosphate Injection,"Dexamethasone Sodium Phosphate, Injection, 4 mg/1 mL (NDC 67457-421-30)",Injection,['DEXAMETHASONE SODIUM PHOSPHATE'],['HUMAN PRESCRIPTION DRUG'],"['INTRA-ARTICULAR', 'INTRALESIONAL', 'INTRAMUSCULAR', 'INTRAVENOUS', 'SOFT TISSUE']",['DEXAMETHASONE SODIUM PHOSPHATE']
0093-7353-01,Calcitriol Capsule,"Calcitriol, Capsule, .5 ug (NDC 0093-7353-01)",Capsule,['CALCITRIOL'],['HUMAN PRESCRIPTION DRUG'],['ORAL'],['CALCITRIOL']
0009-0274-01,Methylprednisolone Acetate Injection,"Depo-medrol, Injection, 20 mg/1 mL (NDC 0009-0274-01)",Injection,['DEPO-MEDROL'],['HUMAN PRESCRIPTION DRUG'],"['INTRALESIONAL', 'INTRAMUSCULAR', 'INTRASYNOVIAL', 'SOFT TISSUE']",['METHYLPREDNISOLONE ACETATE']
68180-558-09,Quinapril Hydrochloride Tablet,"Quinapril Hydrochloride, Tablet, 20 mg (NDC 68180-558-09)",Tablet,['QUINAPRIL'],['HUMAN PRESCRIPTION DRUG'],['ORAL'],['QUINAPRIL HYDROCHLORIDE']
0409-1159-02,Bupivacaine Hydrochloride Injection,"Bupivacaine Hydrochloride, Injection, 75 mg/30 mL (2.5 mg/mL) (NDC 0409-1159-02)",Injection,['BUPIVACAINE HYDROCHLORIDE'],['HUMAN PRESCRIPTION DRUG'],"['EPIDURAL', 'INFILTRATION', 'INTRACAUDAL', 'PERINEURAL']",['BUPIVACAINE HYDROCHLORIDE']
0409-4910-34,Atropine Sulfate Injection,"Atropine Sulfate, Injection, (Adult) 0.5 mg/5 mL (0.1 mg/mL) LifeShield® ABBOJECT® Glass Syringe (20 G x 1 1/2) (NDC 0409-4910-34)""",Injection,,,,
63323-161-01,Ketorolac Tromethamine Injection,"Ketorolac Tromethamine, Injection, 15 mg/1 mL (NDC 63323-161-01)",Injection,['KETOROLAC TROMETHAMINE'],['HUMAN PRESCRIPTION DRUG'],"['INTRAMUSCULAR', 'INTRAVENOUS']",['KETOROLAC TROMETHAMINE']
43598-975-58,Dexmedetomidine Hydrochloride Injection,"Dexmedetomidine Hydrochloride, Injection, 4 ug/1 mL (NDC 43598-975-58)",Injection,['DEXMEDETOMIDINE HYDROCHLORIDE'],['HUMAN PRESCRIPTION DRUG'],['INTRAVENOUS'],['DEXMEDETOMIDINE HYDROCHLORIDE']
21586-012-02,"Cefotaxime Sodium Powder, for Solution","Cefotaxime Sodium, Powder, for Solution, 2 g (NDC 21586-012-02)","Powder, For Solution",['CEFOTAXIME'],['HUMAN PRESCRIPTION DRUG'],"['INTRAMUSCULAR', 'INTRAVENOUS']",['CEFOTAXIME SODIUM']
0641-6125-25,Morphine Sulfate Injection,"Morphine Sulfate, Injection, 4 mg/1 mL (NDC 0641-6125-25)",Injection,['MORPHINE SULFATE'],['HUMAN PRESCRIPTION DRUG'],['INTRAVENOUS'],['MORPHINE SULFATE']
15054-0025-1,Palovarotene Capsule,"SOHONOS, Capsule, 2.5 mg (NDC 15054-0025-1)",Capsule,['SOHONOS'],['HUMAN PRESCRIPTION DRUG'],['ORAL'],['PALOVAROTENE']
31722-277-32,Bupivacaine Hydrochloride Injection,"Bupivacaine Hydrochloride, Injection, 7.5 mg/1 mL (NDC 31722-277-32)",Injection,['BUPIVACAINE HYDROCHLORIDE'],['HUMAN PRESCRIPTION DRUG'],"['EPIDURAL', 'RETROBULBAR']",['BUPIVACAINE HYDROCHLORIDE']
62037-720-05,"Potassium Chloride Tablet, Extended Release","Potassium Chloride, Tablet, Extended Release, 20 meq (NDC 62037-720-05)",Tablet,['POTASSIUM CHLORIDE'],['HUMAN PRESCRIPTION DRUG'],['ORAL'],['POTASSIUM CHLORIDE']
0555-0974-02,"Amphetamine Aspartate Monohydrate, Amphetamine Sulfate, Dextroamphetamine Saccharate, Dextroamphetamine Sulfate Tablet","Amphetamine Aspartate Monohydrate, Amphetamine Sulfate, Dextroamphetamine Saccharate, Dextroamphetamine Sulfate, Tablet, 7.5 mg; 7.5 mg; 7.5 mg; 7.5 mg (NDC 0555-0974-02)",Tablet,"['DEXTROAMPHETAMINE SACCHARATE, AMPHETAMINE ASPARTATE, DEXTROAMPHETAMINE SULFATE AND AMPHETAMINE SULFATE']",['HUMAN PRESCRIPTION DRUG'],['ORAL'],"['DEXTROAMPHETAMINE SACCHARATE', 'AMPHETAMINE ASPARTATE MONOHYDRATE', 'DEXTROAMPHETAMINE SULFATE', 'AMPHETAMINE SULFATE']"
63323-824-76,Dextrose Monohydrate 10% Injection,"Dextrose 10% In Plastic Container, Injection, 100 mg/1 mL (NDC 63323-824-76)",Injection,['DEXTROSE'],['HUMAN PRESCRIPTION DRUG'],['INTRAVENOUS'],['DEXTROSE MONOHYDRATE']
0574-7112-12,Morphine Sulfate Suppository,"Morphine Sulfate, Suppository, 10 mg (NDC 0574-7112-12)",Suppository,['MORPHINE SULFATE'],['HUMAN PRESCRIPTION DRUG'],['RECTAL'],['MORPHINE SULFATE']
68180-557-09,Quinapril Hydrochloride Tablet,"Quinapril Hydrochloride, Tablet, 10 mg (NDC 68180-557-09)",Tablet,['QUINAPRIL'],['HUMAN PRESCRIPTION DRUG'],['ORAL'],['QUINAPRIL HYDROCHLORIDE']
0941-0430-51,"Calcium Chloride; Dextrose; Magnesium Chloride; Sodium Chloride; Sodium Lactate Intraperitoneal Injection, Solution","DIANEAL Low Calcium with Dextrose, Intraperitoneal Injection, Solution, 18.3 mg/100 mL; 2.5 g/100 mL; 5.08 mg/100 mL; 538 mg/100 mL; 448 mg/100 mL (NDC 0941-0430-51)",Solution,['DIANEAL LOW CALCIUM WITH DEXTROSE'],['HUMAN PRESCRIPTION DRUG'],['INTRAPERITONEAL'],"['DEXTROSE MONOHYDRATE', 'SODIUM CHLORIDE', 'SODIUM LACTATE', 'CALCIUM CHLORIDE', 'MAGNESIUM CHLORIDE']"
0641-1496-35,Promethazine Hydrochloride Injection,"Promethazine Hydrochloride, Injection, 50 mg/1 mL (NDC 0641-1496-35)",Injection,['PROMETHAZINE HYDROCHLORIDE'],['HUMAN PRESCRIPTION DRUG'],['INTRAMUSCULAR'],['PROMETHAZINE HYDROCHLORIDE']
0409-4282-01,Lidocaine Hydrochloride Injection,"Lidocaine Hydrochloride, Injection, 40 mg/2 mL (2%; 20 mg/mL) (NDC 0409-4282-01)",Injection,['LIDOCAINE HYDROCHLORIDE'],['HUMAN PRESCRIPTION DRUG'],"['EPIDURAL', 'INFILTRATION', 'INTRACAUDAL', 'PERINEURAL']",['LIDOCAINE HYDROCHLORIDE']
0228-2551-06,"Diclofenac Sodium Tablet, Delayed Release","Diclofenac Sodium, Tablet, Delayed Release, 75 mg (NDC 0228-2551-06)",Tablet,['DICLOFENAC SODIUM'],['HUMAN PRESCRIPTION DRUG'],['ORAL'],['DICLOFENAC SODIUM']
43547-407-11,Clonazepam Tablet,"Clonazepam, Tablet, 1 mg (NDC 43547-407-11)",Tablet,['CLONAZEPAM'],['HUMAN PRESCRIPTION DRUG'],['ORAL'],['CLONAZEPAM']
49230-209-94,Peritoneal Dialysis Solution,"DELFLEX® w/Dextrose, Solution, 2.5% Low Mg/Low Ca 2.5L/3L, 5/cs (NDC 49230-209-94)",Solution,['DELFLEX'],['HUMAN PRESCRIPTION DRUG'],['INTRAPERITONEAL'],"['SODIUM CHLORIDE', 'SODIUM LACTATE', 'CALCIUM CHLORIDE', 'MAGNESIUM CHLORIDE', 'DEXTROSE MONOHYDRATE']"
0781-3220-92,Rocuronium Bromide Injection,"Rocuronium Bromide, Injection, 10 mg/1 mL (NDC 0781-3220-92)",Injection,['ROCURONIUM BROMIDE'],['HUMAN PRESCRIPTION DRUG'],['INTRAVENOUS'],['ROCURONIUM BROMIDE']
54288-166-01,Carboplatin Injection,"Carboplatin, Injection, 450mg/45mL (NDC 54288-166-01)",Injection,['CARBOPLATIN'],['HUMAN PRESCRIPTION DRUG'],['INTRAVENOUS'],['CARBOPLATIN']
0143-9392-10,Remifentanil Hydrochloride Injection,"Remifentanil Hydrochloride, Injection, 2 mg per vial (NDC 0143-9392-10)",Injection,['REMIFENTANIL HYDROCHLORIDE'],['HUMAN PRESCRIPTION DRUG'],['INTRAVENOUS'],['REMIFENTANIL HYDROCHLORIDE']
60505-4741-1,Lisdexamfetamine Dimesylate Capsule,"Lisdexamfetamine Dimesylate, Capsule, 30 mg (NDC 60505-4741-1)",Capsule,,,,
0409-2344-02,Dobutamine Hydrochloride Injection,"Dobutamine Hydrochloride, Injection, 250 mg/20mL (12.5 mg/1 mL) (NDC 0409-2344-02)",Injection,['DOBUTAMINE'],['HUMAN PRESCRIPTION DRUG'],['INTRAVENOUS'],['DOBUTAMINE HYDROCHLORIDE']
69784-200-96,Cromolyn Sodium Concentrate,"Cromolyn Sodium, Concentrate, 100 mg/5 mL (NDC 69784-200-96)",Concentrate,,,,
0074-7098-04,Pilocarpine Hydrochloride Ophthalmic Solution,"Vuity, Ophthalmic Solution, 12.5 mg/1 mL (NDC 0074-7098-04)",Ophthalmic Solution,['VUITY'],['HUMAN PRESCRIPTION DRUG'],['OPHTHALMIC'],['PILOCARPINE HYDROCHLORIDE']
0603-5168-32,Phenobarbital Tablet,"Phenobarbital, Tablet, 97.2 mg (NDC 0603-5168-32)",Tablet,['PHENOBARBITAL'],['HUMAN PRESCRIPTION DRUG'],['ORAL'],['PHENOBARBITAL']
61703-150-05,Carboplatin Injection,"Carboplatin, Injection, 150 mg/15 mL (10 mg/mL) (NDC 61703-150-05)",Injection,['CARBOPLATIN'],['HUMAN PRESCRIPTION DRUG'],['INTRAVENOUS'],['CARBOPLATIN']
16729-484-90,Atropine Sulfate Injection,"Atropine Sulfate, Injection, .1 mg/1 mL (NDC 16729-484-90)",Injection,['ATROPINE SULFATE'],['HUMAN PRESCRIPTION DRUG'],['INTRAVENOUS'],['ATROPINE SULFATE']
57664-049-88,Lisdexamfetamine Dimesylate Capsule,"Lisdexamfetamine Dimesylate, Capsule, 40 mg (NDC 57664-049-88)",Capsule,['LISDEXAMFETAMINE DIMESYLATE'],['HUMAN PRESCRIPTION DRUG'],['ORAL'],['LISDEXAMFETAMINE DIMESYLATE']
61958-0602-1,Emtricitabine Oral Solution,"Emtriva, Oral Solution, 10 mg/1 mL (NDC 61958-0602-1)",Oral Solution,['EMTRIVA'],['HUMAN PRESCRIPTION DRUG'],['ORAL'],['EMTRICITABINE']
16729-710-45,"Dehydrated Alcohol Injection, Solution","Dehydrated Alcohol, Injection, Solution, 1 mL/1 mL (10 pack) (NDC 16729-710-45)",Injection,['DEHYDRATED ALCOHOL'],['HUMAN PRESCRIPTION DRUG'],['PERCUTANEOUS'],['ALCOHOL']
65862-620-90,Quinapril Hydrochloride Tablet,"Quinapril Hydrochloride, Tablet, 40 mg (NDC 65862-620-90)",Tablet,['QUINAPRIL'],['HUMAN PRESCRIPTION DRUG'],['ORAL'],['QUINAPRIL HYDROCHLORIDE']
0781-3220-95,Rocuronium Bromide Injection,"Rocuronium Bromide, Injection, 10 mg/1 mL (NDC 0781-3220-95)",Injection,['ROCURONIUM BROMIDE'],['HUMAN PRESCRIPTION DRUG'],['INTRAVENOUS'],['ROCURONIUM BROMIDE']
0338-0644-03,Amino Acid Injection,"Travasol, Injection, 2.07 g/100 mL; 1.15 g/100 mL; 1.03 g/100 mL; 480 mg/100 mL; 600 mg/100 mL; 730 mg/100 mL; 580 mg/100 mL; 400 mg/100 mL; 560 mg/100 mL; 680 mg/100 mL; 500 mg/100 mL; 420 mg/100 mL; 180 mg/100 mL; 40 mg/100 mL; 580 mg/100 mL (NDC 0338-0644-03)",Injection,['TRAVASOL'],['HUMAN PRESCRIPTION DRUG'],['INTRAVENOUS'],"['LEUCINE', 'PHENYLALANINE', 'LYSINE HYDROCHLORIDE', 'METHIONINE', 'ISOLEUCINE', 'VALINE', 'HISTIDINE', 'THREONINE', 'TRYPTOPHAN', 'ALANINE', 'GLYCINE', 'ARGININE', 'PROLINE', 'TYROSINE', 'SERINE']"
71288-700-06,Rocuronium Bromide Injection,"Rocuronium Bromide, Injection, 10 mg/1 mL (NDC 71288-700-06)",Injection,['ROCURONIUM BROMIDE'],['HUMAN PRESCRIPTION DRUG'],['INTRAVENOUS'],['ROCURONIUM BROMIDE']
0480-3567-01,Lisdexamfetamine Dimesylate Capsule,"Lisdexamfetamine Dimesylate, Capsule, 30 mg (NDC 0480-3567-01)",Capsule,['LISDEXAMFETAMINE DIMESYLATE'],['HUMAN PRESCRIPTION DRUG'],['ORAL'],['LISDEXAMFETAMINE DIMESYLATE']
65219-445-10,Etomidate Injection,"Etomidate, Injection, 2mg/1 mL (NDC 65219-445-10)",Injection,['ETOMIDATE'],['HUMAN PRESCRIPTION DRUG'],['INTRAVENOUS'],['ETOMIDATE']
52536-125-10,Dexmedetomidine Hydrochloride Injection,"Dexmedetomidine Hydrochloride, Injection, 200 mcg/50 mL (4 ug/1 mL) (NDC 52536-125-10)",Injection,['DEXMEDETOMIDINE HYDROCHLORIDE'],['HUMAN PRESCRIPTION DRUG'],['INTRAVENOUS'],['DEXMEDETOMIDINE HYDROCHLORIDE']
63323-351-20,Rifampin Injection,"Rifampin, Injection, 600 mg (NDC 63323-351-20)",Injection,['RIFAMPIN'],['HUMAN PRESCRIPTION DRUG'],['INTRAVENOUS'],['RIFAMPIN']
